2026-08-21 17:55:55,790 - INFO - =======================Training X_train_scaled=============================
2026-08-21 17:55:55,790 - INFO - ================== Training Model 0 ==================
2026-08-21 17:55:55,886 - INFO - 
========== Fold 1/5 ==========
2026-08-21 17:57:17,841 - INFO - Epoch 1: new best validation PR-AUC = 0.7328
2026-08-21 17:57:17,843 - INFO - Epoch 1/50, loss=0.0307, train_acc=0.9966, train_precision=0.0000, train_recall=0.0000, train_f1=0.0000, train_roc_auc=0.9206, train_pr_auc=0.0552, valid_acc=0.9983, valid_precision=0.0000, valid_recall=0.0000, valid_f1=0.0000, valid_roc_auc=0.9617, valid_pr_auc=0.7328
2026-08-21 17:58:31,813 - INFO - Epoch 2: new best validation PR-AUC = 0.7673
2026-08-21 17:58:31,813 - INFO - Epoch 2/50, loss=0.0038, train_acc=0.9983, train_precision=0.0000, train_recall=0.0000, train_f1=0.0000, train_roc_auc=0.9720, train_pr_auc=0.7281, valid_acc=0.9983, valid_precision=0.0000, valid_recall=0.0000, valid_f1=0.0000, valid_roc_auc=0.9683, valid_pr_auc=0.7673
2026-08-21 17:59:44,085 - INFO - Epoch 3/50, loss=0.0034, train_acc=0.9985, train_precision=0.8113, train_recall=0.1419, train_f1=0.2416, train_roc_auc=0.9844, train_pr_auc=0.7354, valid_acc=0.9995, valid_precision=0.9048, valid_recall=0.7600, valid_f1=0.8261, valid_roc_auc=0.9714, valid_pr_auc=0.7638
2026-08-21 18:00:56,420 - INFO - Epoch 4: new best validation PR-AUC = 0.7744
2026-08-21 18:00:56,420 - INFO - Epoch 4/50, loss=0.0032, train_acc=0.9994, train_precision=0.8626, train_recall=0.7459, train_f1=0.8000, train_roc_auc=0.9854, train_pr_auc=0.7437, valid_acc=0.9994, valid_precision=0.8788, valid_recall=0.7733, valid_f1=0.8227, valid_roc_auc=0.9715, valid_pr_auc=0.7744
2026-08-21 18:02:08,988 - INFO - Epoch 5: new best validation PR-AUC = 0.7753
2026-08-21 18:02:08,988 - INFO - Epoch 5/50, loss=0.0030, train_acc=0.9994, train_precision=0.8618, train_recall=0.7822, train_f1=0.8201, train_roc_auc=0.9888, train_pr_auc=0.7499, valid_acc=0.9995, valid_precision=0.9091, valid_recall=0.8000, valid_f1=0.8511, valid_roc_auc=0.9717, valid_pr_auc=0.7753
2026-08-21 18:03:20,614 - INFO - Epoch 6/50, loss=0.0028, train_acc=0.9994, train_precision=0.8351, train_recall=0.7855, train_f1=0.8095, train_roc_auc=0.9859, train_pr_auc=0.7677, valid_acc=0.9995, valid_precision=0.8955, valid_recall=0.8000, valid_f1=0.8451, valid_roc_auc=0.9676, valid_pr_auc=0.7682
2026-08-21 18:04:32,444 - INFO - Epoch 7: new best validation PR-AUC = 0.7775
2026-08-21 18:04:32,444 - INFO - Epoch 7/50, loss=0.0027, train_acc=0.9994, train_precision=0.8275, train_recall=0.7756, train_f1=0.8007, train_roc_auc=0.9895, train_pr_auc=0.7479, valid_acc=0.9995, valid_precision=0.9091, valid_recall=0.8000, valid_f1=0.8511, valid_roc_auc=0.9728, valid_pr_auc=0.7775
2026-08-21 18:05:44,028 - INFO - Epoch 8/50, loss=0.0027, train_acc=0.9994, train_precision=0.8440, train_recall=0.7855, train_f1=0.8137, train_roc_auc=0.9894, train_pr_auc=0.7588, valid_acc=0.9995, valid_precision=0.8955, valid_recall=0.8000, valid_f1=0.8451, valid_roc_auc=0.9756, valid_pr_auc=0.7747
2026-08-21 18:06:54,988 - INFO - Epoch 9/50, loss=0.0026, train_acc=0.9995, train_precision=0.8601, train_recall=0.8119, train_f1=0.8353, train_roc_auc=0.9914, train_pr_auc=0.7528, valid_acc=0.9995, valid_precision=0.9077, valid_recall=0.7867, valid_f1=0.8429, valid_roc_auc=0.9685, valid_pr_auc=0.7645
2026-08-21 18:08:10,388 - INFO - Epoch 10: new best validation PR-AUC = 0.7820
2026-08-21 18:08:10,388 - INFO - Epoch 10/50, loss=0.0026, train_acc=0.9994, train_precision=0.8551, train_recall=0.7987, train_f1=0.8259, train_roc_auc=0.9888, train_pr_auc=0.7401, valid_acc=0.9995, valid_precision=0.8955, valid_recall=0.8000, valid_f1=0.8451, valid_roc_auc=0.9667, valid_pr_auc=0.7820
2026-08-21 18:09:23,032 - INFO - Epoch 11: new best validation PR-AUC = 0.7858
2026-08-21 18:09:23,032 - INFO - Epoch 11/50, loss=0.0026, train_acc=0.9994, train_precision=0.8464, train_recall=0.7822, train_f1=0.8130, train_roc_auc=0.9916, train_pr_auc=0.7907, valid_acc=0.9995, valid_precision=0.9091, valid_recall=0.8000, valid_f1=0.8511, valid_roc_auc=0.9727, valid_pr_auc=0.7858
2026-08-21 18:10:18,460 - INFO - Epoch 12: new best validation PR-AUC = 0.7882
2026-08-21 18:10:18,460 - INFO - Epoch 12/50, loss=0.0025, train_acc=0.9994, train_precision=0.8633, train_recall=0.7921, train_f1=0.8262, train_roc_auc=0.9913, train_pr_auc=0.7688, valid_acc=0.9995, valid_precision=0.8955, valid_recall=0.8000, valid_f1=0.8451, valid_roc_auc=0.9673, valid_pr_auc=0.7882
2026-08-21 18:11:25,722 - INFO - Epoch 13: new best validation PR-AUC = 0.7966
2026-08-21 18:11:25,722 - INFO - Epoch 13/50, loss=0.0025, train_acc=0.9994, train_precision=0.8602, train_recall=0.7921, train_f1=0.8247, train_roc_auc=0.9918, train_pr_auc=0.7731, valid_acc=0.9995, valid_precision=0.9091, valid_recall=0.8000, valid_f1=0.8511, valid_roc_auc=0.9710, valid_pr_auc=0.7966
2026-08-21 18:12:29,695 - INFO - Epoch 14/50, loss=0.0024, train_acc=0.9994, train_precision=0.8592, train_recall=0.7855, train_f1=0.8207, train_roc_auc=0.9936, train_pr_auc=0.7852, valid_acc=0.9995, valid_precision=0.9062, valid_recall=0.7733, valid_f1=0.8345, valid_roc_auc=0.9733, valid_pr_auc=0.7909
2026-08-21 18:13:15,962 - INFO - Epoch 15/50, loss=0.0024, train_acc=0.9995, train_precision=0.8768, train_recall=0.7987, train_f1=0.8359, train_roc_auc=0.9920, train_pr_auc=0.7708, valid_acc=0.9995, valid_precision=0.8955, valid_recall=0.8000, valid_f1=0.8451, valid_roc_auc=0.9660, valid_pr_auc=0.7960
2026-08-21 18:14:03,288 - INFO - Epoch 16/50, loss=0.0024, train_acc=0.9995, train_precision=0.8688, train_recall=0.8086, train_f1=0.8376, train_roc_auc=0.9917, train_pr_auc=0.7905, valid_acc=0.9995, valid_precision=0.8923, valid_recall=0.7733, valid_f1=0.8286, valid_roc_auc=0.9676, valid_pr_auc=0.7927
2026-08-21 18:14:51,837 - INFO - Epoch 17: new best validation PR-AUC = 0.8059
2026-08-21 18:14:51,837 - INFO - Epoch 17/50, loss=0.0023, train_acc=0.9995, train_precision=0.8683, train_recall=0.8053, train_f1=0.8356, train_roc_auc=0.9943, train_pr_auc=0.8024, valid_acc=0.9995, valid_precision=0.9062, valid_recall=0.7733, valid_f1=0.8345, valid_roc_auc=0.9690, valid_pr_auc=0.8059
2026-08-21 18:15:40,255 - INFO - Epoch 18: new best validation PR-AUC = 0.8131
2026-08-21 18:15:40,255 - INFO - Epoch 18/50, loss=0.0022, train_acc=0.9995, train_precision=0.8889, train_recall=0.8185, train_f1=0.8522, train_roc_auc=0.9945, train_pr_auc=0.8167, valid_acc=0.9994, valid_precision=0.9153, valid_recall=0.7200, valid_f1=0.8060, valid_roc_auc=0.9737, valid_pr_auc=0.8131
2026-08-21 18:16:30,134 - INFO - Epoch 19: new best validation PR-AUC = 0.8175
2026-08-21 18:16:30,134 - INFO - Epoch 19/50, loss=0.0022, train_acc=0.9995, train_precision=0.8849, train_recall=0.8119, train_f1=0.8468, train_roc_auc=0.9943, train_pr_auc=0.8214, valid_acc=0.9995, valid_precision=0.9091, valid_recall=0.8000, valid_f1=0.8511, valid_roc_auc=0.9713, valid_pr_auc=0.8175
2026-08-21 18:17:24,517 - INFO - Epoch 20: new best validation PR-AUC = 0.8270
2026-08-21 18:17:24,517 - INFO - Epoch 20/50, loss=0.0022, train_acc=0.9995, train_precision=0.8786, train_recall=0.8119, train_f1=0.8439, train_roc_auc=0.9932, train_pr_auc=0.8229, valid_acc=0.9995, valid_precision=0.8955, valid_recall=0.8000, valid_f1=0.8451, valid_roc_auc=0.9714, valid_pr_auc=0.8270
2026-08-21 18:18:44,228 - INFO - Epoch 21: new best validation PR-AUC = 0.8348
2026-08-21 18:18:44,229 - INFO - Epoch 21/50, loss=0.0021, train_acc=0.9995, train_precision=0.8790, train_recall=0.8152, train_f1=0.8459, train_roc_auc=0.9954, train_pr_auc=0.8650, valid_acc=0.9994, valid_precision=0.9167, valid_recall=0.7333, valid_f1=0.8148, valid_roc_auc=0.9700, valid_pr_auc=0.8348
2026-08-21 18:20:03,475 - INFO - Epoch 22: new best validation PR-AUC = 0.8348
2026-08-21 18:20:03,475 - INFO - Epoch 22/50, loss=0.0021, train_acc=0.9995, train_precision=0.8849, train_recall=0.8119, train_f1=0.8468, train_roc_auc=0.9951, train_pr_auc=0.8714, valid_acc=0.9995, valid_precision=0.9091, valid_recall=0.8000, valid_f1=0.8511, valid_roc_auc=0.9638, valid_pr_auc=0.8348
2026-08-21 18:21:33,717 - INFO - Epoch 23: new best validation PR-AUC = 0.8443
2026-08-21 18:21:33,717 - INFO - Epoch 23/50, loss=0.0020, train_acc=0.9995, train_precision=0.8845, train_recall=0.8086, train_f1=0.8448, train_roc_auc=0.9953, train_pr_auc=0.8791, valid_acc=0.9995, valid_precision=0.9091, valid_recall=0.8000, valid_f1=0.8511, valid_roc_auc=0.9690, valid_pr_auc=0.8443
2026-08-21 18:23:03,210 - INFO - Epoch 24/50, loss=0.0021, train_acc=0.9995, train_precision=0.8889, train_recall=0.8185, train_f1=0.8522, train_roc_auc=0.9943, train_pr_auc=0.8792, valid_acc=0.9995, valid_precision=0.9344, valid_recall=0.7600, valid_f1=0.8382, valid_roc_auc=0.9683, valid_pr_auc=0.8438
2026-08-21 18:24:40,572 - INFO - Epoch 25/50, loss=0.0020, train_acc=0.9995, train_precision=0.8974, train_recall=0.8086, train_f1=0.8507, train_roc_auc=0.9966, train_pr_auc=0.8882, valid_acc=0.9995, valid_precision=0.9483, valid_recall=0.7333, valid_f1=0.8271, valid_roc_auc=0.9711, valid_pr_auc=0.8404
2026-08-21 18:26:10,781 - INFO - Epoch 26: new best validation PR-AUC = 0.8452
2026-08-21 18:26:10,781 - INFO - Epoch 26/50, loss=0.0020, train_acc=0.9996, train_precision=0.9097, train_recall=0.8317, train_f1=0.8690, train_roc_auc=0.9943, train_pr_auc=0.8956, valid_acc=0.9995, valid_precision=0.9219, valid_recall=0.7867, valid_f1=0.8489, valid_roc_auc=0.9652, valid_pr_auc=0.8452
2026-08-21 18:27:17,092 - INFO - Epoch 27/50, loss=0.0020, train_acc=0.9996, train_precision=0.9216, train_recall=0.8152, train_f1=0.8651, train_roc_auc=0.9954, train_pr_auc=0.8911, valid_acc=0.9995, valid_precision=0.9333, valid_recall=0.7467, valid_f1=0.8296, valid_roc_auc=0.9629, valid_pr_auc=0.8363
2026-08-21 18:28:27,126 - INFO - Epoch 28: new best validation PR-AUC = 0.8477
2026-08-21 18:28:27,126 - INFO - Epoch 28/50, loss=0.0019, train_acc=0.9996, train_precision=0.9158, train_recall=0.8251, train_f1=0.8681, train_roc_auc=0.9958, train_pr_auc=0.8923, valid_acc=0.9995, valid_precision=0.9355, valid_recall=0.7733, valid_f1=0.8467, valid_roc_auc=0.9651, valid_pr_auc=0.8477
2026-08-21 18:29:02,400 - INFO - Epoch 29/50, loss=0.0019, train_acc=0.9996, train_precision=0.9333, train_recall=0.8317, train_f1=0.8796, train_roc_auc=0.9960, train_pr_auc=0.8979, valid_acc=0.9995, valid_precision=0.9500, valid_recall=0.7600, valid_f1=0.8444, valid_roc_auc=0.9655, valid_pr_auc=0.8417
2026-08-21 18:29:42,393 - INFO - Epoch 30/50, loss=0.0019, train_acc=0.9996, train_precision=0.9403, train_recall=0.8317, train_f1=0.8827, train_roc_auc=0.9965, train_pr_auc=0.8936, valid_acc=0.9996, valid_precision=0.9661, valid_recall=0.7600, valid_f1=0.8507, valid_roc_auc=0.9655, valid_pr_auc=0.8428
2026-08-21 18:30:12,322 - INFO - Epoch 31/50, loss=0.0019, train_acc=0.9996, train_precision=0.9259, train_recall=0.8251, train_f1=0.8726, train_roc_auc=0.9951, train_pr_auc=0.8981, valid_acc=0.9995, valid_precision=0.9355, valid_recall=0.7733, valid_f1=0.8467, valid_roc_auc=0.9642, valid_pr_auc=0.8418
2026-08-21 18:30:48,728 - INFO - Epoch 32/50, loss=0.0017, train_acc=0.9997, train_precision=0.9414, train_recall=0.8482, train_f1=0.8924, train_roc_auc=0.9972, train_pr_auc=0.9151, valid_acc=0.9995, valid_precision=0.9355, valid_recall=0.7733, valid_f1=0.8467, valid_roc_auc=0.9611, valid_pr_auc=0.8452
2026-08-21 18:31:14,484 - INFO - Epoch 33/50, loss=0.0017, train_acc=0.9997, train_precision=0.9515, train_recall=0.8416, train_f1=0.8932, train_roc_auc=0.9968, train_pr_auc=0.9175, valid_acc=0.9995, valid_precision=0.9077, valid_recall=0.7867, valid_f1=0.8429, valid_roc_auc=0.9638, valid_pr_auc=0.8438
2026-08-21 18:31:27,826 - INFO - Epoch 34/50, loss=0.0017, train_acc=0.9997, train_precision=0.9444, train_recall=0.8416, train_f1=0.8901, train_roc_auc=0.9946, train_pr_auc=0.9180, valid_acc=0.9995, valid_precision=0.9219, valid_recall=0.7867, valid_f1=0.8489, valid_roc_auc=0.9652, valid_pr_auc=0.8469
2026-08-21 18:31:41,008 - INFO - Epoch 35/50, loss=0.0016, train_acc=0.9997, train_precision=0.9590, train_recall=0.8482, train_f1=0.9002, train_roc_auc=0.9970, train_pr_auc=0.9169, valid_acc=0.9995, valid_precision=0.8939, valid_recall=0.7867, valid_f1=0.8369, valid_roc_auc=0.9652, valid_pr_auc=0.8460
2026-08-21 18:31:53,256 - INFO - Epoch 36/50, loss=0.0016, train_acc=0.9997, train_precision=0.9489, train_recall=0.8581, train_f1=0.9012, train_roc_auc=0.9970, train_pr_auc=0.9150, valid_acc=0.9995, valid_precision=0.9649, valid_recall=0.7333, valid_f1=0.8333, valid_roc_auc=0.9619, valid_pr_auc=0.8463
2026-08-21 18:32:06,595 - INFO - Epoch 37/50, loss=0.0016, train_acc=0.9997, train_precision=0.9453, train_recall=0.8548, train_f1=0.8977, train_roc_auc=0.9975, train_pr_auc=0.9195, valid_acc=0.9995, valid_precision=0.9077, valid_recall=0.7867, valid_f1=0.8429, valid_roc_auc=0.9652, valid_pr_auc=0.8466
2026-08-21 18:32:19,893 - INFO - Epoch 38/50, loss=0.0015, train_acc=0.9997, train_precision=0.9591, train_recall=0.8515, train_f1=0.9021, train_roc_auc=0.9980, train_pr_auc=0.9206, valid_acc=0.9995, valid_precision=0.9492, valid_recall=0.7467, valid_f1=0.8358, valid_roc_auc=0.9600, valid_pr_auc=0.8420
2026-08-21 18:32:33,990 - INFO - Epoch 39/50, loss=0.0015, train_acc=0.9997, train_precision=0.9590, train_recall=0.8482, train_f1=0.9002, train_roc_auc=0.9977, train_pr_auc=0.9228, valid_acc=0.9995, valid_precision=0.9355, valid_recall=0.7733, valid_f1=0.8467, valid_roc_auc=0.9573, valid_pr_auc=0.8458
2026-08-21 18:32:47,217 - INFO - Epoch 40/50, loss=0.0016, train_acc=0.9997, train_precision=0.9635, train_recall=0.8713, train_f1=0.9151, train_roc_auc=0.9972, train_pr_auc=0.9188, valid_acc=0.9995, valid_precision=0.9492, valid_recall=0.7467, valid_f1=0.8358, valid_roc_auc=0.9594, valid_pr_auc=0.8428
2026-08-21 18:33:01,008 - INFO - Epoch 41: new best validation PR-AUC = 0.8478
2026-08-21 18:33:01,009 - INFO - Epoch 41/50, loss=0.0015, train_acc=0.9997, train_precision=0.9667, train_recall=0.8614, train_f1=0.9110, train_roc_auc=0.9975, train_pr_auc=0.9255, valid_acc=0.9995, valid_precision=0.9219, valid_recall=0.7867, valid_f1=0.8489, valid_roc_auc=0.9616, valid_pr_auc=0.8478
2026-08-21 18:33:14,596 - INFO - Epoch 42/50, loss=0.0015, train_acc=0.9997, train_precision=0.9597, train_recall=0.8647, train_f1=0.9097, train_roc_auc=0.9975, train_pr_auc=0.9285, valid_acc=0.9996, valid_precision=0.9365, valid_recall=0.7867, valid_f1=0.8551, valid_roc_auc=0.9601, valid_pr_auc=0.8449
2026-08-21 18:33:27,411 - INFO - Epoch 43/50, loss=0.0015, train_acc=0.9997, train_precision=0.9556, train_recall=0.8515, train_f1=0.9005, train_roc_auc=0.9967, train_pr_auc=0.9262, valid_acc=0.9995, valid_precision=0.9355, valid_recall=0.7733, valid_f1=0.8467, valid_roc_auc=0.9585, valid_pr_auc=0.8432
2026-08-21 18:33:40,982 - INFO - Epoch 44: new best validation PR-AUC = 0.8501
2026-08-21 18:33:40,982 - INFO - Epoch 44/50, loss=0.0015, train_acc=0.9997, train_precision=0.9594, train_recall=0.8581, train_f1=0.9059, train_roc_auc=0.9979, train_pr_auc=0.9275, valid_acc=0.9996, valid_precision=0.9667, valid_recall=0.7733, valid_f1=0.8593, valid_roc_auc=0.9633, valid_pr_auc=0.8501
2026-08-21 18:33:54,474 - INFO - Epoch 45/50, loss=0.0015, train_acc=0.9997, train_precision=0.9630, train_recall=0.8581, train_f1=0.9075, train_roc_auc=0.9976, train_pr_auc=0.9264, valid_acc=0.9995, valid_precision=0.9355, valid_recall=0.7733, valid_f1=0.8467, valid_roc_auc=0.9591, valid_pr_auc=0.8437
2026-08-21 18:34:07,542 - INFO - Epoch 46/50, loss=0.0015, train_acc=0.9997, train_precision=0.9630, train_recall=0.8581, train_f1=0.9075, train_roc_auc=0.9980, train_pr_auc=0.9293, valid_acc=0.9995, valid_precision=0.9219, valid_recall=0.7867, valid_f1=0.8489, valid_roc_auc=0.9587, valid_pr_auc=0.8433
2026-08-21 18:34:21,381 - INFO - Epoch 47/50, loss=0.0015, train_acc=0.9997, train_precision=0.9596, train_recall=0.8614, train_f1=0.9078, train_roc_auc=0.9982, train_pr_auc=0.9296, valid_acc=0.9996, valid_precision=0.9365, valid_recall=0.7867, valid_f1=0.8551, valid_roc_auc=0.9579, valid_pr_auc=0.8446
2026-08-21 18:34:33,642 - INFO - Epoch 48/50, loss=0.0015, train_acc=0.9997, train_precision=0.9737, train_recall=0.8548, train_f1=0.9104, train_roc_auc=0.9980, train_pr_auc=0.9269, valid_acc=0.9996, valid_precision=0.9365, valid_recall=0.7867, valid_f1=0.8551, valid_roc_auc=0.9567, valid_pr_auc=0.8426
2026-08-21 18:34:47,288 - INFO - Epoch 49/50, loss=0.0015, train_acc=0.9997, train_precision=0.9596, train_recall=0.8614, train_f1=0.9078, train_roc_auc=0.9981, train_pr_auc=0.9274, valid_acc=0.9995, valid_precision=0.9355, valid_recall=0.7733, valid_f1=0.8467, valid_roc_auc=0.9600, valid_pr_auc=0.8431
2026-08-21 18:35:00,276 - INFO - Epoch 50/50, loss=0.0015, train_acc=0.9997, train_precision=0.9632, train_recall=0.8647, train_f1=0.9113, train_roc_auc=0.9976, train_pr_auc=0.9263, valid_acc=0.9996, valid_precision=0.9672, valid_recall=0.7867, valid_f1=0.8676, valid_roc_auc=0.9557, valid_pr_auc=0.8437
2026-08-21 18:35:00,309 - INFO - Best epoch: 44
2026-08-21 18:35:00,309 - INFO - Best validation PR-AUC: 0.8501
2026-08-21 18:35:00,309 - INFO - Fold 1 results:
2026-08-21 18:35:00,309 - INFO - accuracy: 0.9996
2026-08-21 18:35:00,309 - INFO - f1: 0.8593
2026-08-21 18:35:00,309 - INFO - pr_auc: 0.8501
2026-08-21 18:35:00,309 - INFO - precision: 0.9667
2026-08-21 18:35:00,309 - INFO - recall: 0.7733
2026-08-21 18:35:00,309 - INFO - roc_auc: 0.9633
2026-08-21 18:35:00,309 - INFO - Model saved to models/fraud_model_index_0_fold_1.pth
2026-08-21 18:35:00,309 - INFO - 
========== Fold 2/5 ==========
2026-08-21 18:35:13,541 - INFO - Epoch 1: new best validation PR-AUC = 0.7381
2026-08-21 18:35:13,541 - INFO - Epoch 1/50, loss=0.0307, train_acc=0.9965, train_precision=0.0000, train_recall=0.0000, train_f1=0.0000, train_roc_auc=0.9249, train_pr_auc=0.0571, valid_acc=0.9983, valid_precision=0.0000, valid_recall=0.0000, valid_f1=0.0000, valid_roc_auc=0.9785, valid_pr_auc=0.7381
2026-08-21 18:35:28,031 - INFO - Epoch 2: new best validation PR-AUC = 0.7702
2026-08-21 18:35:28,031 - INFO - Epoch 2/50, loss=0.0038, train_acc=0.9983, train_precision=0.0000, train_recall=0.0000, train_f1=0.0000, train_roc_auc=0.9829, train_pr_auc=0.7088, valid_acc=0.9983, valid_precision=0.0000, valid_recall=0.0000, valid_f1=0.0000, valid_roc_auc=0.9764, valid_pr_auc=0.7702
2026-08-21 18:35:39,910 - INFO - Epoch 3: new best validation PR-AUC = 0.7820
2026-08-21 18:35:39,910 - INFO - Epoch 3/50, loss=0.0033, train_acc=0.9992, train_precision=0.8393, train_recall=0.6205, train_f1=0.7135, train_roc_auc=0.9889, train_pr_auc=0.7106, valid_acc=0.9995, valid_precision=0.8592, valid_recall=0.8133, valid_f1=0.8356, valid_roc_auc=0.9740, valid_pr_auc=0.7820
2026-08-21 18:35:53,804 - INFO - Epoch 4: new best validation PR-AUC = 0.8031
2026-08-21 18:35:53,804 - INFO - Epoch 4/50, loss=0.0030, train_acc=0.9994, train_precision=0.8304, train_recall=0.7756, train_f1=0.8020, train_roc_auc=0.9899, train_pr_auc=0.7670, valid_acc=0.9995, valid_precision=0.8824, valid_recall=0.8000, valid_f1=0.8392, valid_roc_auc=0.9769, valid_pr_auc=0.8031
2026-08-21 18:36:07,679 - INFO - Epoch 5/50, loss=0.0029, train_acc=0.9994, train_precision=0.8500, train_recall=0.7855, train_f1=0.8165, train_roc_auc=0.9873, train_pr_auc=0.7485, valid_acc=0.9994, valid_precision=0.8889, valid_recall=0.7467, valid_f1=0.8116, valid_roc_auc=0.9779, valid_pr_auc=0.8031
2026-08-21 18:36:19,855 - INFO - Epoch 6: new best validation PR-AUC = 0.8080
2026-08-21 18:36:19,855 - INFO - Epoch 6/50, loss=0.0028, train_acc=0.9994, train_precision=0.8470, train_recall=0.7855, train_f1=0.8151, train_roc_auc=0.9897, train_pr_auc=0.7712, valid_acc=0.9995, valid_precision=0.8841, valid_recall=0.8133, valid_f1=0.8472, valid_roc_auc=0.9798, valid_pr_auc=0.8080
2026-08-21 18:36:34,141 - INFO - Epoch 7/50, loss=0.0026, train_acc=0.9994, train_precision=0.8410, train_recall=0.7855, train_f1=0.8123, train_roc_auc=0.9909, train_pr_auc=0.7741, valid_acc=0.9994, valid_precision=0.8769, valid_recall=0.7600, valid_f1=0.8143, valid_roc_auc=0.9792, valid_pr_auc=0.7916
2026-08-21 18:36:47,141 - INFO - Epoch 8: new best validation PR-AUC = 0.8120
2026-08-21 18:36:47,141 - INFO - Epoch 8/50, loss=0.0027, train_acc=0.9994, train_precision=0.8541, train_recall=0.7921, train_f1=0.8219, train_roc_auc=0.9906, train_pr_auc=0.7814, valid_acc=0.9995, valid_precision=0.8939, valid_recall=0.7867, valid_f1=0.8369, valid_roc_auc=0.9757, valid_pr_auc=0.8120
2026-08-21 18:36:59,376 - INFO - Epoch 9: new best validation PR-AUC = 0.8162
2026-08-21 18:36:59,376 - INFO - Epoch 9/50, loss=0.0026, train_acc=0.9994, train_precision=0.8597, train_recall=0.7888, train_f1=0.8227, train_roc_auc=0.9911, train_pr_auc=0.7943, valid_acc=0.9995, valid_precision=0.8714, valid_recall=0.8133, valid_f1=0.8414, valid_roc_auc=0.9775, valid_pr_auc=0.8162
2026-08-21 18:37:13,102 - INFO - Epoch 10: new best validation PR-AUC = 0.8309
2026-08-21 18:37:13,102 - INFO - Epoch 10/50, loss=0.0026, train_acc=0.9994, train_precision=0.8650, train_recall=0.7822, train_f1=0.8215, train_roc_auc=0.9902, train_pr_auc=0.8176, valid_acc=0.9995, valid_precision=0.8955, valid_recall=0.8000, valid_f1=0.8451, valid_roc_auc=0.9781, valid_pr_auc=0.8309
2026-08-21 18:37:24,700 - INFO - Epoch 11: new best validation PR-AUC = 0.8326
2026-08-21 18:37:24,700 - INFO - Epoch 11/50, loss=0.0025, train_acc=0.9994, train_precision=0.8708, train_recall=0.7789, train_f1=0.8223, train_roc_auc=0.9916, train_pr_auc=0.8262, valid_acc=0.9995, valid_precision=0.8592, valid_recall=0.8133, valid_f1=0.8356, valid_roc_auc=0.9756, valid_pr_auc=0.8326
2026-08-21 18:37:38,239 - INFO - Epoch 12/50, loss=0.0025, train_acc=0.9994, train_precision=0.8633, train_recall=0.7921, train_f1=0.8262, train_roc_auc=0.9912, train_pr_auc=0.8124, valid_acc=0.9994, valid_precision=0.9032, valid_recall=0.7467, valid_f1=0.8175, valid_roc_auc=0.9822, valid_pr_auc=0.8263
2026-08-21 18:37:50,689 - INFO - Epoch 13: new best validation PR-AUC = 0.8555
2026-08-21 18:37:50,689 - INFO - Epoch 13/50, loss=0.0025, train_acc=0.9994, train_precision=0.8540, train_recall=0.7723, train_f1=0.8111, train_roc_auc=0.9909, train_pr_auc=0.8477, valid_acc=0.9994, valid_precision=0.8906, valid_recall=0.7600, valid_f1=0.8201, valid_roc_auc=0.9754, valid_pr_auc=0.8555
2026-08-21 18:38:03,642 - INFO - Epoch 14/50, loss=0.0023, train_acc=0.9995, train_precision=0.8796, train_recall=0.7954, train_f1=0.8354, train_roc_auc=0.9930, train_pr_auc=0.8397, valid_acc=0.9995, valid_precision=0.9474, valid_recall=0.7200, valid_f1=0.8182, valid_roc_auc=0.9702, valid_pr_auc=0.8529
2026-08-21 18:38:17,760 - INFO - Epoch 15/50, loss=0.0024, train_acc=0.9995, train_precision=0.8778, train_recall=0.7822, train_f1=0.8272, train_roc_auc=0.9937, train_pr_auc=0.8535, valid_acc=0.9995, valid_precision=0.8824, valid_recall=0.8000, valid_f1=0.8392, valid_roc_auc=0.9735, valid_pr_auc=0.8554
2026-08-21 18:38:30,570 - INFO - Epoch 16/50, loss=0.0023, train_acc=0.9995, train_precision=0.8750, train_recall=0.7855, train_f1=0.8278, train_roc_auc=0.9906, train_pr_auc=0.8580, valid_acc=0.9995, valid_precision=0.9344, valid_recall=0.7600, valid_f1=0.8382, valid_roc_auc=0.9750, valid_pr_auc=0.8552
2026-08-21 18:38:43,245 - INFO - Epoch 17/50, loss=0.0022, train_acc=0.9995, train_precision=0.8893, train_recall=0.7690, train_f1=0.8248, train_roc_auc=0.9924, train_pr_auc=0.8736, valid_acc=0.9995, valid_precision=0.9048, valid_recall=0.7600, valid_f1=0.8261, valid_roc_auc=0.9751, valid_pr_auc=0.8516
2026-08-21 18:38:55,391 - INFO - Epoch 18: new best validation PR-AUC = 0.8625
2026-08-21 18:38:55,391 - INFO - Epoch 18/50, loss=0.0021, train_acc=0.9995, train_precision=0.9049, train_recall=0.7855, train_f1=0.8410, train_roc_auc=0.9935, train_pr_auc=0.8751, valid_acc=0.9996, valid_precision=0.9825, valid_recall=0.7467, valid_f1=0.8485, valid_roc_auc=0.9764, valid_pr_auc=0.8625
2026-08-21 18:39:08,113 - INFO - Epoch 19: new best validation PR-AUC = 0.8626
2026-08-21 18:39:08,113 - INFO - Epoch 19/50, loss=0.0021, train_acc=0.9995, train_precision=0.9115, train_recall=0.7822, train_f1=0.8419, train_roc_auc=0.9932, train_pr_auc=0.8798, valid_acc=0.9996, valid_precision=0.9365, valid_recall=0.7867, valid_f1=0.8551, valid_roc_auc=0.9770, valid_pr_auc=0.8626
2026-08-21 18:39:21,658 - INFO - Epoch 20/50, loss=0.0020, train_acc=0.9996, train_precision=0.9142, train_recall=0.8086, train_f1=0.8581, train_roc_auc=0.9953, train_pr_auc=0.8813, valid_acc=0.9995, valid_precision=0.9333, valid_recall=0.7467, valid_f1=0.8296, valid_roc_auc=0.9752, valid_pr_auc=0.8576
2026-08-21 18:39:34,721 - INFO - Epoch 21/50, loss=0.0020, train_acc=0.9995, train_precision=0.9167, train_recall=0.7987, train_f1=0.8536, train_roc_auc=0.9952, train_pr_auc=0.8850, valid_acc=0.9994, valid_precision=0.9310, valid_recall=0.7200, valid_f1=0.8120, valid_roc_auc=0.9785, valid_pr_auc=0.8607
2026-08-21 18:39:48,347 - INFO - Epoch 22: new best validation PR-AUC = 0.8713
2026-08-21 18:39:48,347 - INFO - Epoch 22/50, loss=0.0019, train_acc=0.9996, train_precision=0.9286, train_recall=0.8152, train_f1=0.8682, train_roc_auc=0.9956, train_pr_auc=0.8921, valid_acc=0.9995, valid_precision=0.9355, valid_recall=0.7733, valid_f1=0.8467, valid_roc_auc=0.9789, valid_pr_auc=0.8713
2026-08-21 18:39:59,375 - INFO - Epoch 23/50, loss=0.0019, train_acc=0.9996, train_precision=0.9389, train_recall=0.8119, train_f1=0.8708, train_roc_auc=0.9956, train_pr_auc=0.8966, valid_acc=0.9995, valid_precision=0.9091, valid_recall=0.8000, valid_f1=0.8511, valid_roc_auc=0.9781, valid_pr_auc=0.8675
2026-08-21 18:40:12,211 - INFO - Epoch 24/50, loss=0.0018, train_acc=0.9996, train_precision=0.9222, train_recall=0.8218, train_f1=0.8691, train_roc_auc=0.9946, train_pr_auc=0.9028, valid_acc=0.9995, valid_precision=0.9643, valid_recall=0.7200, valid_f1=0.8244, valid_roc_auc=0.9786, valid_pr_auc=0.8694
2026-08-21 18:40:24,489 - INFO - Epoch 25/50, loss=0.0019, train_acc=0.9996, train_precision=0.9346, train_recall=0.8020, train_f1=0.8632, train_roc_auc=0.9946, train_pr_auc=0.8997, valid_acc=0.9995, valid_precision=0.9821, valid_recall=0.7333, valid_f1=0.8397, valid_roc_auc=0.9789, valid_pr_auc=0.8693
2026-08-21 18:40:35,850 - INFO - Epoch 26/50, loss=0.0018, train_acc=0.9996, train_precision=0.9494, train_recall=0.8053, train_f1=0.8714, train_roc_auc=0.9948, train_pr_auc=0.9045, valid_acc=0.9995, valid_precision=0.9649, valid_recall=0.7333, valid_f1=0.8333, valid_roc_auc=0.9800, valid_pr_auc=0.8705
2026-08-21 18:40:48,941 - INFO - Epoch 27: new best validation PR-AUC = 0.8718
2026-08-21 18:40:48,941 - INFO - Epoch 27/50, loss=0.0018, train_acc=0.9996, train_precision=0.9396, train_recall=0.8218, train_f1=0.8768, train_roc_auc=0.9962, train_pr_auc=0.9029, valid_acc=0.9995, valid_precision=0.9492, valid_recall=0.7467, valid_f1=0.8358, valid_roc_auc=0.9790, valid_pr_auc=0.8718
2026-08-21 18:41:00,137 - INFO - Epoch 28/50, loss=0.0017, train_acc=0.9996, train_precision=0.9430, train_recall=0.8185, train_f1=0.8763, train_roc_auc=0.9952, train_pr_auc=0.9109, valid_acc=0.9994, valid_precision=1.0000, valid_recall=0.6667, valid_f1=0.8000, valid_roc_auc=0.9792, valid_pr_auc=0.8714
2026-08-21 18:41:14,571 - INFO - Epoch 29: new best validation PR-AUC = 0.8722
2026-08-21 18:41:14,571 - INFO - Epoch 29/50, loss=0.0017, train_acc=0.9996, train_precision=0.9464, train_recall=0.8152, train_f1=0.8759, train_roc_auc=0.9955, train_pr_auc=0.9101, valid_acc=0.9995, valid_precision=0.9655, valid_recall=0.7467, valid_f1=0.8421, valid_roc_auc=0.9794, valid_pr_auc=0.8722
2026-08-21 18:41:26,775 - INFO - Epoch 30/50, loss=0.0018, train_acc=0.9996, train_precision=0.9464, train_recall=0.8152, train_f1=0.8759, train_roc_auc=0.9946, train_pr_auc=0.9033, valid_acc=0.9995, valid_precision=0.9821, valid_recall=0.7333, valid_f1=0.8397, valid_roc_auc=0.9785, valid_pr_auc=0.8688
2026-08-21 18:41:40,650 - INFO - Epoch 31/50, loss=0.0017, train_acc=0.9996, train_precision=0.9466, train_recall=0.8185, train_f1=0.8779, train_roc_auc=0.9963, train_pr_auc=0.9096, valid_acc=0.9995, valid_precision=0.9821, valid_recall=0.7333, valid_f1=0.8397, valid_roc_auc=0.9786, valid_pr_auc=0.8706
2026-08-21 18:41:54,977 - INFO - Epoch 32/50, loss=0.0017, train_acc=0.9996, train_precision=0.9425, train_recall=0.8119, train_f1=0.8723, train_roc_auc=0.9961, train_pr_auc=0.9111, valid_acc=0.9995, valid_precision=0.9655, valid_recall=0.7467, valid_f1=0.8421, valid_roc_auc=0.9792, valid_pr_auc=0.8703
2026-08-21 18:42:06,861 - INFO - Epoch 33: new best validation PR-AUC = 0.8736
2026-08-21 18:42:06,861 - INFO - Epoch 33/50, loss=0.0017, train_acc=0.9996, train_precision=0.9470, train_recall=0.8251, train_f1=0.8818, train_roc_auc=0.9947, train_pr_auc=0.9091, valid_acc=0.9996, valid_precision=0.9825, valid_recall=0.7467, valid_f1=0.8485, valid_roc_auc=0.9789, valid_pr_auc=0.8736
2026-08-21 18:42:20,359 - INFO - Epoch 34/50, loss=0.0016, train_acc=0.9996, train_precision=0.9611, train_recall=0.8152, train_f1=0.8821, train_roc_auc=0.9962, train_pr_auc=0.9161, valid_acc=0.9996, valid_precision=0.9661, valid_recall=0.7600, valid_f1=0.8507, valid_roc_auc=0.9799, valid_pr_auc=0.8665
2026-08-21 18:42:32,437 - INFO - Epoch 35/50, loss=0.0017, train_acc=0.9996, train_precision=0.9394, train_recall=0.8185, train_f1=0.8748, train_roc_auc=0.9963, train_pr_auc=0.9116, valid_acc=0.9996, valid_precision=0.9661, valid_recall=0.7600, valid_f1=0.8507, valid_roc_auc=0.9787, valid_pr_auc=0.8699
2026-08-21 18:42:44,904 - INFO - Epoch 36/50, loss=0.0016, train_acc=0.9996, train_precision=0.9508, train_recall=0.8284, train_f1=0.8854, train_roc_auc=0.9964, train_pr_auc=0.9163, valid_acc=0.9995, valid_precision=0.9821, valid_recall=0.7333, valid_f1=0.8397, valid_roc_auc=0.9796, valid_pr_auc=0.8714
2026-08-21 18:42:58,343 - INFO - Epoch 37/50, loss=0.0016, train_acc=0.9996, train_precision=0.9508, train_recall=0.8284, train_f1=0.8854, train_roc_auc=0.9965, train_pr_auc=0.9146, valid_acc=0.9996, valid_precision=0.9661, valid_recall=0.7600, valid_f1=0.8507, valid_roc_auc=0.9790, valid_pr_auc=0.8720
2026-08-21 18:43:10,758 - INFO - Epoch 38/50, loss=0.0016, train_acc=0.9997, train_precision=0.9511, train_recall=0.8350, train_f1=0.8893, train_roc_auc=0.9954, train_pr_auc=0.9155, valid_acc=0.9995, valid_precision=0.9655, valid_recall=0.7467, valid_f1=0.8421, valid_roc_auc=0.9782, valid_pr_auc=0.8697
2026-08-21 18:43:24,468 - INFO - Epoch 39/50, loss=0.0017, train_acc=0.9996, train_precision=0.9464, train_recall=0.8152, train_f1=0.8759, train_roc_auc=0.9961, train_pr_auc=0.9167, valid_acc=0.9995, valid_precision=0.9649, valid_recall=0.7333, valid_f1=0.8333, valid_roc_auc=0.9796, valid_pr_auc=0.8716
2026-08-21 18:43:37,173 - INFO - Epoch 40: new best validation PR-AUC = 0.8752
2026-08-21 18:43:37,173 - INFO - Epoch 40/50, loss=0.0016, train_acc=0.9996, train_precision=0.9544, train_recall=0.8284, train_f1=0.8869, train_roc_auc=0.9947, train_pr_auc=0.9177, valid_acc=0.9996, valid_precision=0.9661, valid_recall=0.7600, valid_f1=0.8507, valid_roc_auc=0.9794, valid_pr_auc=0.8752
2026-08-21 18:43:51,157 - INFO - Epoch 41/50, loss=0.0016, train_acc=0.9996, train_precision=0.9577, train_recall=0.8218, train_f1=0.8845, train_roc_auc=0.9966, train_pr_auc=0.9214, valid_acc=0.9995, valid_precision=0.9500, valid_recall=0.7600, valid_f1=0.8444, valid_roc_auc=0.9789, valid_pr_auc=0.8718
2026-08-21 18:44:04,098 - INFO - Epoch 42/50, loss=0.0016, train_acc=0.9996, train_precision=0.9542, train_recall=0.8251, train_f1=0.8850, train_roc_auc=0.9974, train_pr_auc=0.9193, valid_acc=0.9995, valid_precision=0.9655, valid_recall=0.7467, valid_f1=0.8421, valid_roc_auc=0.9798, valid_pr_auc=0.8707
2026-08-21 18:44:16,936 - INFO - Epoch 43/50, loss=0.0016, train_acc=0.9997, train_precision=0.9653, train_recall=0.8251, train_f1=0.8897, train_roc_auc=0.9966, train_pr_auc=0.9192, valid_acc=0.9995, valid_precision=0.9500, valid_recall=0.7600, valid_f1=0.8444, valid_roc_auc=0.9787, valid_pr_auc=0.8710
2026-08-21 18:44:30,189 - INFO - Epoch 44/50, loss=0.0016, train_acc=0.9997, train_precision=0.9481, train_recall=0.8449, train_f1=0.8935, train_roc_auc=0.9961, train_pr_auc=0.9156, valid_acc=0.9996, valid_precision=0.9661, valid_recall=0.7600, valid_f1=0.8507, valid_roc_auc=0.9797, valid_pr_auc=0.8712
2026-08-21 18:44:42,208 - INFO - Epoch 45/50, loss=0.0016, train_acc=0.9996, train_precision=0.9540, train_recall=0.8218, train_f1=0.8830, train_roc_auc=0.9974, train_pr_auc=0.9170, valid_acc=0.9995, valid_precision=0.9655, valid_recall=0.7467, valid_f1=0.8421, valid_roc_auc=0.9788, valid_pr_auc=0.8727
2026-08-21 18:44:55,594 - INFO - Epoch 46/50, loss=0.0016, train_acc=0.9996, train_precision=0.9504, train_recall=0.8218, train_f1=0.8814, train_roc_auc=0.9972, train_pr_auc=0.9166, valid_acc=0.9995, valid_precision=0.9655, valid_recall=0.7467, valid_f1=0.8421, valid_roc_auc=0.9795, valid_pr_auc=0.8712
2026-08-21 18:45:08,931 - INFO - Epoch 47/50, loss=0.0016, train_acc=0.9997, train_precision=0.9547, train_recall=0.8350, train_f1=0.8908, train_roc_auc=0.9966, train_pr_auc=0.9168, valid_acc=0.9995, valid_precision=0.9492, valid_recall=0.7467, valid_f1=0.8358, valid_roc_auc=0.9794, valid_pr_auc=0.8726
2026-08-21 18:45:21,224 - INFO - Epoch 48/50, loss=0.0016, train_acc=0.9996, train_precision=0.9508, train_recall=0.8284, train_f1=0.8854, train_roc_auc=0.9963, train_pr_auc=0.9183, valid_acc=0.9995, valid_precision=0.9500, valid_recall=0.7600, valid_f1=0.8444, valid_roc_auc=0.9793, valid_pr_auc=0.8706
2026-08-21 18:45:34,180 - INFO - Epoch 49/50, loss=0.0016, train_acc=0.9996, train_precision=0.9579, train_recall=0.8251, train_f1=0.8865, train_roc_auc=0.9956, train_pr_auc=0.9186, valid_acc=0.9995, valid_precision=0.9492, valid_recall=0.7467, valid_f1=0.8358, valid_roc_auc=0.9777, valid_pr_auc=0.8675
2026-08-21 18:45:46,971 - INFO - Epoch 50/50, loss=0.0016, train_acc=0.9996, train_precision=0.9579, train_recall=0.8251, train_f1=0.8865, train_roc_auc=0.9966, train_pr_auc=0.9166, valid_acc=0.9995, valid_precision=0.9655, valid_recall=0.7467, valid_f1=0.8421, valid_roc_auc=0.9794, valid_pr_auc=0.8726
2026-08-21 18:45:46,971 - INFO - Best epoch: 40
2026-08-21 18:45:46,971 - INFO - Best validation PR-AUC: 0.8752
2026-08-21 18:45:46,971 - INFO - Fold 2 results:
2026-08-21 18:45:46,971 - INFO - accuracy: 0.9996
2026-08-21 18:45:46,971 - INFO - f1: 0.8507
2026-08-21 18:45:46,971 - INFO - pr_auc: 0.8752
2026-08-21 18:45:46,971 - INFO - precision: 0.9661
2026-08-21 18:45:46,971 - INFO - recall: 0.7600
2026-08-21 18:45:46,971 - INFO - roc_auc: 0.9794
2026-08-21 18:45:46,971 - INFO - Model saved to models/fraud_model_index_0_fold_2.pth
2026-08-21 18:45:46,971 - INFO - 
========== Fold 3/5 ==========
2026-08-21 18:46:00,441 - INFO - Epoch 1: new best validation PR-AUC = 0.6646
2026-08-21 18:46:00,441 - INFO - Epoch 1/50, loss=0.0386, train_acc=0.9905, train_precision=0.0035, train_recall=0.0166, train_f1=0.0058, train_roc_auc=0.9229, train_pr_auc=0.0297, valid_acc=0.9983, valid_precision=0.0000, valid_recall=0.0000, valid_f1=0.0000, valid_roc_auc=0.9517, valid_pr_auc=0.6646
2026-08-21 18:46:13,519 - INFO - Epoch 2/50, loss=0.0038, train_acc=0.9983, train_precision=0.0000, train_recall=0.0000, train_f1=0.0000, train_roc_auc=0.9688, train_pr_auc=0.7377, valid_acc=0.9983, valid_precision=0.0000, valid_recall=0.0000, valid_f1=0.0000, valid_roc_auc=0.9789, valid_pr_auc=0.6628
2026-08-21 18:46:26,020 - INFO - Epoch 3: new best validation PR-AUC = 0.7015
2026-08-21 18:46:26,020 - INFO - Epoch 3/50, loss=0.0033, train_acc=0.9983, train_precision=0.0000, train_recall=0.0000, train_f1=0.0000, train_roc_auc=0.9798, train_pr_auc=0.7438, valid_acc=0.9983, valid_precision=0.0000, valid_recall=0.0000, valid_f1=0.0000, valid_roc_auc=0.9869, valid_pr_auc=0.7015
2026-08-21 18:46:39,236 - INFO - Epoch 4/50, loss=0.0030, train_acc=0.9994, train_precision=0.8790, train_recall=0.7219, train_f1=0.7927, train_roc_auc=0.9815, train_pr_auc=0.7653, valid_acc=0.9992, valid_precision=0.8305, valid_recall=0.6447, valid_f1=0.7259, valid_roc_auc=0.9768, valid_pr_auc=0.7004
2026-08-21 18:46:51,910 - INFO - Epoch 5/50, loss=0.0028, train_acc=0.9995, train_precision=0.8503, train_recall=0.8278, train_f1=0.8389, train_roc_auc=0.9835, train_pr_auc=0.7358, valid_acc=0.9991, valid_precision=0.8033, valid_recall=0.6447, valid_f1=0.7153, valid_roc_auc=0.9865, valid_pr_auc=0.6882
2026-08-21 18:47:05,099 - INFO - Epoch 6/50, loss=0.0027, train_acc=0.9995, train_precision=0.8571, train_recall=0.8146, train_f1=0.8353, train_roc_auc=0.9848, train_pr_auc=0.7649, valid_acc=0.9992, valid_precision=0.8095, valid_recall=0.6711, valid_f1=0.7338, valid_roc_auc=0.9843, valid_pr_auc=0.7011
2026-08-21 18:47:18,410 - INFO - Epoch 7: new best validation PR-AUC = 0.7015
2026-08-21 18:47:18,410 - INFO - Epoch 7/50, loss=0.0026, train_acc=0.9995, train_precision=0.8591, train_recall=0.8278, train_f1=0.8432, train_roc_auc=0.9858, train_pr_auc=0.7874, valid_acc=0.9992, valid_precision=0.8197, valid_recall=0.6579, valid_f1=0.7299, valid_roc_auc=0.9801, valid_pr_auc=0.7015
2026-08-21 18:47:31,720 - INFO - Epoch 8/50, loss=0.0025, train_acc=0.9995, train_precision=0.8711, train_recall=0.8278, train_f1=0.8489, train_roc_auc=0.9892, train_pr_auc=0.7608, valid_acc=0.9992, valid_precision=0.7969, valid_recall=0.6711, valid_f1=0.7286, valid_roc_auc=0.9840, valid_pr_auc=0.6903
2026-08-21 18:47:45,270 - INFO - Epoch 9/50, loss=0.0024, train_acc=0.9995, train_precision=0.8596, train_recall=0.8311, train_f1=0.8451, train_roc_auc=0.9906, train_pr_auc=0.7849, valid_acc=0.9992, valid_precision=0.8254, valid_recall=0.6842, valid_f1=0.7482, valid_roc_auc=0.9854, valid_pr_auc=0.6957
2026-08-21 18:47:58,005 - INFO - Epoch 10/50, loss=0.0023, train_acc=0.9995, train_precision=0.8732, train_recall=0.8212, train_f1=0.8464, train_roc_auc=0.9909, train_pr_auc=0.7798, valid_acc=0.9992, valid_precision=0.8197, valid_recall=0.6579, valid_f1=0.7299, valid_roc_auc=0.9838, valid_pr_auc=0.6835
2026-08-21 18:48:11,315 - INFO - Epoch 11/50, loss=0.0023, train_acc=0.9995, train_precision=0.8741, train_recall=0.8278, train_f1=0.8503, train_roc_auc=0.9919, train_pr_auc=0.7627, valid_acc=0.9992, valid_precision=0.8226, valid_recall=0.6711, valid_f1=0.7391, valid_roc_auc=0.9850, valid_pr_auc=0.6990
2026-08-21 18:48:24,481 - INFO - Epoch 12: new best validation PR-AUC = 0.7018
2026-08-21 18:48:24,481 - INFO - Epoch 12/50, loss=0.0023, train_acc=0.9995, train_precision=0.8746, train_recall=0.8311, train_f1=0.8523, train_roc_auc=0.9911, train_pr_auc=0.7815, valid_acc=0.9992, valid_precision=0.7969, valid_recall=0.6711, valid_f1=0.7286, valid_roc_auc=0.9839, valid_pr_auc=0.7018
2026-08-21 18:48:37,720 - INFO - Epoch 13: new best validation PR-AUC = 0.7022
2026-08-21 18:48:37,720 - INFO - Epoch 13/50, loss=0.0023, train_acc=0.9995, train_precision=0.8720, train_recall=0.8344, train_f1=0.8528, train_roc_auc=0.9912, train_pr_auc=0.7767, valid_acc=0.9992, valid_precision=0.8226, valid_recall=0.6711, valid_f1=0.7391, valid_roc_auc=0.9840, valid_pr_auc=0.7022
2026-08-21 18:48:50,632 - INFO - Epoch 14: new best validation PR-AUC = 0.7065
2026-08-21 18:48:50,632 - INFO - Epoch 14/50, loss=0.0022, train_acc=0.9995, train_precision=0.8711, train_recall=0.8278, train_f1=0.8489, train_roc_auc=0.9911, train_pr_auc=0.8106, valid_acc=0.9992, valid_precision=0.8226, valid_recall=0.6711, valid_f1=0.7391, valid_roc_auc=0.9836, valid_pr_auc=0.7065
2026-08-21 18:49:03,882 - INFO - Epoch 15: new best validation PR-AUC = 0.7092
2026-08-21 18:49:03,882 - INFO - Epoch 15/50, loss=0.0022, train_acc=0.9995, train_precision=0.8754, train_recall=0.8377, train_f1=0.8562, train_roc_auc=0.9912, train_pr_auc=0.7773, valid_acc=0.9992, valid_precision=0.8197, valid_recall=0.6579, valid_f1=0.7299, valid_roc_auc=0.9842, valid_pr_auc=0.7092
2026-08-21 18:49:17,537 - INFO - Epoch 16/50, loss=0.0022, train_acc=0.9995, train_precision=0.8720, train_recall=0.8344, train_f1=0.8528, train_roc_auc=0.9919, train_pr_auc=0.7923, valid_acc=0.9992, valid_precision=0.8197, valid_recall=0.6579, valid_f1=0.7299, valid_roc_auc=0.9855, valid_pr_auc=0.7079
2026-08-21 18:49:30,773 - INFO - Epoch 17/50, loss=0.0022, train_acc=0.9995, train_precision=0.8746, train_recall=0.8311, train_f1=0.8523, train_roc_auc=0.9905, train_pr_auc=0.8045, valid_acc=0.9992, valid_precision=0.8065, valid_recall=0.6579, valid_f1=0.7246, valid_roc_auc=0.9857, valid_pr_auc=0.7033
2026-08-21 18:49:43,495 - INFO - Epoch 18/50, loss=0.0022, train_acc=0.9995, train_precision=0.8759, train_recall=0.8411, train_f1=0.8581, train_roc_auc=0.9907, train_pr_auc=0.8036, valid_acc=0.9992, valid_precision=0.8197, valid_recall=0.6579, valid_f1=0.7299, valid_roc_auc=0.9848, valid_pr_auc=0.7069
2026-08-21 18:49:56,787 - INFO - Epoch 19/50, loss=0.0021, train_acc=0.9995, train_precision=0.8789, train_recall=0.8411, train_f1=0.8596, train_roc_auc=0.9919, train_pr_auc=0.8075, valid_acc=0.9992, valid_precision=0.8197, valid_recall=0.6579, valid_f1=0.7299, valid_roc_auc=0.9842, valid_pr_auc=0.7081
2026-08-21 18:50:09,626 - INFO - Epoch 20/50, loss=0.0021, train_acc=0.9995, train_precision=0.8807, train_recall=0.8311, train_f1=0.8552, train_roc_auc=0.9940, train_pr_auc=0.8155, valid_acc=0.9992, valid_precision=0.8197, valid_recall=0.6579, valid_f1=0.7299, valid_roc_auc=0.9849, valid_pr_auc=0.7073
2026-08-21 18:50:22,944 - INFO - Epoch 21: new best validation PR-AUC = 0.7105
2026-08-21 18:50:22,944 - INFO - Epoch 21/50, loss=0.0022, train_acc=0.9995, train_precision=0.8789, train_recall=0.8411, train_f1=0.8596, train_roc_auc=0.9914, train_pr_auc=0.8253, valid_acc=0.9992, valid_precision=0.8197, valid_recall=0.6579, valid_f1=0.7299, valid_roc_auc=0.9844, valid_pr_auc=0.7105
2026-08-21 18:50:35,609 - INFO - Epoch 22: new best validation PR-AUC = 0.7125
2026-08-21 18:50:35,609 - INFO - Epoch 22/50, loss=0.0021, train_acc=0.9995, train_precision=0.8780, train_recall=0.8344, train_f1=0.8557, train_roc_auc=0.9930, train_pr_auc=0.8127, valid_acc=0.9992, valid_precision=0.8197, valid_recall=0.6579, valid_f1=0.7299, valid_roc_auc=0.9862, valid_pr_auc=0.7125
2026-08-21 18:50:48,783 - INFO - Epoch 23: new best validation PR-AUC = 0.7204
2026-08-21 18:50:48,783 - INFO - Epoch 23/50, loss=0.0021, train_acc=0.9995, train_precision=0.8754, train_recall=0.8377, train_f1=0.8562, train_roc_auc=0.9933, train_pr_auc=0.8264, valid_acc=0.9992, valid_precision=0.8254, valid_recall=0.6842, valid_f1=0.7482, valid_roc_auc=0.9855, valid_pr_auc=0.7204
2026-08-21 18:51:02,185 - INFO - Epoch 24/50, loss=0.0021, train_acc=0.9995, train_precision=0.8815, train_recall=0.8377, train_f1=0.8591, train_roc_auc=0.9923, train_pr_auc=0.8259, valid_acc=0.9992, valid_precision=0.8226, valid_recall=0.6711, valid_f1=0.7391, valid_roc_auc=0.9845, valid_pr_auc=0.7201
2026-08-21 18:51:15,185 - INFO - Epoch 25/50, loss=0.0021, train_acc=0.9995, train_precision=0.8759, train_recall=0.8411, train_f1=0.8581, train_roc_auc=0.9926, train_pr_auc=0.8217, valid_acc=0.9992, valid_precision=0.8197, valid_recall=0.6579, valid_f1=0.7299, valid_roc_auc=0.9860, valid_pr_auc=0.7108
2026-08-21 18:51:28,256 - INFO - Epoch 26/50, loss=0.0021, train_acc=0.9995, train_precision=0.8763, train_recall=0.8444, train_f1=0.8600, train_roc_auc=0.9941, train_pr_auc=0.8187, valid_acc=0.9992, valid_precision=0.8197, valid_recall=0.6579, valid_f1=0.7299, valid_roc_auc=0.9855, valid_pr_auc=0.7192
2026-08-21 18:51:41,021 - INFO - Epoch 27: new best validation PR-AUC = 0.7228
2026-08-21 18:51:41,021 - INFO - Epoch 27/50, loss=0.0021, train_acc=0.9995, train_precision=0.8811, train_recall=0.8344, train_f1=0.8571, train_roc_auc=0.9937, train_pr_auc=0.8363, valid_acc=0.9992, valid_precision=0.8226, valid_recall=0.6711, valid_f1=0.7391, valid_roc_auc=0.9855, valid_pr_auc=0.7228
2026-08-21 18:51:55,106 - INFO - Epoch 28: new best validation PR-AUC = 0.7252
2026-08-21 18:51:55,106 - INFO - Epoch 28/50, loss=0.0021, train_acc=0.9995, train_precision=0.8780, train_recall=0.8344, train_f1=0.8557, train_roc_auc=0.9931, train_pr_auc=0.8335, valid_acc=0.9992, valid_precision=0.8226, valid_recall=0.6711, valid_f1=0.7391, valid_roc_auc=0.9854, valid_pr_auc=0.7252
2026-08-21 18:52:30,066 - INFO - Epoch 29: new best validation PR-AUC = 0.7307
2026-08-21 18:52:30,066 - INFO - Epoch 29/50, loss=0.0021, train_acc=0.9995, train_precision=0.8767, train_recall=0.8477, train_f1=0.8620, train_roc_auc=0.9924, train_pr_auc=0.8378, valid_acc=0.9992, valid_precision=0.8226, valid_recall=0.6711, valid_f1=0.7391, valid_roc_auc=0.9853, valid_pr_auc=0.7307
2026-08-21 18:53:07,159 - INFO - Epoch 30/50, loss=0.0021, train_acc=0.9996, train_precision=0.8824, train_recall=0.8444, train_f1=0.8629, train_roc_auc=0.9932, train_pr_auc=0.8433, valid_acc=0.9992, valid_precision=0.8226, valid_recall=0.6711, valid_f1=0.7391, valid_roc_auc=0.9859, valid_pr_auc=0.7293
2026-08-21 18:53:42,624 - INFO - Epoch 31/50, loss=0.0021, train_acc=0.9995, train_precision=0.8780, train_recall=0.8344, train_f1=0.8557, train_roc_auc=0.9930, train_pr_auc=0.8236, valid_acc=0.9992, valid_precision=0.8333, valid_recall=0.6579, valid_f1=0.7353, valid_roc_auc=0.9856, valid_pr_auc=0.7247
2026-08-21 18:54:18,393 - INFO - Epoch 32/50, loss=0.0020, train_acc=0.9995, train_precision=0.8846, train_recall=0.8377, train_f1=0.8605, train_roc_auc=0.9926, train_pr_auc=0.8469, valid_acc=0.9992, valid_precision=0.8197, valid_recall=0.6579, valid_f1=0.7299, valid_roc_auc=0.9846, valid_pr_auc=0.7202
2026-08-21 18:54:54,078 - INFO - Epoch 33/50, loss=0.0020, train_acc=0.9995, train_precision=0.8815, train_recall=0.8377, train_f1=0.8591, train_roc_auc=0.9949, train_pr_auc=0.8463, valid_acc=0.9992, valid_precision=0.8226, valid_recall=0.6711, valid_f1=0.7391, valid_roc_auc=0.9858, valid_pr_auc=0.7305
2026-08-21 18:55:29,672 - INFO - Epoch 34/50, loss=0.0020, train_acc=0.9995, train_precision=0.8819, train_recall=0.8411, train_f1=0.8610, train_roc_auc=0.9934, train_pr_auc=0.8501, valid_acc=0.9992, valid_precision=0.8361, valid_recall=0.6711, valid_f1=0.7445, valid_roc_auc=0.9856, valid_pr_auc=0.7305
2026-08-21 18:56:04,818 - INFO - Epoch 35: new best validation PR-AUC = 0.7334
2026-08-21 18:56:04,818 - INFO - Epoch 35/50, loss=0.0020, train_acc=0.9995, train_precision=0.8819, train_recall=0.8411, train_f1=0.8610, train_roc_auc=0.9942, train_pr_auc=0.8426, valid_acc=0.9992, valid_precision=0.8361, valid_recall=0.6711, valid_f1=0.7445, valid_roc_auc=0.9858, valid_pr_auc=0.7334
2026-08-21 18:56:41,404 - INFO - Epoch 36/50, loss=0.0020, train_acc=0.9995, train_precision=0.8789, train_recall=0.8411, train_f1=0.8596, train_roc_auc=0.9937, train_pr_auc=0.8435, valid_acc=0.9992, valid_precision=0.8333, valid_recall=0.6579, valid_f1=0.7353, valid_roc_auc=0.9855, valid_pr_auc=0.7296
2026-08-21 18:57:17,350 - INFO - Epoch 37/50, loss=0.0021, train_acc=0.9995, train_precision=0.8789, train_recall=0.8411, train_f1=0.8596, train_roc_auc=0.9923, train_pr_auc=0.8516, valid_acc=0.9992, valid_precision=0.8361, valid_recall=0.6711, valid_f1=0.7445, valid_roc_auc=0.9859, valid_pr_auc=0.7321
2026-08-21 18:57:52,927 - INFO - Epoch 38/50, loss=0.0020, train_acc=0.9995, train_precision=0.8789, train_recall=0.8411, train_f1=0.8596, train_roc_auc=0.9936, train_pr_auc=0.8520, valid_acc=0.9992, valid_precision=0.8197, valid_recall=0.6579, valid_f1=0.7299, valid_roc_auc=0.9861, valid_pr_auc=0.7331
2026-08-21 18:58:29,033 - INFO - Epoch 39: new best validation PR-AUC = 0.7371
2026-08-21 18:58:29,033 - INFO - Epoch 39/50, loss=0.0020, train_acc=0.9995, train_precision=0.8846, train_recall=0.8377, train_f1=0.8605, train_roc_auc=0.9927, train_pr_auc=0.8510, valid_acc=0.9992, valid_precision=0.8226, valid_recall=0.6711, valid_f1=0.7391, valid_roc_auc=0.9861, valid_pr_auc=0.7371
2026-08-21 18:59:05,024 - INFO - Epoch 40/50, loss=0.0020, train_acc=0.9996, train_precision=0.8832, train_recall=0.8510, train_f1=0.8668, train_roc_auc=0.9944, train_pr_auc=0.8594, valid_acc=0.9992, valid_precision=0.8333, valid_recall=0.6579, valid_f1=0.7353, valid_roc_auc=0.9861, valid_pr_auc=0.7351
2026-08-21 18:59:40,219 - INFO - Epoch 41/50, loss=0.0020, train_acc=0.9995, train_precision=0.8815, train_recall=0.8377, train_f1=0.8591, train_roc_auc=0.9943, train_pr_auc=0.8579, valid_acc=0.9992, valid_precision=0.8333, valid_recall=0.6579, valid_f1=0.7353, valid_roc_auc=0.9862, valid_pr_auc=0.7363
2026-08-21 19:00:16,159 - INFO - Epoch 42: new best validation PR-AUC = 0.7384
2026-08-21 19:00:16,159 - INFO - Epoch 42/50, loss=0.0020, train_acc=0.9996, train_precision=0.8828, train_recall=0.8477, train_f1=0.8649, train_roc_auc=0.9957, train_pr_auc=0.8496, valid_acc=0.9992, valid_precision=0.8361, valid_recall=0.6711, valid_f1=0.7445, valid_roc_auc=0.9861, valid_pr_auc=0.7384
2026-08-21 19:00:52,978 - INFO - Epoch 43/50, loss=0.0020, train_acc=0.9995, train_precision=0.8789, train_recall=0.8411, train_f1=0.8596, train_roc_auc=0.9935, train_pr_auc=0.8547, valid_acc=0.9992, valid_precision=0.8361, valid_recall=0.6711, valid_f1=0.7445, valid_roc_auc=0.9858, valid_pr_auc=0.7375
2026-08-21 19:01:28,806 - INFO - Epoch 44/50, loss=0.0020, train_acc=0.9996, train_precision=0.8850, train_recall=0.8411, train_f1=0.8625, train_roc_auc=0.9925, train_pr_auc=0.8658, valid_acc=0.9992, valid_precision=0.8361, valid_recall=0.6711, valid_f1=0.7445, valid_roc_auc=0.9854, valid_pr_auc=0.7341
2026-08-21 19:02:04,830 - INFO - Epoch 45/50, loss=0.0020, train_acc=0.9996, train_precision=0.8858, train_recall=0.8477, train_f1=0.8663, train_roc_auc=0.9945, train_pr_auc=0.8585, valid_acc=0.9992, valid_precision=0.8361, valid_recall=0.6711, valid_f1=0.7445, valid_roc_auc=0.9858, valid_pr_auc=0.7384
2026-08-21 19:02:41,454 - INFO - Epoch 46/50, loss=0.0020, train_acc=0.9995, train_precision=0.8846, train_recall=0.8377, train_f1=0.8605, train_roc_auc=0.9946, train_pr_auc=0.8590, valid_acc=0.9992, valid_precision=0.8361, valid_recall=0.6711, valid_f1=0.7445, valid_roc_auc=0.9861, valid_pr_auc=0.7381
2026-08-21 19:03:19,312 - INFO - Epoch 47: new best validation PR-AUC = 0.7396
2026-08-21 19:03:19,312 - INFO - Epoch 47/50, loss=0.0020, train_acc=0.9996, train_precision=0.8824, train_recall=0.8444, train_f1=0.8629, train_roc_auc=0.9933, train_pr_auc=0.8593, valid_acc=0.9992, valid_precision=0.8361, valid_recall=0.6711, valid_f1=0.7445, valid_roc_auc=0.9862, valid_pr_auc=0.7396
2026-08-21 19:03:56,705 - INFO - Epoch 48: new best validation PR-AUC = 0.7402
2026-08-21 19:03:56,705 - INFO - Epoch 48/50, loss=0.0020, train_acc=0.9995, train_precision=0.8846, train_recall=0.8377, train_f1=0.8605, train_roc_auc=0.9946, train_pr_auc=0.8549, valid_acc=0.9992, valid_precision=0.8361, valid_recall=0.6711, valid_f1=0.7445, valid_roc_auc=0.9859, valid_pr_auc=0.7402
2026-08-21 19:04:34,133 - INFO - Epoch 49/50, loss=0.0020, train_acc=0.9995, train_precision=0.8793, train_recall=0.8444, train_f1=0.8615, train_roc_auc=0.9949, train_pr_auc=0.8609, valid_acc=0.9992, valid_precision=0.8361, valid_recall=0.6711, valid_f1=0.7445, valid_roc_auc=0.9857, valid_pr_auc=0.7400
2026-08-21 19:05:11,416 - INFO - Epoch 50/50, loss=0.0020, train_acc=0.9996, train_precision=0.8824, train_recall=0.8444, train_f1=0.8629, train_roc_auc=0.9929, train_pr_auc=0.8607, valid_acc=0.9992, valid_precision=0.8361, valid_recall=0.6711, valid_f1=0.7445, valid_roc_auc=0.9857, valid_pr_auc=0.7397
2026-08-21 19:05:11,426 - INFO - Best epoch: 48
2026-08-21 19:05:11,426 - INFO - Best validation PR-AUC: 0.7402
2026-08-21 19:05:11,426 - INFO - Fold 3 results:
2026-08-21 19:05:11,426 - INFO - accuracy: 0.9992
2026-08-21 19:05:11,427 - INFO - f1: 0.7445
2026-08-21 19:05:11,427 - INFO - pr_auc: 0.7402
2026-08-21 19:05:11,427 - INFO - precision: 0.8361
2026-08-21 19:05:11,427 - INFO - recall: 0.6711
2026-08-21 19:05:11,427 - INFO - roc_auc: 0.9859
2026-08-21 19:05:11,427 - INFO - Model saved to models/fraud_model_index_0_fold_3.pth
2026-08-21 19:05:11,430 - INFO - 
========== Fold 4/5 ==========
2026-08-21 19:05:48,324 - INFO - Epoch 1: new best validation PR-AUC = 0.7202
2026-08-21 19:05:48,324 - INFO - Epoch 1/50, loss=0.0436, train_acc=0.9865, train_precision=0.0037, train_recall=0.0265, train_f1=0.0065, train_roc_auc=0.9055, train_pr_auc=0.0280, valid_acc=0.9983, valid_precision=0.0000, valid_recall=0.0000, valid_f1=0.0000, valid_roc_auc=0.9858, valid_pr_auc=0.7202
2026-08-21 19:06:25,449 - INFO - Epoch 2: new best validation PR-AUC = 0.7442
2026-08-21 19:06:25,450 - INFO - Epoch 2/50, loss=0.0041, train_acc=0.9983, train_precision=0.0000, train_recall=0.0000, train_f1=0.0000, train_roc_auc=0.9750, train_pr_auc=0.6844, valid_acc=0.9983, valid_precision=0.0000, valid_recall=0.0000, valid_f1=0.0000, valid_roc_auc=0.9864, valid_pr_auc=0.7442
2026-08-21 19:07:02,554 - INFO - Epoch 3: new best validation PR-AUC = 0.7473
2026-08-21 19:07:02,555 - INFO - Epoch 3/50, loss=0.0036, train_acc=0.9988, train_precision=0.8382, train_recall=0.3775, train_f1=0.5205, train_roc_auc=0.9787, train_pr_auc=0.7159, valid_acc=0.9995, valid_precision=0.8630, valid_recall=0.8289, valid_f1=0.8456, valid_roc_auc=0.9897, valid_pr_auc=0.7473
2026-08-21 19:07:38,557 - INFO - Epoch 4: new best validation PR-AUC = 0.7691
2026-08-21 19:07:38,557 - INFO - Epoch 4/50, loss=0.0032, train_acc=0.9994, train_precision=0.8662, train_recall=0.7715, train_f1=0.8161, train_roc_auc=0.9842, train_pr_auc=0.7226, valid_acc=0.9994, valid_precision=0.8125, valid_recall=0.8553, valid_f1=0.8333, valid_roc_auc=0.9840, valid_pr_auc=0.7691
2026-08-21 19:08:15,554 - INFO - Epoch 5: new best validation PR-AUC = 0.8141
2026-08-21 19:08:15,554 - INFO - Epoch 5/50, loss=0.0030, train_acc=0.9994, train_precision=0.8509, train_recall=0.7748, train_f1=0.8111, train_roc_auc=0.9854, train_pr_auc=0.7535, valid_acc=0.9994, valid_precision=0.8400, valid_recall=0.8289, valid_f1=0.8344, valid_roc_auc=0.9869, valid_pr_auc=0.8141
2026-08-21 19:08:53,318 - INFO - Epoch 6/50, loss=0.0028, train_acc=0.9994, train_precision=0.8598, train_recall=0.7715, train_f1=0.8133, train_roc_auc=0.9865, train_pr_auc=0.7469, valid_acc=0.9994, valid_precision=0.8158, valid_recall=0.8158, valid_f1=0.8158, valid_roc_auc=0.9872, valid_pr_auc=0.7466
2026-08-21 19:09:30,167 - INFO - Epoch 7/50, loss=0.0028, train_acc=0.9994, train_precision=0.8509, train_recall=0.7748, train_f1=0.8111, train_roc_auc=0.9870, train_pr_auc=0.7504, valid_acc=0.9994, valid_precision=0.8571, valid_recall=0.7895, valid_f1=0.8219, valid_roc_auc=0.9912, valid_pr_auc=0.8071
2026-08-21 19:10:07,478 - INFO - Epoch 8/50, loss=0.0027, train_acc=0.9994, train_precision=0.8704, train_recall=0.7781, train_f1=0.8217, train_roc_auc=0.9913, train_pr_auc=0.7572, valid_acc=0.9994, valid_precision=0.8205, valid_recall=0.8421, valid_f1=0.8312, valid_roc_auc=0.9900, valid_pr_auc=0.8043
2026-08-21 19:10:44,837 - INFO - Epoch 9/50, loss=0.0026, train_acc=0.9994, train_precision=0.8704, train_recall=0.7781, train_f1=0.8217, train_roc_auc=0.9903, train_pr_auc=0.7841, valid_acc=0.9994, valid_precision=0.8228, valid_recall=0.8553, valid_f1=0.8387, valid_roc_auc=0.9883, valid_pr_auc=0.8101
2026-08-21 19:11:22,138 - INFO - Epoch 10: new best validation PR-AUC = 0.8208
2026-08-21 19:11:22,138 - INFO - Epoch 10/50, loss=0.0025, train_acc=0.9995, train_precision=0.8778, train_recall=0.7848, train_f1=0.8287, train_roc_auc=0.9905, train_pr_auc=0.7743, valid_acc=0.9994, valid_precision=0.8289, valid_recall=0.8289, valid_f1=0.8289, valid_roc_auc=0.9864, valid_pr_auc=0.8208
2026-08-21 19:11:58,468 - INFO - Epoch 11: new best validation PR-AUC = 0.8218
2026-08-21 19:11:58,468 - INFO - Epoch 11/50, loss=0.0025, train_acc=0.9994, train_precision=0.8676, train_recall=0.7815, train_f1=0.8223, train_roc_auc=0.9914, train_pr_auc=0.7821, valid_acc=0.9994, valid_precision=0.8148, valid_recall=0.8684, valid_f1=0.8408, valid_roc_auc=0.9861, valid_pr_auc=0.8218
2026-08-21 19:12:35,878 - INFO - Epoch 12: new best validation PR-AUC = 0.8255
2026-08-21 19:12:35,894 - INFO - Epoch 12/50, loss=0.0025, train_acc=0.9995, train_precision=0.8696, train_recall=0.7947, train_f1=0.8304, train_roc_auc=0.9916, train_pr_auc=0.7727, valid_acc=0.9994, valid_precision=0.8312, valid_recall=0.8421, valid_f1=0.8366, valid_roc_auc=0.9868, valid_pr_auc=0.8255
2026-08-21 19:13:13,033 - INFO - Epoch 13: new best validation PR-AUC = 0.8281
2026-08-21 19:13:13,034 - INFO - Epoch 13/50, loss=0.0025, train_acc=0.9995, train_precision=0.8750, train_recall=0.7881, train_f1=0.8293, train_roc_auc=0.9880, train_pr_auc=0.7892, valid_acc=0.9995, valid_precision=0.8514, valid_recall=0.8289, valid_f1=0.8400, valid_roc_auc=0.9881, valid_pr_auc=0.8281
2026-08-21 19:13:34,580 - INFO - Epoch 14/50, loss=0.0024, train_acc=0.9995, train_precision=0.8745, train_recall=0.7848, train_f1=0.8272, train_roc_auc=0.9919, train_pr_auc=0.7911, valid_acc=0.9994, valid_precision=0.8312, valid_recall=0.8421, valid_f1=0.8366, valid_roc_auc=0.9880, valid_pr_auc=0.8197
2026-08-21 19:13:51,813 - INFO - Epoch 15/50, loss=0.0024, train_acc=0.9995, train_precision=0.8914, train_recall=0.7881, train_f1=0.8366, train_roc_auc=0.9916, train_pr_auc=0.7845, valid_acc=0.9994, valid_precision=0.8025, valid_recall=0.8553, valid_f1=0.8280, valid_roc_auc=0.9886, valid_pr_auc=0.8123
2026-08-21 19:14:27,343 - INFO - Epoch 16/50, loss=0.0024, train_acc=0.9995, train_precision=0.8755, train_recall=0.7914, train_f1=0.8313, train_roc_auc=0.9910, train_pr_auc=0.7859, valid_acc=0.9995, valid_precision=0.8333, valid_recall=0.8553, valid_f1=0.8442, valid_roc_auc=0.9857, valid_pr_auc=0.8127
2026-08-21 19:15:04,701 - INFO - Epoch 17/50, loss=0.0023, train_acc=0.9995, train_precision=0.8860, train_recall=0.7980, train_f1=0.8397, train_roc_auc=0.9929, train_pr_auc=0.8033, valid_acc=0.9995, valid_precision=0.8533, valid_recall=0.8421, valid_f1=0.8477, valid_roc_auc=0.9882, valid_pr_auc=0.8230
2026-08-21 19:15:41,250 - INFO - Epoch 18/50, loss=0.0023, train_acc=0.9995, train_precision=0.8796, train_recall=0.7980, train_f1=0.8368, train_roc_auc=0.9932, train_pr_auc=0.8064, valid_acc=0.9995, valid_precision=0.8533, valid_recall=0.8421, valid_f1=0.8477, valid_roc_auc=0.9883, valid_pr_auc=0.8242
2026-08-21 19:16:18,539 - INFO - Epoch 19/50, loss=0.0023, train_acc=0.9995, train_precision=0.8876, train_recall=0.7848, train_f1=0.8330, train_roc_auc=0.9929, train_pr_auc=0.7959, valid_acc=0.9995, valid_precision=0.8553, valid_recall=0.8553, valid_f1=0.8553, valid_roc_auc=0.9861, valid_pr_auc=0.8269
2026-08-21 19:16:56,662 - INFO - Epoch 20/50, loss=0.0022, train_acc=0.9995, train_precision=0.8817, train_recall=0.8146, train_f1=0.8468, train_roc_auc=0.9939, train_pr_auc=0.8296, valid_acc=0.9995, valid_precision=0.8533, valid_recall=0.8421, valid_f1=0.8477, valid_roc_auc=0.9882, valid_pr_auc=0.8241
2026-08-21 19:17:31,722 - INFO - Epoch 21: new best validation PR-AUC = 0.8340
2026-08-21 19:17:31,722 - INFO - Epoch 21/50, loss=0.0022, train_acc=0.9995, train_precision=0.8982, train_recall=0.8179, train_f1=0.8562, train_roc_auc=0.9936, train_pr_auc=0.8306, valid_acc=0.9995, valid_precision=0.8553, valid_recall=0.8553, valid_f1=0.8553, valid_roc_auc=0.9870, valid_pr_auc=0.8340
2026-08-21 19:18:09,111 - INFO - Epoch 22/50, loss=0.0022, train_acc=0.9995, train_precision=0.8913, train_recall=0.8146, train_f1=0.8512, train_roc_auc=0.9942, train_pr_auc=0.8307, valid_acc=0.9995, valid_precision=0.8533, valid_recall=0.8421, valid_f1=0.8477, valid_roc_auc=0.9878, valid_pr_auc=0.8335
2026-08-21 19:18:45,940 - INFO - Epoch 23/50, loss=0.0022, train_acc=0.9995, train_precision=0.8917, train_recall=0.8179, train_f1=0.8532, train_roc_auc=0.9942, train_pr_auc=0.8270, valid_acc=0.9994, valid_precision=0.8472, valid_recall=0.8026, valid_f1=0.8243, valid_roc_auc=0.9887, valid_pr_auc=0.8282
2026-08-21 19:19:22,871 - INFO - Epoch 24: new best validation PR-AUC = 0.8488
2026-08-21 19:19:22,871 - INFO - Epoch 24/50, loss=0.0021, train_acc=0.9995, train_precision=0.8949, train_recall=0.8179, train_f1=0.8547, train_roc_auc=0.9942, train_pr_auc=0.8399, valid_acc=0.9995, valid_precision=0.8553, valid_recall=0.8553, valid_f1=0.8553, valid_roc_auc=0.9851, valid_pr_auc=0.8488
2026-08-21 19:19:59,469 - INFO - Epoch 25: new best validation PR-AUC = 0.8537
2026-08-21 19:19:59,469 - INFO - Epoch 25/50, loss=0.0022, train_acc=0.9995, train_precision=0.8959, train_recall=0.7980, train_f1=0.8441, train_roc_auc=0.9935, train_pr_auc=0.8419, valid_acc=0.9995, valid_precision=0.8553, valid_recall=0.8553, valid_f1=0.8553, valid_roc_auc=0.9841, valid_pr_auc=0.8537
2026-08-21 19:20:37,441 - INFO - Epoch 26/50, loss=0.0021, train_acc=0.9995, train_precision=0.9044, train_recall=0.8146, train_f1=0.8571, train_roc_auc=0.9944, train_pr_auc=0.8565, valid_acc=0.9995, valid_precision=0.8514, valid_recall=0.8289, valid_f1=0.8400, valid_roc_auc=0.9852, valid_pr_auc=0.8518
2026-08-21 19:21:15,064 - INFO - Epoch 27: new best validation PR-AUC = 0.8540
2026-08-21 19:21:15,064 - INFO - Epoch 27/50, loss=0.0021, train_acc=0.9995, train_precision=0.8881, train_recall=0.8146, train_f1=0.8497, train_roc_auc=0.9942, train_pr_auc=0.8600, valid_acc=0.9995, valid_precision=0.8533, valid_recall=0.8421, valid_f1=0.8477, valid_roc_auc=0.9846, valid_pr_auc=0.8540
2026-08-21 19:21:51,690 - INFO - Epoch 28: new best validation PR-AUC = 0.8581
2026-08-21 19:21:51,693 - INFO - Epoch 28/50, loss=0.0021, train_acc=0.9995, train_precision=0.9044, train_recall=0.8146, train_f1=0.8571, train_roc_auc=0.9936, train_pr_auc=0.8607, valid_acc=0.9995, valid_precision=0.8514, valid_recall=0.8289, valid_f1=0.8400, valid_roc_auc=0.9865, valid_pr_auc=0.8581
2026-08-21 19:22:28,794 - INFO - Epoch 29: new best validation PR-AUC = 0.8598
2026-08-21 19:22:28,794 - INFO - Epoch 29/50, loss=0.0020, train_acc=0.9995, train_precision=0.9011, train_recall=0.8146, train_f1=0.8557, train_roc_auc=0.9955, train_pr_auc=0.8701, valid_acc=0.9995, valid_precision=0.8553, valid_recall=0.8553, valid_f1=0.8553, valid_roc_auc=0.9845, valid_pr_auc=0.8598
2026-08-21 19:23:06,827 - INFO - Epoch 30/50, loss=0.0020, train_acc=0.9995, train_precision=0.9033, train_recall=0.8046, train_f1=0.8511, train_roc_auc=0.9960, train_pr_auc=0.8723, valid_acc=0.9995, valid_precision=0.8553, valid_recall=0.8553, valid_f1=0.8553, valid_roc_auc=0.9851, valid_pr_auc=0.8597
2026-08-21 19:23:37,409 - INFO - Epoch 31: new best validation PR-AUC = 0.8641
2026-08-21 19:23:37,410 - INFO - Epoch 31/50, loss=0.0021, train_acc=0.9996, train_precision=0.9058, train_recall=0.8278, train_f1=0.8651, train_roc_auc=0.9951, train_pr_auc=0.8682, valid_acc=0.9995, valid_precision=0.8533, valid_recall=0.8421, valid_f1=0.8477, valid_roc_auc=0.9839, valid_pr_auc=0.8641
2026-08-21 19:24:14,647 - INFO - Epoch 32/50, loss=0.0020, train_acc=0.9995, train_precision=0.8949, train_recall=0.8179, train_f1=0.8547, train_roc_auc=0.9953, train_pr_auc=0.8684, valid_acc=0.9995, valid_precision=0.8553, valid_recall=0.8553, valid_f1=0.8553, valid_roc_auc=0.9837, valid_pr_auc=0.8624
2026-08-21 19:24:52,175 - INFO - Epoch 33: new best validation PR-AUC = 0.8665
2026-08-21 19:24:52,175 - INFO - Epoch 33/50, loss=0.0020, train_acc=0.9996, train_precision=0.9025, train_recall=0.8278, train_f1=0.8636, train_roc_auc=0.9939, train_pr_auc=0.8765, valid_acc=0.9995, valid_precision=0.8553, valid_recall=0.8553, valid_f1=0.8553, valid_roc_auc=0.9829, valid_pr_auc=0.8665
2026-08-21 19:25:29,239 - INFO - Epoch 34/50, loss=0.0021, train_acc=0.9996, train_precision=0.9048, train_recall=0.8179, train_f1=0.8591, train_roc_auc=0.9944, train_pr_auc=0.8677, valid_acc=0.9995, valid_precision=0.8533, valid_recall=0.8421, valid_f1=0.8477, valid_roc_auc=0.9856, valid_pr_auc=0.8624
2026-08-21 19:26:04,651 - INFO - Epoch 35/50, loss=0.0020, train_acc=0.9995, train_precision=0.8945, train_recall=0.8146, train_f1=0.8527, train_roc_auc=0.9956, train_pr_auc=0.8791, valid_acc=0.9995, valid_precision=0.8553, valid_recall=0.8553, valid_f1=0.8553, valid_roc_auc=0.9840, valid_pr_auc=0.8661
2026-08-21 19:26:35,598 - INFO - Epoch 36: new best validation PR-AUC = 0.8678
2026-08-21 19:26:35,598 - INFO - Epoch 36/50, loss=0.0020, train_acc=0.9996, train_precision=0.8961, train_recall=0.8278, train_f1=0.8606, train_roc_auc=0.9949, train_pr_auc=0.8789, valid_acc=0.9995, valid_precision=0.8553, valid_recall=0.8553, valid_f1=0.8553, valid_roc_auc=0.9828, valid_pr_auc=0.8678
2026-08-21 19:27:00,221 - INFO - Epoch 37: new best validation PR-AUC = 0.8690
2026-08-21 19:27:00,221 - INFO - Epoch 37/50, loss=0.0020, train_acc=0.9995, train_precision=0.8953, train_recall=0.8212, train_f1=0.8566, train_roc_auc=0.9948, train_pr_auc=0.8832, valid_acc=0.9995, valid_precision=0.8553, valid_recall=0.8553, valid_f1=0.8553, valid_roc_auc=0.9819, valid_pr_auc=0.8690
2026-08-21 19:27:13,642 - INFO - Epoch 38: new best validation PR-AUC = 0.8712
2026-08-21 19:27:13,642 - INFO - Epoch 38/50, loss=0.0020, train_acc=0.9996, train_precision=0.9084, train_recall=0.8212, train_f1=0.8626, train_roc_auc=0.9947, train_pr_auc=0.8828, valid_acc=0.9995, valid_precision=0.8553, valid_recall=0.8553, valid_f1=0.8553, valid_roc_auc=0.9807, valid_pr_auc=0.8712
2026-08-21 19:27:26,756 - INFO - Epoch 39/50, loss=0.0020, train_acc=0.9996, train_precision=0.8989, train_recall=0.8245, train_f1=0.8601, train_roc_auc=0.9949, train_pr_auc=0.8873, valid_acc=0.9995, valid_precision=0.8553, valid_recall=0.8553, valid_f1=0.8553, valid_roc_auc=0.9842, valid_pr_auc=0.8665
2026-08-21 19:27:41,112 - INFO - Epoch 40: new best validation PR-AUC = 0.8716
2026-08-21 19:27:41,113 - INFO - Epoch 40/50, loss=0.0020, train_acc=0.9996, train_precision=0.8989, train_recall=0.8245, train_f1=0.8601, train_roc_auc=0.9954, train_pr_auc=0.8817, valid_acc=0.9995, valid_precision=0.8533, valid_recall=0.8421, valid_f1=0.8477, valid_roc_auc=0.9822, valid_pr_auc=0.8716
2026-08-21 19:27:55,245 - INFO - Epoch 41: new best validation PR-AUC = 0.8756
2026-08-21 19:27:55,245 - INFO - Epoch 41/50, loss=0.0020, train_acc=0.9996, train_precision=0.8993, train_recall=0.8278, train_f1=0.8621, train_roc_auc=0.9942, train_pr_auc=0.8879, valid_acc=0.9995, valid_precision=0.8553, valid_recall=0.8553, valid_f1=0.8553, valid_roc_auc=0.9831, valid_pr_auc=0.8756
2026-08-21 19:28:08,958 - INFO - Epoch 42/50, loss=0.0019, train_acc=0.9996, train_precision=0.8961, train_recall=0.8278, train_f1=0.8606, train_roc_auc=0.9962, train_pr_auc=0.8920, valid_acc=0.9995, valid_precision=0.8553, valid_recall=0.8553, valid_f1=0.8553, valid_roc_auc=0.9828, valid_pr_auc=0.8724
2026-08-21 19:28:25,343 - INFO - Epoch 43/50, loss=0.0019, train_acc=0.9996, train_precision=0.9154, train_recall=0.8245, train_f1=0.8676, train_roc_auc=0.9949, train_pr_auc=0.8908, valid_acc=0.9995, valid_precision=0.8553, valid_recall=0.8553, valid_f1=0.8553, valid_roc_auc=0.9827, valid_pr_auc=0.8741
2026-08-21 19:28:38,944 - INFO - Epoch 44/50, loss=0.0019, train_acc=0.9996, train_precision=0.9029, train_recall=0.8311, train_f1=0.8655, train_roc_auc=0.9957, train_pr_auc=0.8936, valid_acc=0.9995, valid_precision=0.8533, valid_recall=0.8421, valid_f1=0.8477, valid_roc_auc=0.9814, valid_pr_auc=0.8749
2026-08-21 19:28:52,075 - INFO - Epoch 45/50, loss=0.0018, train_acc=0.9996, train_precision=0.9025, train_recall=0.8278, train_f1=0.8636, train_roc_auc=0.9964, train_pr_auc=0.8982, valid_acc=0.9995, valid_precision=0.8553, valid_recall=0.8553, valid_f1=0.8553, valid_roc_auc=0.9832, valid_pr_auc=0.8727
2026-08-21 19:29:08,724 - INFO - Epoch 46/50, loss=0.0019, train_acc=0.9996, train_precision=0.9097, train_recall=0.8344, train_f1=0.8705, train_roc_auc=0.9965, train_pr_auc=0.8888, valid_acc=0.9995, valid_precision=0.8553, valid_recall=0.8553, valid_f1=0.8553, valid_roc_auc=0.9837, valid_pr_auc=0.8720
2026-08-21 19:29:23,101 - INFO - Epoch 47/50, loss=0.0019, train_acc=0.9996, train_precision=0.9061, train_recall=0.8311, train_f1=0.8670, train_roc_auc=0.9951, train_pr_auc=0.8946, valid_acc=0.9995, valid_precision=0.8553, valid_recall=0.8553, valid_f1=0.8553, valid_roc_auc=0.9813, valid_pr_auc=0.8754
2026-08-21 19:29:36,963 - INFO - Epoch 48/50, loss=0.0018, train_acc=0.9996, train_precision=0.9127, train_recall=0.8311, train_f1=0.8700, train_roc_auc=0.9969, train_pr_auc=0.9009, valid_acc=0.9995, valid_precision=0.8553, valid_recall=0.8553, valid_f1=0.8553, valid_roc_auc=0.9836, valid_pr_auc=0.8707
2026-08-21 19:30:07,583 - INFO - Epoch 49/50, loss=0.0018, train_acc=0.9996, train_precision=0.9101, train_recall=0.8377, train_f1=0.8724, train_roc_auc=0.9962, train_pr_auc=0.8993, valid_acc=0.9995, valid_precision=0.8553, valid_recall=0.8553, valid_f1=0.8553, valid_roc_auc=0.9824, valid_pr_auc=0.8755
2026-08-21 19:30:43,211 - INFO - Epoch 50/50, loss=0.0018, train_acc=0.9996, train_precision=0.9048, train_recall=0.8179, train_f1=0.8591, train_roc_auc=0.9968, train_pr_auc=0.9007, valid_acc=0.9995, valid_precision=0.8553, valid_recall=0.8553, valid_f1=0.8553, valid_roc_auc=0.9824, valid_pr_auc=0.8726
2026-08-21 19:30:43,217 - INFO - Best epoch: 41
2026-08-21 19:30:43,218 - INFO - Best validation PR-AUC: 0.8756
2026-08-21 19:30:43,218 - INFO - Fold 4 results:
2026-08-21 19:30:43,218 - INFO - accuracy: 0.9995
2026-08-21 19:30:43,218 - INFO - f1: 0.8553
2026-08-21 19:30:43,218 - INFO - pr_auc: 0.8756
2026-08-21 19:30:43,218 - INFO - precision: 0.8553
2026-08-21 19:30:43,218 - INFO - recall: 0.8553
2026-08-21 19:30:43,218 - INFO - roc_auc: 0.9831
2026-08-21 19:30:43,218 - INFO - Model saved to models/fraud_model_index_0_fold_4.pth
2026-08-21 19:30:43,222 - INFO - 
========== Fold 5/5 ==========
2026-08-21 19:31:20,297 - INFO - Epoch 1: new best validation PR-AUC = 0.7676
2026-08-21 19:31:20,297 - INFO - Epoch 1/50, loss=0.0264, train_acc=0.9983, train_precision=0.0000, train_recall=0.0000, train_f1=0.0000, train_roc_auc=0.9230, train_pr_auc=0.0423, valid_acc=0.9983, valid_precision=0.0000, valid_recall=0.0000, valid_f1=0.0000, valid_roc_auc=0.9919, valid_pr_auc=0.7676
2026-08-21 19:31:56,716 - INFO - Epoch 2: new best validation PR-AUC = 0.7867
2026-08-21 19:31:56,716 - INFO - Epoch 2/50, loss=0.0041, train_acc=0.9983, train_precision=0.0000, train_recall=0.0000, train_f1=0.0000, train_roc_auc=0.9698, train_pr_auc=0.7384, valid_acc=0.9983, valid_precision=0.0000, valid_recall=0.0000, valid_f1=0.0000, valid_roc_auc=0.9897, valid_pr_auc=0.7867
2026-08-21 19:32:34,558 - INFO - Epoch 3/50, loss=0.0035, train_acc=0.9988, train_precision=0.8919, train_recall=0.3278, train_f1=0.4794, train_roc_auc=0.9765, train_pr_auc=0.7478, valid_acc=0.9994, valid_precision=0.8205, valid_recall=0.8421, valid_f1=0.8312, valid_roc_auc=0.9938, valid_pr_auc=0.7815
2026-08-21 19:33:11,366 - INFO - Epoch 4: new best validation PR-AUC = 0.8240
2026-08-21 19:33:11,366 - INFO - Epoch 4/50, loss=0.0032, train_acc=0.9994, train_precision=0.8442, train_recall=0.7715, train_f1=0.8062, train_roc_auc=0.9809, train_pr_auc=0.7396, valid_acc=0.9995, valid_precision=0.8533, valid_recall=0.8421, valid_f1=0.8477, valid_roc_auc=0.9935, valid_pr_auc=0.8240
2026-08-21 19:33:46,079 - INFO - Epoch 5/50, loss=0.0029, train_acc=0.9994, train_precision=0.8448, train_recall=0.7748, train_f1=0.8083, train_roc_auc=0.9856, train_pr_auc=0.7407, valid_acc=0.9994, valid_precision=0.8205, valid_recall=0.8421, valid_f1=0.8312, valid_roc_auc=0.9949, valid_pr_auc=0.8233
2026-08-21 19:34:23,010 - INFO - Epoch 6/50, loss=0.0029, train_acc=0.9994, train_precision=0.8399, train_recall=0.7815, train_f1=0.8096, train_roc_auc=0.9820, train_pr_auc=0.7508, valid_acc=0.9994, valid_precision=0.8312, valid_recall=0.8421, valid_f1=0.8366, valid_roc_auc=0.9904, valid_pr_auc=0.8207
2026-08-21 19:35:00,228 - INFO - Epoch 7/50, loss=0.0029, train_acc=0.9994, train_precision=0.8462, train_recall=0.7649, train_f1=0.8035, train_roc_auc=0.9835, train_pr_auc=0.7369, valid_acc=0.9994, valid_precision=0.8025, valid_recall=0.8553, valid_f1=0.8280, valid_roc_auc=0.9953, valid_pr_auc=0.8130
2026-08-21 19:35:35,601 - INFO - Epoch 8: new best validation PR-AUC = 0.8336
2026-08-21 19:35:35,601 - INFO - Epoch 8/50, loss=0.0027, train_acc=0.9994, train_precision=0.8484, train_recall=0.7781, train_f1=0.8117, train_roc_auc=0.9866, train_pr_auc=0.7818, valid_acc=0.9995, valid_precision=0.8767, valid_recall=0.8421, valid_f1=0.8591, valid_roc_auc=0.9966, valid_pr_auc=0.8336
2026-08-21 19:36:11,517 - INFO - Epoch 9/50, loss=0.0026, train_acc=0.9995, train_precision=0.8778, train_recall=0.7848, train_f1=0.8287, train_roc_auc=0.9867, train_pr_auc=0.8061, valid_acc=0.9995, valid_precision=0.8333, valid_recall=0.8553, valid_f1=0.8442, valid_roc_auc=0.9968, valid_pr_auc=0.8256
2026-08-21 19:36:47,078 - INFO - Epoch 10/50, loss=0.0026, train_acc=0.9994, train_precision=0.8618, train_recall=0.7848, train_f1=0.8215, train_roc_auc=0.9886, train_pr_auc=0.7885, valid_acc=0.9995, valid_precision=0.8649, valid_recall=0.8421, valid_f1=0.8533, valid_roc_auc=0.9961, valid_pr_auc=0.8298
2026-08-21 19:37:23,093 - INFO - Epoch 11: new best validation PR-AUC = 0.8478
2026-08-21 19:37:23,093 - INFO - Epoch 11/50, loss=0.0026, train_acc=0.9995, train_precision=0.8806, train_recall=0.7815, train_f1=0.8281, train_roc_auc=0.9879, train_pr_auc=0.8182, valid_acc=0.9996, valid_precision=0.8904, valid_recall=0.8553, valid_f1=0.8725, valid_roc_auc=0.9967, valid_pr_auc=0.8478
2026-08-21 19:37:58,798 - INFO - Epoch 12: new best validation PR-AUC = 0.8511
2026-08-21 19:37:58,798 - INFO - Epoch 12/50, loss=0.0026, train_acc=0.9994, train_precision=0.8679, train_recall=0.7616, train_f1=0.8113, train_roc_auc=0.9855, train_pr_auc=0.8345, valid_acc=0.9995, valid_precision=0.8442, valid_recall=0.8553, valid_f1=0.8497, valid_roc_auc=0.9952, valid_pr_auc=0.8511
2026-08-21 19:38:26,578 - INFO - Epoch 13/50, loss=0.0025, train_acc=0.9995, train_precision=0.8876, train_recall=0.7848, train_f1=0.8330, train_roc_auc=0.9868, train_pr_auc=0.8318, valid_acc=0.9995, valid_precision=0.8333, valid_recall=0.8553, valid_f1=0.8442, valid_roc_auc=0.9958, valid_pr_auc=0.8507
2026-08-21 19:38:41,190 - INFO - Epoch 14: new best validation PR-AUC = 0.8563
2026-08-21 19:38:41,190 - INFO - Epoch 14/50, loss=0.0025, train_acc=0.9995, train_precision=0.8764, train_recall=0.7980, train_f1=0.8354, train_roc_auc=0.9901, train_pr_auc=0.8210, valid_acc=0.9995, valid_precision=0.8767, valid_recall=0.8421, valid_f1=0.8591, valid_roc_auc=0.9980, valid_pr_auc=0.8563
2026-08-21 19:39:17,245 - INFO - Epoch 15: new best validation PR-AUC = 0.8614
2026-08-21 19:39:17,245 - INFO - Epoch 15/50, loss=0.0025, train_acc=0.9995, train_precision=0.8864, train_recall=0.7748, train_f1=0.8269, train_roc_auc=0.9883, train_pr_auc=0.8432, valid_acc=0.9995, valid_precision=0.8553, valid_recall=0.8553, valid_f1=0.8553, valid_roc_auc=0.9972, valid_pr_auc=0.8614
2026-08-21 19:39:52,113 - INFO - Epoch 16/50, loss=0.0024, train_acc=0.9995, train_precision=0.8985, train_recall=0.7914, train_f1=0.8415, train_roc_auc=0.9888, train_pr_auc=0.8625, valid_acc=0.9996, valid_precision=0.8800, valid_recall=0.8684, valid_f1=0.8742, valid_roc_auc=0.9972, valid_pr_auc=0.8594
2026-08-21 19:40:28,518 - INFO - Epoch 17: new best validation PR-AUC = 0.8641
2026-08-21 19:40:28,519 - INFO - Epoch 17/50, loss=0.0023, train_acc=0.9995, train_precision=0.8947, train_recall=0.7881, train_f1=0.8380, train_roc_auc=0.9892, train_pr_auc=0.8452, valid_acc=0.9996, valid_precision=0.8784, valid_recall=0.8553, valid_f1=0.8667, valid_roc_auc=0.9942, valid_pr_auc=0.8641
2026-08-21 19:41:04,644 - INFO - Epoch 18: new best validation PR-AUC = 0.8662
2026-08-21 19:41:04,644 - INFO - Epoch 18/50, loss=0.0023, train_acc=0.9995, train_precision=0.9077, train_recall=0.7815, train_f1=0.8399, train_roc_auc=0.9896, train_pr_auc=0.8577, valid_acc=0.9995, valid_precision=0.8767, valid_recall=0.8421, valid_f1=0.8591, valid_roc_auc=0.9967, valid_pr_auc=0.8662
2026-08-21 19:41:40,402 - INFO - Epoch 19: new best validation PR-AUC = 0.8716
2026-08-21 19:41:40,402 - INFO - Epoch 19/50, loss=0.0023, train_acc=0.9995, train_precision=0.9073, train_recall=0.7781, train_f1=0.8378, train_roc_auc=0.9877, train_pr_auc=0.8614, valid_acc=0.9996, valid_precision=0.8904, valid_recall=0.8553, valid_f1=0.8725, valid_roc_auc=0.9973, valid_pr_auc=0.8716
2026-08-21 19:42:15,134 - INFO - Epoch 20/50, loss=0.0022, train_acc=0.9995, train_precision=0.9119, train_recall=0.7881, train_f1=0.8455, train_roc_auc=0.9908, train_pr_auc=0.8708, valid_acc=0.9996, valid_precision=0.8904, valid_recall=0.8553, valid_f1=0.8725, valid_roc_auc=0.9972, valid_pr_auc=0.8697
2026-08-21 19:42:50,562 - INFO - Epoch 21/50, loss=0.0023, train_acc=0.9995, train_precision=0.9163, train_recall=0.7980, train_f1=0.8531, train_roc_auc=0.9887, train_pr_auc=0.8666, valid_acc=0.9995, valid_precision=0.8986, valid_recall=0.8158, valid_f1=0.8552, valid_roc_auc=0.9965, valid_pr_auc=0.8602
2026-08-21 19:43:26,007 - INFO - Epoch 22: new best validation PR-AUC = 0.8729
2026-08-21 19:43:26,007 - INFO - Epoch 22/50, loss=0.0022, train_acc=0.9995, train_precision=0.9154, train_recall=0.7881, train_f1=0.8470, train_roc_auc=0.9904, train_pr_auc=0.8675, valid_acc=0.9996, valid_precision=0.8919, valid_recall=0.8684, valid_f1=0.8800, valid_roc_auc=0.9975, valid_pr_auc=0.8729
2026-08-21 19:44:01,262 - INFO - Epoch 23/50, loss=0.0022, train_acc=0.9995, train_precision=0.9154, train_recall=0.7881, train_f1=0.8470, train_roc_auc=0.9881, train_pr_auc=0.8732, valid_acc=0.9995, valid_precision=0.8667, valid_recall=0.8553, valid_f1=0.8609, valid_roc_auc=0.9979, valid_pr_auc=0.8691
2026-08-21 19:44:37,686 - INFO - Epoch 24: new best validation PR-AUC = 0.8737
2026-08-21 19:44:37,686 - INFO - Epoch 24/50, loss=0.0022, train_acc=0.9995, train_precision=0.9195, train_recall=0.7947, train_f1=0.8526, train_roc_auc=0.9913, train_pr_auc=0.8741, valid_acc=0.9995, valid_precision=0.9219, valid_recall=0.7763, valid_f1=0.8429, valid_roc_auc=0.9951, valid_pr_auc=0.8737
2026-08-21 19:45:13,987 - INFO - Epoch 25/50, loss=0.0021, train_acc=0.9996, train_precision=0.9205, train_recall=0.8046, train_f1=0.8587, train_roc_auc=0.9897, train_pr_auc=0.8809, valid_acc=0.9996, valid_precision=0.8904, valid_recall=0.8553, valid_f1=0.8725, valid_roc_auc=0.9971, valid_pr_auc=0.8721
2026-08-21 19:45:49,472 - INFO - Epoch 26: new best validation PR-AUC = 0.8777
2026-08-21 19:45:49,474 - INFO - Epoch 26/50, loss=0.0021, train_acc=0.9995, train_precision=0.9228, train_recall=0.7914, train_f1=0.8520, train_roc_auc=0.9905, train_pr_auc=0.8761, valid_acc=0.9995, valid_precision=0.9231, valid_recall=0.7895, valid_f1=0.8511, valid_roc_auc=0.9966, valid_pr_auc=0.8777
2026-08-21 19:46:25,316 - INFO - Epoch 27/50, loss=0.0021, train_acc=0.9996, train_precision=0.9234, train_recall=0.7980, train_f1=0.8561, train_roc_auc=0.9908, train_pr_auc=0.8776, valid_acc=0.9995, valid_precision=0.8553, valid_recall=0.8553, valid_f1=0.8553, valid_roc_auc=0.9959, valid_pr_auc=0.8674
2026-08-21 19:47:01,293 - INFO - Epoch 28: new best validation PR-AUC = 0.8781
2026-08-21 19:47:01,293 - INFO - Epoch 28/50, loss=0.0021, train_acc=0.9996, train_precision=0.9305, train_recall=0.7980, train_f1=0.8592, train_roc_auc=0.9916, train_pr_auc=0.8841, valid_acc=0.9996, valid_precision=0.9014, valid_recall=0.8421, valid_f1=0.8707, valid_roc_auc=0.9963, valid_pr_auc=0.8781
2026-08-21 19:47:36,385 - INFO - Epoch 29/50, loss=0.0021, train_acc=0.9996, train_precision=0.9278, train_recall=0.8079, train_f1=0.8637, train_roc_auc=0.9913, train_pr_auc=0.8797, valid_acc=0.9996, valid_precision=0.9000, valid_recall=0.8289, valid_f1=0.8630, valid_roc_auc=0.9973, valid_pr_auc=0.8705
2026-08-21 19:48:12,209 - INFO - Epoch 30: new best validation PR-AUC = 0.8788
2026-08-21 19:48:12,209 - INFO - Epoch 30/50, loss=0.0021, train_acc=0.9996, train_precision=0.9313, train_recall=0.8079, train_f1=0.8652, train_roc_auc=0.9918, train_pr_auc=0.8815, valid_acc=0.9996, valid_precision=0.9155, valid_recall=0.8553, valid_f1=0.8844, valid_roc_auc=0.9968, valid_pr_auc=0.8788
2026-08-21 19:48:48,366 - INFO - Epoch 31/50, loss=0.0021, train_acc=0.9995, train_precision=0.9154, train_recall=0.7881, train_f1=0.8470, train_roc_auc=0.9903, train_pr_auc=0.8798, valid_acc=0.9995, valid_precision=0.9104, valid_recall=0.8026, valid_f1=0.8531, valid_roc_auc=0.9952, valid_pr_auc=0.8725
2026-08-21 19:49:23,316 - INFO - Epoch 32/50, loss=0.0021, train_acc=0.9995, train_precision=0.9231, train_recall=0.7947, train_f1=0.8541, train_roc_auc=0.9921, train_pr_auc=0.8851, valid_acc=0.9993, valid_precision=0.9388, valid_recall=0.6053, valid_f1=0.7360, valid_roc_auc=0.9959, valid_pr_auc=0.8562
2026-08-21 19:49:59,056 - INFO - Epoch 33/50, loss=0.0020, train_acc=0.9996, train_precision=0.9313, train_recall=0.8079, train_f1=0.8652, train_roc_auc=0.9910, train_pr_auc=0.8901, valid_acc=0.9996, valid_precision=0.9375, valid_recall=0.7895, valid_f1=0.8571, valid_roc_auc=0.9975, valid_pr_auc=0.8785
2026-08-21 19:50:19,870 - INFO - Epoch 34/50, loss=0.0019, train_acc=0.9996, train_precision=0.9392, train_recall=0.8179, train_f1=0.8743, train_roc_auc=0.9935, train_pr_auc=0.8988, valid_acc=0.9996, valid_precision=0.8904, valid_recall=0.8553, valid_f1=0.8725, valid_roc_auc=0.9968, valid_pr_auc=0.8771
2026-08-21 19:50:32,359 - INFO - Epoch 35/50, loss=0.0018, train_acc=0.9996, train_precision=0.9421, train_recall=0.8079, train_f1=0.8699, train_roc_auc=0.9936, train_pr_auc=0.8933, valid_acc=0.9996, valid_precision=0.8919, valid_recall=0.8684, valid_f1=0.8800, valid_roc_auc=0.9964, valid_pr_auc=0.8775
2026-08-21 19:50:45,703 - INFO - Epoch 36/50, loss=0.0018, train_acc=0.9996, train_precision=0.9508, train_recall=0.8311, train_f1=0.8869, train_roc_auc=0.9939, train_pr_auc=0.9002, valid_acc=0.9995, valid_precision=0.9355, valid_recall=0.7632, valid_f1=0.8406, valid_roc_auc=0.9964, valid_pr_auc=0.8772
2026-08-21 19:50:58,929 - INFO - Epoch 37/50, loss=0.0017, train_acc=0.9996, train_precision=0.9577, train_recall=0.8245, train_f1=0.8861, train_roc_auc=0.9965, train_pr_auc=0.9075, valid_acc=0.9996, valid_precision=0.9000, valid_recall=0.8289, valid_f1=0.8630, valid_roc_auc=0.9970, valid_pr_auc=0.8787
2026-08-21 19:51:11,962 - INFO - Epoch 38: new best validation PR-AUC = 0.8809
2026-08-21 19:51:11,962 - INFO - Epoch 38/50, loss=0.0017, train_acc=0.9996, train_precision=0.9504, train_recall=0.8245, train_f1=0.8830, train_roc_auc=0.9948, train_pr_auc=0.9087, valid_acc=0.9996, valid_precision=0.9265, valid_recall=0.8289, valid_f1=0.8750, valid_roc_auc=0.9970, valid_pr_auc=0.8809
2026-08-21 19:51:25,475 - INFO - Epoch 39/50, loss=0.0017, train_acc=0.9996, train_precision=0.9502, train_recall=0.8212, train_f1=0.8810, train_roc_auc=0.9961, train_pr_auc=0.9059, valid_acc=0.9996, valid_precision=0.9130, valid_recall=0.8289, valid_f1=0.8690, valid_roc_auc=0.9962, valid_pr_auc=0.8781
2026-08-21 19:51:38,595 - INFO - Epoch 40/50, loss=0.0017, train_acc=0.9997, train_precision=0.9580, train_recall=0.8311, train_f1=0.8901, train_roc_auc=0.9952, train_pr_auc=0.9106, valid_acc=0.9996, valid_precision=0.9028, valid_recall=0.8553, valid_f1=0.8784, valid_roc_auc=0.9965, valid_pr_auc=0.8801
2026-08-21 19:51:51,666 - INFO - Epoch 41/50, loss=0.0017, train_acc=0.9997, train_precision=0.9544, train_recall=0.8311, train_f1=0.8885, train_roc_auc=0.9953, train_pr_auc=0.9104, valid_acc=0.9996, valid_precision=0.9531, valid_recall=0.8026, valid_f1=0.8714, valid_roc_auc=0.9970, valid_pr_auc=0.8779
2026-08-21 19:52:04,702 - INFO - Epoch 42/50, loss=0.0017, train_acc=0.9997, train_precision=0.9579, train_recall=0.8278, train_f1=0.8881, train_roc_auc=0.9946, train_pr_auc=0.9112, valid_acc=0.9996, valid_precision=0.9254, valid_recall=0.8158, valid_f1=0.8671, valid_roc_auc=0.9966, valid_pr_auc=0.8796
2026-08-21 19:52:18,460 - INFO - Epoch 43/50, loss=0.0017, train_acc=0.9997, train_precision=0.9549, train_recall=0.8411, train_f1=0.8944, train_roc_auc=0.9945, train_pr_auc=0.9123, valid_acc=0.9996, valid_precision=0.9130, valid_recall=0.8289, valid_f1=0.8690, valid_roc_auc=0.9972, valid_pr_auc=0.8805
2026-08-21 19:52:32,353 - INFO - Epoch 44/50, loss=0.0017, train_acc=0.9997, train_precision=0.9583, train_recall=0.8377, train_f1=0.8940, train_roc_auc=0.9935, train_pr_auc=0.9142, valid_acc=0.9996, valid_precision=0.9014, valid_recall=0.8421, valid_f1=0.8707, valid_roc_auc=0.9971, valid_pr_auc=0.8803
2026-08-21 19:52:45,879 - INFO - Epoch 45: new best validation PR-AUC = 0.8827
2026-08-21 19:52:45,879 - INFO - Epoch 45/50, loss=0.0016, train_acc=0.9997, train_precision=0.9618, train_recall=0.8344, train_f1=0.8936, train_roc_auc=0.9967, train_pr_auc=0.9150, valid_acc=0.9996, valid_precision=0.9143, valid_recall=0.8421, valid_f1=0.8767, valid_roc_auc=0.9978, valid_pr_auc=0.8827
2026-08-21 19:52:59,895 - INFO - Epoch 46/50, loss=0.0016, train_acc=0.9997, train_precision=0.9621, train_recall=0.8411, train_f1=0.8975, train_roc_auc=0.9951, train_pr_auc=0.9142, valid_acc=0.9996, valid_precision=0.9143, valid_recall=0.8421, valid_f1=0.8767, valid_roc_auc=0.9972, valid_pr_auc=0.8818
2026-08-21 19:53:13,472 - INFO - Epoch 47/50, loss=0.0016, train_acc=0.9997, train_precision=0.9590, train_recall=0.8510, train_f1=0.9018, train_roc_auc=0.9956, train_pr_auc=0.9119, valid_acc=0.9996, valid_precision=0.9275, valid_recall=0.8421, valid_f1=0.8828, valid_roc_auc=0.9971, valid_pr_auc=0.8814
2026-08-21 19:53:27,249 - INFO - Epoch 48/50, loss=0.0017, train_acc=0.9996, train_precision=0.9540, train_recall=0.8245, train_f1=0.8845, train_roc_auc=0.9957, train_pr_auc=0.9143, valid_acc=0.9996, valid_precision=0.9130, valid_recall=0.8289, valid_f1=0.8690, valid_roc_auc=0.9967, valid_pr_auc=0.8795
2026-08-21 19:53:40,779 - INFO - Epoch 49/50, loss=0.0016, train_acc=0.9997, train_precision=0.9733, train_recall=0.8444, train_f1=0.9043, train_roc_auc=0.9973, train_pr_auc=0.9129, valid_acc=0.9996, valid_precision=0.9265, valid_recall=0.8289, valid_f1=0.8750, valid_roc_auc=0.9971, valid_pr_auc=0.8821
2026-08-21 19:53:54,460 - INFO - Epoch 50/50, loss=0.0016, train_acc=0.9997, train_precision=0.9625, train_recall=0.8510, train_f1=0.9033, train_roc_auc=0.9971, train_pr_auc=0.9167, valid_acc=0.9996, valid_precision=0.9014, valid_recall=0.8421, valid_f1=0.8707, valid_roc_auc=0.9978, valid_pr_auc=0.8819
2026-08-21 19:53:54,460 - INFO - Best epoch: 45
2026-08-21 19:53:54,460 - INFO - Best validation PR-AUC: 0.8827
2026-08-21 19:53:54,460 - INFO - Fold 5 results:
2026-08-21 19:53:54,460 - INFO - accuracy: 0.9996
2026-08-21 19:53:54,460 - INFO - f1: 0.8767
2026-08-21 19:53:54,460 - INFO - pr_auc: 0.8827
2026-08-21 19:53:54,460 - INFO - precision: 0.9143
2026-08-21 19:53:54,460 - INFO - recall: 0.8421
2026-08-21 19:53:54,460 - INFO - roc_auc: 0.9978
2026-08-21 19:53:54,460 - INFO - Model saved to models/fraud_model_index_0_fold_5.pth
2026-08-21 19:53:54,460 - INFO - ================== Training Model 1 ==================
2026-08-21 19:53:54,506 - INFO - 
========== Fold 1/5 ==========
2026-08-21 19:54:08,312 - INFO - Epoch 1: new best validation PR-AUC = 0.7549
2026-08-21 19:54:08,312 - INFO - Epoch 1/50, loss=0.0267, train_acc=0.9980, train_precision=0.0000, train_recall=0.0000, train_f1=0.0000, train_roc_auc=0.9321, train_pr_auc=0.1640, valid_acc=0.9983, valid_precision=0.0000, valid_recall=0.0000, valid_f1=0.0000, valid_roc_auc=0.9599, valid_pr_auc=0.7549
2026-08-21 19:54:21,543 - INFO - Epoch 2: new best validation PR-AUC = 0.7630
2026-08-21 19:54:21,543 - INFO - Epoch 2/50, loss=0.0037, train_acc=0.9983, train_precision=0.0000, train_recall=0.0000, train_f1=0.0000, train_roc_auc=0.9774, train_pr_auc=0.7166, valid_acc=0.9983, valid_precision=0.0000, valid_recall=0.0000, valid_f1=0.0000, valid_roc_auc=0.9745, valid_pr_auc=0.7630
2026-08-21 19:54:34,749 - INFO - Epoch 3: new best validation PR-AUC = 0.7680
2026-08-21 19:54:34,749 - INFO - Epoch 3/50, loss=0.0033, train_acc=0.9987, train_precision=0.8426, train_recall=0.3003, train_f1=0.4428, train_roc_auc=0.9843, train_pr_auc=0.7129, valid_acc=0.9995, valid_precision=0.9062, valid_recall=0.7733, valid_f1=0.8345, valid_roc_auc=0.9706, valid_pr_auc=0.7680
2026-08-21 19:54:47,713 - INFO - Epoch 4: new best validation PR-AUC = 0.7695
2026-08-21 19:54:47,713 - INFO - Epoch 4/50, loss=0.0031, train_acc=0.9994, train_precision=0.8593, train_recall=0.7657, train_f1=0.8098, train_roc_auc=0.9874, train_pr_auc=0.7363, valid_acc=0.9995, valid_precision=0.8824, valid_recall=0.8000, valid_f1=0.8392, valid_roc_auc=0.9710, valid_pr_auc=0.7695
2026-08-21 19:55:00,627 - INFO - Epoch 5: new best validation PR-AUC = 0.7737
2026-08-21 19:55:00,627 - INFO - Epoch 5/50, loss=0.0030, train_acc=0.9994, train_precision=0.8351, train_recall=0.7855, train_f1=0.8095, train_roc_auc=0.9892, train_pr_auc=0.7636, valid_acc=0.9995, valid_precision=0.9077, valid_recall=0.7867, valid_f1=0.8429, valid_roc_auc=0.9607, valid_pr_auc=0.7737
2026-08-21 19:55:14,053 - INFO - Epoch 6: new best validation PR-AUC = 0.7761
2026-08-21 19:55:14,053 - INFO - Epoch 6/50, loss=0.0028, train_acc=0.9994, train_precision=0.8322, train_recall=0.7855, train_f1=0.8081, train_roc_auc=0.9871, train_pr_auc=0.7428, valid_acc=0.9995, valid_precision=0.9077, valid_recall=0.7867, valid_f1=0.8429, valid_roc_auc=0.9750, valid_pr_auc=0.7761
2026-08-21 19:55:27,444 - INFO - Epoch 7: new best validation PR-AUC = 0.7789
2026-08-21 19:55:27,444 - INFO - Epoch 7/50, loss=0.0027, train_acc=0.9994, train_precision=0.8484, train_recall=0.7756, train_f1=0.8103, train_roc_auc=0.9910, train_pr_auc=0.7620, valid_acc=0.9995, valid_precision=0.8824, valid_recall=0.8000, valid_f1=0.8392, valid_roc_auc=0.9688, valid_pr_auc=0.7789
2026-08-21 19:55:41,007 - INFO - Epoch 8: new best validation PR-AUC = 0.7806
2026-08-21 19:55:41,007 - INFO - Epoch 8/50, loss=0.0027, train_acc=0.9994, train_precision=0.8310, train_recall=0.7954, train_f1=0.8128, train_roc_auc=0.9872, train_pr_auc=0.7468, valid_acc=0.9994, valid_precision=0.8983, valid_recall=0.7067, valid_f1=0.7910, valid_roc_auc=0.9742, valid_pr_auc=0.7806
2026-08-21 19:55:53,944 - INFO - Epoch 9: new best validation PR-AUC = 0.7974
2026-08-21 19:55:53,944 - INFO - Epoch 9/50, loss=0.0026, train_acc=0.9994, train_precision=0.8397, train_recall=0.7954, train_f1=0.8169, train_roc_auc=0.9893, train_pr_auc=0.7578, valid_acc=0.9994, valid_precision=0.9016, valid_recall=0.7333, valid_f1=0.8088, valid_roc_auc=0.9749, valid_pr_auc=0.7974
2026-08-21 19:56:06,508 - INFO - Epoch 10/50, loss=0.0026, train_acc=0.9994, train_precision=0.8432, train_recall=0.7987, train_f1=0.8203, train_roc_auc=0.9894, train_pr_auc=0.7567, valid_acc=0.9995, valid_precision=0.8824, valid_recall=0.8000, valid_f1=0.8392, valid_roc_auc=0.9662, valid_pr_auc=0.7771
2026-08-21 19:56:19,306 - INFO - Epoch 11/50, loss=0.0025, train_acc=0.9994, train_precision=0.8475, train_recall=0.7888, train_f1=0.8171, train_roc_auc=0.9916, train_pr_auc=0.7484, valid_acc=0.9995, valid_precision=0.9062, valid_recall=0.7733, valid_f1=0.8345, valid_roc_auc=0.9684, valid_pr_auc=0.7874
2026-08-21 19:56:32,782 - INFO - Epoch 12/50, loss=0.0025, train_acc=0.9994, train_precision=0.8521, train_recall=0.7987, train_f1=0.8245, train_roc_auc=0.9885, train_pr_auc=0.7782, valid_acc=0.9994, valid_precision=0.9167, valid_recall=0.7333, valid_f1=0.8148, valid_roc_auc=0.9694, valid_pr_auc=0.7902
2026-08-21 19:56:46,085 - INFO - Epoch 13: new best validation PR-AUC = 0.8005
2026-08-21 19:56:46,085 - INFO - Epoch 13/50, loss=0.0023, train_acc=0.9995, train_precision=0.8710, train_recall=0.8020, train_f1=0.8351, train_roc_auc=0.9925, train_pr_auc=0.7852, valid_acc=0.9995, valid_precision=0.9048, valid_recall=0.7600, valid_f1=0.8261, valid_roc_auc=0.9731, valid_pr_auc=0.8005
2026-08-21 19:56:59,164 - INFO - Epoch 14: new best validation PR-AUC = 0.8017
2026-08-21 19:56:59,164 - INFO - Epoch 14/50, loss=0.0023, train_acc=0.9995, train_precision=0.8723, train_recall=0.8119, train_f1=0.8410, train_roc_auc=0.9930, train_pr_auc=0.7848, valid_acc=0.9996, valid_precision=0.9104, valid_recall=0.8133, valid_f1=0.8592, valid_roc_auc=0.9694, valid_pr_auc=0.8017
2026-08-21 19:57:12,460 - INFO - Epoch 15: new best validation PR-AUC = 0.8053
2026-08-21 19:57:12,460 - INFO - Epoch 15/50, loss=0.0022, train_acc=0.9995, train_precision=0.8781, train_recall=0.8086, train_f1=0.8419, train_roc_auc=0.9933, train_pr_auc=0.8196, valid_acc=0.9995, valid_precision=0.9206, valid_recall=0.7733, valid_f1=0.8406, valid_roc_auc=0.9650, valid_pr_auc=0.8053
2026-08-21 19:57:25,799 - INFO - Epoch 16: new best validation PR-AUC = 0.8189
2026-08-21 19:57:25,799 - INFO - Epoch 16/50, loss=0.0022, train_acc=0.9995, train_precision=0.8763, train_recall=0.8185, train_f1=0.8464, train_roc_auc=0.9936, train_pr_auc=0.8153, valid_acc=0.9995, valid_precision=0.9194, valid_recall=0.7600, valid_f1=0.8321, valid_roc_auc=0.9639, valid_pr_auc=0.8189
2026-08-21 19:57:38,870 - INFO - Epoch 17: new best validation PR-AUC = 0.8253
2026-08-21 19:57:38,870 - INFO - Epoch 17/50, loss=0.0022, train_acc=0.9995, train_precision=0.8714, train_recall=0.8053, train_f1=0.8370, train_roc_auc=0.9922, train_pr_auc=0.8615, valid_acc=0.9994, valid_precision=0.9167, valid_recall=0.7333, valid_f1=0.8148, valid_roc_auc=0.9702, valid_pr_auc=0.8253
2026-08-21 19:57:51,147 - INFO - Epoch 18: new best validation PR-AUC = 0.8319
2026-08-21 19:57:51,147 - INFO - Epoch 18/50, loss=0.0022, train_acc=0.9995, train_precision=0.8759, train_recall=0.8152, train_f1=0.8444, train_roc_auc=0.9934, train_pr_auc=0.8668, valid_acc=0.9995, valid_precision=0.9206, valid_recall=0.7733, valid_f1=0.8406, valid_roc_auc=0.9671, valid_pr_auc=0.8319
2026-08-21 19:58:03,419 - INFO - Epoch 19/50, loss=0.0021, train_acc=0.9995, train_precision=0.8676, train_recall=0.8218, train_f1=0.8441, train_roc_auc=0.9943, train_pr_auc=0.8752, valid_acc=0.9995, valid_precision=0.9091, valid_recall=0.8000, valid_f1=0.8511, valid_roc_auc=0.9659, valid_pr_auc=0.8262
2026-08-21 19:58:16,792 - INFO - Epoch 20: new best validation PR-AUC = 0.8411
2026-08-21 19:58:16,792 - INFO - Epoch 20/50, loss=0.0021, train_acc=0.9995, train_precision=0.8813, train_recall=0.8086, train_f1=0.8434, train_roc_auc=0.9947, train_pr_auc=0.8749, valid_acc=0.9995, valid_precision=0.9091, valid_recall=0.8000, valid_f1=0.8511, valid_roc_auc=0.9673, valid_pr_auc=0.8411
2026-08-21 19:58:30,525 - INFO - Epoch 21/50, loss=0.0020, train_acc=0.9995, train_precision=0.8776, train_recall=0.8284, train_f1=0.8523, train_roc_auc=0.9946, train_pr_auc=0.8816, valid_acc=0.9995, valid_precision=0.9077, valid_recall=0.7867, valid_f1=0.8429, valid_roc_auc=0.9626, valid_pr_auc=0.8323
2026-08-21 19:58:43,550 - INFO - Epoch 22/50, loss=0.0020, train_acc=0.9995, train_precision=0.8720, train_recall=0.8317, train_f1=0.8514, train_roc_auc=0.9948, train_pr_auc=0.8830, valid_acc=0.9995, valid_precision=0.9077, valid_recall=0.7867, valid_f1=0.8429, valid_roc_auc=0.9655, valid_pr_auc=0.8373
2026-08-21 19:58:56,791 - INFO - Epoch 23/50, loss=0.0020, train_acc=0.9995, train_precision=0.8690, train_recall=0.8317, train_f1=0.8499, train_roc_auc=0.9936, train_pr_auc=0.8947, valid_acc=0.9995, valid_precision=0.9091, valid_recall=0.8000, valid_f1=0.8511, valid_roc_auc=0.9668, valid_pr_auc=0.8350
2026-08-21 19:59:09,173 - INFO - Epoch 24: new best validation PR-AUC = 0.8417
2026-08-21 19:59:09,173 - INFO - Epoch 24/50, loss=0.0019, train_acc=0.9995, train_precision=0.8737, train_recall=0.8449, train_f1=0.8591, train_roc_auc=0.9956, train_pr_auc=0.8942, valid_acc=0.9995, valid_precision=0.9077, valid_recall=0.7867, valid_f1=0.8429, valid_roc_auc=0.9628, valid_pr_auc=0.8417
2026-08-21 19:59:21,635 - INFO - Epoch 25: new best validation PR-AUC = 0.8431
2026-08-21 19:59:21,635 - INFO - Epoch 25/50, loss=0.0019, train_acc=0.9996, train_precision=0.8881, train_recall=0.8383, train_f1=0.8625, train_roc_auc=0.9956, train_pr_auc=0.8955, valid_acc=0.9996, valid_precision=0.9104, valid_recall=0.8133, valid_f1=0.8592, valid_roc_auc=0.9633, valid_pr_auc=0.8431
2026-08-21 19:59:33,439 - INFO - Epoch 26: new best validation PR-AUC = 0.8450
2026-08-21 19:59:33,439 - INFO - Epoch 26/50, loss=0.0018, train_acc=0.9996, train_precision=0.8862, train_recall=0.8482, train_f1=0.8668, train_roc_auc=0.9967, train_pr_auc=0.9056, valid_acc=0.9996, valid_precision=0.9104, valid_recall=0.8133, valid_f1=0.8592, valid_roc_auc=0.9662, valid_pr_auc=0.8450
2026-08-21 19:59:46,180 - INFO - Epoch 27/50, loss=0.0018, train_acc=0.9996, train_precision=0.8862, train_recall=0.8482, train_f1=0.8668, train_roc_auc=0.9967, train_pr_auc=0.9067, valid_acc=0.9995, valid_precision=0.9077, valid_recall=0.7867, valid_f1=0.8429, valid_roc_auc=0.9663, valid_pr_auc=0.8382
2026-08-21 19:59:59,212 - INFO - Epoch 28: new best validation PR-AUC = 0.8451
2026-08-21 19:59:59,212 - INFO - Epoch 28/50, loss=0.0018, train_acc=0.9996, train_precision=0.8944, train_recall=0.8383, train_f1=0.8654, train_roc_auc=0.9960, train_pr_auc=0.9029, valid_acc=0.9995, valid_precision=0.9091, valid_recall=0.8000, valid_f1=0.8511, valid_roc_auc=0.9663, valid_pr_auc=0.8451
2026-08-21 20:00:12,154 - INFO - Epoch 29/50, loss=0.0018, train_acc=0.9995, train_precision=0.8824, train_recall=0.8416, train_f1=0.8615, train_roc_auc=0.9963, train_pr_auc=0.9080, valid_acc=0.9995, valid_precision=0.9091, valid_recall=0.8000, valid_f1=0.8511, valid_roc_auc=0.9607, valid_pr_auc=0.8361
2026-08-21 20:00:25,263 - INFO - Epoch 30/50, loss=0.0017, train_acc=0.9996, train_precision=0.8951, train_recall=0.8449, train_f1=0.8693, train_roc_auc=0.9962, train_pr_auc=0.9078, valid_acc=0.9995, valid_precision=0.9091, valid_recall=0.8000, valid_f1=0.8511, valid_roc_auc=0.9614, valid_pr_auc=0.8425
2026-08-21 20:00:38,357 - INFO - Epoch 31/50, loss=0.0018, train_acc=0.9996, train_precision=0.8885, train_recall=0.8416, train_f1=0.8644, train_roc_auc=0.9964, train_pr_auc=0.9042, valid_acc=0.9996, valid_precision=0.9104, valid_recall=0.8133, valid_f1=0.8592, valid_roc_auc=0.9641, valid_pr_auc=0.8409
2026-08-21 20:00:52,086 - INFO - Epoch 32/50, loss=0.0017, train_acc=0.9996, train_precision=0.8854, train_recall=0.8416, train_f1=0.8629, train_roc_auc=0.9973, train_pr_auc=0.9131, valid_acc=0.9996, valid_precision=0.9104, valid_recall=0.8133, valid_f1=0.8592, valid_roc_auc=0.9597, valid_pr_auc=0.8430
2026-08-21 20:01:05,259 - INFO - Epoch 33/50, loss=0.0016, train_acc=0.9996, train_precision=0.8958, train_recall=0.8515, train_f1=0.8731, train_roc_auc=0.9979, train_pr_auc=0.9162, valid_acc=0.9995, valid_precision=0.9062, valid_recall=0.7733, valid_f1=0.8345, valid_roc_auc=0.9618, valid_pr_auc=0.8375
2026-08-21 20:01:18,987 - INFO - Epoch 34/50, loss=0.0016, train_acc=0.9996, train_precision=0.8927, train_recall=0.8515, train_f1=0.8716, train_roc_auc=0.9955, train_pr_auc=0.9200, valid_acc=0.9995, valid_precision=0.9091, valid_recall=0.8000, valid_f1=0.8511, valid_roc_auc=0.9592, valid_pr_auc=0.8424
2026-08-21 20:01:32,646 - INFO - Epoch 35/50, loss=0.0016, train_acc=0.9996, train_precision=0.8956, train_recall=0.8779, train_f1=0.8867, train_roc_auc=0.9976, train_pr_auc=0.9248, valid_acc=0.9995, valid_precision=0.8955, valid_recall=0.8000, valid_f1=0.8451, valid_roc_auc=0.9604, valid_pr_auc=0.8358
2026-08-21 20:01:46,389 - INFO - Epoch 36/50, loss=0.0016, train_acc=0.9996, train_precision=0.8990, train_recall=0.8515, train_f1=0.8746, train_roc_auc=0.9978, train_pr_auc=0.9226, valid_acc=0.9995, valid_precision=0.8841, valid_recall=0.8133, valid_f1=0.8472, valid_roc_auc=0.9601, valid_pr_auc=0.8386
2026-08-21 20:02:00,247 - INFO - Epoch 37/50, loss=0.0016, train_acc=0.9996, train_precision=0.8931, train_recall=0.8548, train_f1=0.8735, train_roc_auc=0.9972, train_pr_auc=0.9219, valid_acc=0.9996, valid_precision=0.9104, valid_recall=0.8133, valid_f1=0.8592, valid_roc_auc=0.9604, valid_pr_auc=0.8390
2026-08-21 20:02:14,092 - INFO - Epoch 38/50, loss=0.0015, train_acc=0.9996, train_precision=0.9003, train_recall=0.8647, train_f1=0.8822, train_roc_auc=0.9971, train_pr_auc=0.9262, valid_acc=0.9995, valid_precision=0.9091, valid_recall=0.8000, valid_f1=0.8511, valid_roc_auc=0.9605, valid_pr_auc=0.8440
2026-08-21 20:02:28,070 - INFO - Epoch 39/50, loss=0.0016, train_acc=0.9996, train_precision=0.8990, train_recall=0.8515, train_f1=0.8746, train_roc_auc=0.9972, train_pr_auc=0.9271, valid_acc=0.9995, valid_precision=0.8955, valid_recall=0.8000, valid_f1=0.8451, valid_roc_auc=0.9595, valid_pr_auc=0.8399
2026-08-21 20:02:41,173 - INFO - Epoch 40/50, loss=0.0016, train_acc=0.9996, train_precision=0.9034, train_recall=0.8647, train_f1=0.8836, train_roc_auc=0.9971, train_pr_auc=0.9272, valid_acc=0.9996, valid_precision=0.9104, valid_recall=0.8133, valid_f1=0.8592, valid_roc_auc=0.9605, valid_pr_auc=0.8405
2026-08-21 20:02:53,696 - INFO - Epoch 41/50, loss=0.0015, train_acc=0.9996, train_precision=0.9010, train_recall=0.8713, train_f1=0.8859, train_roc_auc=0.9978, train_pr_auc=0.9278, valid_acc=0.9995, valid_precision=0.8971, valid_recall=0.8133, valid_f1=0.8531, valid_roc_auc=0.9602, valid_pr_auc=0.8365
2026-08-21 20:03:06,263 - INFO - Epoch 42/50, loss=0.0015, train_acc=0.9996, train_precision=0.9034, train_recall=0.8647, train_f1=0.8836, train_roc_auc=0.9968, train_pr_auc=0.9302, valid_acc=0.9995, valid_precision=0.8971, valid_recall=0.8133, valid_f1=0.8531, valid_roc_auc=0.9599, valid_pr_auc=0.8402
2026-08-21 20:03:19,245 - INFO - Epoch 43/50, loss=0.0015, train_acc=0.9996, train_precision=0.9041, train_recall=0.8713, train_f1=0.8874, train_roc_auc=0.9984, train_pr_auc=0.9322, valid_acc=0.9995, valid_precision=0.9091, valid_recall=0.8000, valid_f1=0.8511, valid_roc_auc=0.9593, valid_pr_auc=0.8417
2026-08-21 20:03:33,481 - INFO - Epoch 44/50, loss=0.0015, train_acc=0.9996, train_precision=0.9069, train_recall=0.8680, train_f1=0.8870, train_roc_auc=0.9976, train_pr_auc=0.9322, valid_acc=0.9996, valid_precision=0.9231, valid_recall=0.8000, valid_f1=0.8571, valid_roc_auc=0.9580, valid_pr_auc=0.8384
2026-08-21 20:03:47,432 - INFO - Epoch 45/50, loss=0.0015, train_acc=0.9996, train_precision=0.9038, train_recall=0.8680, train_f1=0.8855, train_roc_auc=0.9984, train_pr_auc=0.9298, valid_acc=0.9995, valid_precision=0.8955, valid_recall=0.8000, valid_f1=0.8451, valid_roc_auc=0.9585, valid_pr_auc=0.8384
2026-08-21 20:04:01,286 - INFO - Epoch 46/50, loss=0.0015, train_acc=0.9996, train_precision=0.9028, train_recall=0.8581, train_f1=0.8799, train_roc_auc=0.9975, train_pr_auc=0.9314, valid_acc=0.9996, valid_precision=0.9231, valid_recall=0.8000, valid_f1=0.8571, valid_roc_auc=0.9589, valid_pr_auc=0.8400
2026-08-21 20:04:14,994 - INFO - Epoch 47/50, loss=0.0015, train_acc=0.9996, train_precision=0.9028, train_recall=0.8581, train_f1=0.8799, train_roc_auc=0.9974, train_pr_auc=0.9308, valid_acc=0.9995, valid_precision=0.8955, valid_recall=0.8000, valid_f1=0.8451, valid_roc_auc=0.9596, valid_pr_auc=0.8396
2026-08-21 20:04:28,647 - INFO - Epoch 48/50, loss=0.0015, train_acc=0.9996, train_precision=0.9028, train_recall=0.8581, train_f1=0.8799, train_roc_auc=0.9979, train_pr_auc=0.9278, valid_acc=0.9995, valid_precision=0.8824, valid_recall=0.8000, valid_f1=0.8392, valid_roc_auc=0.9599, valid_pr_auc=0.8370
2026-08-21 20:04:42,341 - INFO - Epoch 49/50, loss=0.0015, train_acc=0.9996, train_precision=0.9097, train_recall=0.8647, train_f1=0.8866, train_roc_auc=0.9977, train_pr_auc=0.9286, valid_acc=0.9995, valid_precision=0.8955, valid_recall=0.8000, valid_f1=0.8451, valid_roc_auc=0.9588, valid_pr_auc=0.8377
2026-08-21 20:04:54,237 - INFO - Epoch 50/50, loss=0.0015, train_acc=0.9996, train_precision=0.9034, train_recall=0.8647, train_f1=0.8836, train_roc_auc=0.9979, train_pr_auc=0.9302, valid_acc=0.9995, valid_precision=0.8841, valid_recall=0.8133, valid_f1=0.8472, valid_roc_auc=0.9605, valid_pr_auc=0.8354
2026-08-21 20:04:54,248 - INFO - Best epoch: 28
2026-08-21 20:04:54,248 - INFO - Best validation PR-AUC: 0.8451
2026-08-21 20:04:54,248 - INFO - Fold 1 results:
2026-08-21 20:04:54,248 - INFO - accuracy: 0.9995
2026-08-21 20:04:54,248 - INFO - f1: 0.8511
2026-08-21 20:04:54,248 - INFO - pr_auc: 0.8451
2026-08-21 20:04:54,248 - INFO - precision: 0.9091
2026-08-21 20:04:54,248 - INFO - recall: 0.8000
2026-08-21 20:04:54,248 - INFO - roc_auc: 0.9663
2026-08-21 20:04:54,248 - INFO - Model saved to models/fraud_model_index_1_fold_1.pth
2026-08-21 20:04:54,250 - INFO - 
========== Fold 2/5 ==========
2026-08-21 20:05:08,135 - INFO - Epoch 1: new best validation PR-AUC = 0.7490
2026-08-21 20:05:08,135 - INFO - Epoch 1/50, loss=0.0316, train_acc=0.9961, train_precision=0.0049, train_recall=0.0066, train_f1=0.0056, train_roc_auc=0.9195, train_pr_auc=0.0377, valid_acc=0.9983, valid_precision=0.0000, valid_recall=0.0000, valid_f1=0.0000, valid_roc_auc=0.9724, valid_pr_auc=0.7490
2026-08-21 20:05:21,636 - INFO - Epoch 2/50, loss=0.0040, train_acc=0.9983, train_precision=0.0000, train_recall=0.0000, train_f1=0.0000, train_roc_auc=0.9804, train_pr_auc=0.7268, valid_acc=0.9983, valid_precision=0.0000, valid_recall=0.0000, valid_f1=0.0000, valid_roc_auc=0.9734, valid_pr_auc=0.7405
2026-08-21 20:05:34,841 - INFO - Epoch 3: new best validation PR-AUC = 0.7754
2026-08-21 20:05:34,841 - INFO - Epoch 3/50, loss=0.0036, train_acc=0.9983, train_precision=0.0000, train_recall=0.0000, train_f1=0.0000, train_roc_auc=0.9845, train_pr_auc=0.7202, valid_acc=0.9983, valid_precision=0.0000, valid_recall=0.0000, valid_f1=0.0000, valid_roc_auc=0.9744, valid_pr_auc=0.7754
2026-08-21 20:05:48,573 - INFO - Epoch 4: new best validation PR-AUC = 0.7758
2026-08-21 20:05:48,573 - INFO - Epoch 4/50, loss=0.0032, train_acc=0.9991, train_precision=0.8500, train_recall=0.5611, train_f1=0.6759, train_roc_auc=0.9894, train_pr_auc=0.7239, valid_acc=0.9995, valid_precision=0.9048, valid_recall=0.7600, valid_f1=0.8261, valid_roc_auc=0.9696, valid_pr_auc=0.7758
2026-08-21 20:06:01,361 - INFO - Epoch 5/50, loss=0.0030, train_acc=0.9994, train_precision=0.8587, train_recall=0.7822, train_f1=0.8187, train_roc_auc=0.9873, train_pr_auc=0.7299, valid_acc=0.9994, valid_precision=0.8750, valid_recall=0.7467, valid_f1=0.8058, valid_roc_auc=0.9731, valid_pr_auc=0.7338
2026-08-21 20:06:13,832 - INFO - Epoch 6: new best validation PR-AUC = 0.7820
2026-08-21 20:06:13,832 - INFO - Epoch 6/50, loss=0.0029, train_acc=0.9994, train_precision=0.8423, train_recall=0.7756, train_f1=0.8076, train_roc_auc=0.9879, train_pr_auc=0.7669, valid_acc=0.9994, valid_precision=0.8750, valid_recall=0.7467, valid_f1=0.8058, valid_roc_auc=0.9749, valid_pr_auc=0.7820
2026-08-21 20:06:27,555 - INFO - Epoch 7/50, loss=0.0028, train_acc=0.9994, train_precision=0.8404, train_recall=0.7822, train_f1=0.8103, train_roc_auc=0.9901, train_pr_auc=0.7326, valid_acc=0.9994, valid_precision=0.8571, valid_recall=0.8000, valid_f1=0.8276, valid_roc_auc=0.9756, valid_pr_auc=0.7747
2026-08-21 20:06:39,947 - INFO - Epoch 8/50, loss=0.0027, train_acc=0.9994, train_precision=0.8415, train_recall=0.7888, train_f1=0.8143, train_roc_auc=0.9919, train_pr_auc=0.7632, valid_acc=0.9994, valid_precision=0.8889, valid_recall=0.7467, valid_f1=0.8116, valid_roc_auc=0.9742, valid_pr_auc=0.7694
2026-08-21 20:06:52,441 - INFO - Epoch 9/50, loss=0.0027, train_acc=0.9994, train_precision=0.8500, train_recall=0.7855, train_f1=0.8165, train_roc_auc=0.9915, train_pr_auc=0.7678, valid_acc=0.9995, valid_precision=0.8592, valid_recall=0.8133, valid_f1=0.8356, valid_roc_auc=0.9732, valid_pr_auc=0.7695
2026-08-21 20:07:05,016 - INFO - Epoch 10/50, loss=0.0025, train_acc=0.9994, train_precision=0.8481, train_recall=0.7921, train_f1=0.8191, train_roc_auc=0.9929, train_pr_auc=0.7788, valid_acc=0.9994, valid_precision=0.8571, valid_recall=0.8000, valid_f1=0.8276, valid_roc_auc=0.9756, valid_pr_auc=0.7671
2026-08-21 20:07:18,869 - INFO - Epoch 11/50, loss=0.0025, train_acc=0.9994, train_precision=0.8602, train_recall=0.7921, train_f1=0.8247, train_roc_auc=0.9929, train_pr_auc=0.7669, valid_acc=0.9995, valid_precision=0.8696, valid_recall=0.8000, valid_f1=0.8333, valid_roc_auc=0.9746, valid_pr_auc=0.7742
2026-08-21 20:07:32,722 - INFO - Epoch 12/50, loss=0.0024, train_acc=0.9994, train_precision=0.8664, train_recall=0.7921, train_f1=0.8276, train_roc_auc=0.9928, train_pr_auc=0.7915, valid_acc=0.9995, valid_precision=0.8714, valid_recall=0.8133, valid_f1=0.8414, valid_roc_auc=0.9711, valid_pr_auc=0.7735
2026-08-21 20:07:46,548 - INFO - Epoch 13/50, loss=0.0023, train_acc=0.9995, train_precision=0.8710, train_recall=0.8020, train_f1=0.8351, train_roc_auc=0.9941, train_pr_auc=0.7959, valid_acc=0.9994, valid_precision=0.8657, valid_recall=0.7733, valid_f1=0.8169, valid_roc_auc=0.9762, valid_pr_auc=0.7752
2026-08-21 20:08:00,186 - INFO - Epoch 14: new best validation PR-AUC = 0.7844
2026-08-21 20:08:00,186 - INFO - Epoch 14/50, loss=0.0023, train_acc=0.9995, train_precision=0.8643, train_recall=0.7987, train_f1=0.8302, train_roc_auc=0.9947, train_pr_auc=0.7851, valid_acc=0.9995, valid_precision=0.8824, valid_recall=0.8000, valid_f1=0.8392, valid_roc_auc=0.9745, valid_pr_auc=0.7844
2026-08-21 20:08:13,214 - INFO - Epoch 15: new best validation PR-AUC = 0.7974
2026-08-21 20:08:13,214 - INFO - Epoch 15/50, loss=0.0022, train_acc=0.9995, train_precision=0.8714, train_recall=0.8053, train_f1=0.8370, train_roc_auc=0.9951, train_pr_auc=0.8083, valid_acc=0.9995, valid_precision=0.9048, valid_recall=0.7600, valid_f1=0.8261, valid_roc_auc=0.9767, valid_pr_auc=0.7974
2026-08-21 20:08:25,535 - INFO - Epoch 16/50, loss=0.0022, train_acc=0.9995, train_precision=0.8710, train_recall=0.8020, train_f1=0.8351, train_roc_auc=0.9945, train_pr_auc=0.8131, valid_acc=0.9995, valid_precision=0.8714, valid_recall=0.8133, valid_f1=0.8414, valid_roc_auc=0.9765, valid_pr_auc=0.7865
2026-08-21 20:08:37,894 - INFO - Epoch 17: new best validation PR-AUC = 0.8032
2026-08-21 20:08:37,894 - INFO - Epoch 17/50, loss=0.0022, train_acc=0.9995, train_precision=0.8754, train_recall=0.8119, train_f1=0.8425, train_roc_auc=0.9947, train_pr_auc=0.8228, valid_acc=0.9995, valid_precision=0.9062, valid_recall=0.7733, valid_f1=0.8345, valid_roc_auc=0.9756, valid_pr_auc=0.8032
2026-08-21 20:08:50,119 - INFO - Epoch 18: new best validation PR-AUC = 0.8085
2026-08-21 20:08:50,119 - INFO - Epoch 18/50, loss=0.0021, train_acc=0.9995, train_precision=0.8849, train_recall=0.8119, train_f1=0.8468, train_roc_auc=0.9959, train_pr_auc=0.8179, valid_acc=0.9994, valid_precision=0.8769, valid_recall=0.7600, valid_f1=0.8143, valid_roc_auc=0.9753, valid_pr_auc=0.8085
2026-08-21 20:09:02,880 - INFO - Epoch 19/50, loss=0.0021, train_acc=0.9995, train_precision=0.8845, train_recall=0.8086, train_f1=0.8448, train_roc_auc=0.9965, train_pr_auc=0.8230, valid_acc=0.9995, valid_precision=0.8841, valid_recall=0.8133, valid_f1=0.8472, valid_roc_auc=0.9775, valid_pr_auc=0.7992
2026-08-21 20:09:15,746 - INFO - Epoch 20: new best validation PR-AUC = 0.8230
2026-08-21 20:09:15,746 - INFO - Epoch 20/50, loss=0.0021, train_acc=0.9995, train_precision=0.8763, train_recall=0.8185, train_f1=0.8464, train_roc_auc=0.9960, train_pr_auc=0.8496, valid_acc=0.9995, valid_precision=0.8696, valid_recall=0.8000, valid_f1=0.8333, valid_roc_auc=0.9799, valid_pr_auc=0.8230
2026-08-21 20:09:28,450 - INFO - Epoch 21: new best validation PR-AUC = 0.8324
2026-08-21 20:09:28,450 - INFO - Epoch 21/50, loss=0.0022, train_acc=0.9995, train_precision=0.8728, train_recall=0.8152, train_f1=0.8430, train_roc_auc=0.9949, train_pr_auc=0.8502, valid_acc=0.9995, valid_precision=0.8806, valid_recall=0.7867, valid_f1=0.8310, valid_roc_auc=0.9731, valid_pr_auc=0.8324
2026-08-21 20:09:41,071 - INFO - Epoch 22: new best validation PR-AUC = 0.8441
2026-08-21 20:09:41,071 - INFO - Epoch 22/50, loss=0.0021, train_acc=0.9995, train_precision=0.8799, train_recall=0.8218, train_f1=0.8498, train_roc_auc=0.9955, train_pr_auc=0.8758, valid_acc=0.9995, valid_precision=0.8923, valid_recall=0.7733, valid_f1=0.8286, valid_roc_auc=0.9762, valid_pr_auc=0.8441
2026-08-21 20:09:53,428 - INFO - Epoch 23: new best validation PR-AUC = 0.8478
2026-08-21 20:09:53,428 - INFO - Epoch 23/50, loss=0.0020, train_acc=0.9995, train_precision=0.8759, train_recall=0.8152, train_f1=0.8444, train_roc_auc=0.9957, train_pr_auc=0.8832, valid_acc=0.9994, valid_precision=0.8871, valid_recall=0.7333, valid_f1=0.8029, valid_roc_auc=0.9773, valid_pr_auc=0.8478
2026-08-21 20:10:06,623 - INFO - Epoch 24: new best validation PR-AUC = 0.8519
2026-08-21 20:10:06,623 - INFO - Epoch 24/50, loss=0.0020, train_acc=0.9995, train_precision=0.8719, train_recall=0.8086, train_f1=0.8390, train_roc_auc=0.9962, train_pr_auc=0.8895, valid_acc=0.9994, valid_precision=0.9310, valid_recall=0.7200, valid_f1=0.8120, valid_roc_auc=0.9697, valid_pr_auc=0.8519
2026-08-21 20:10:18,538 - INFO - Epoch 25: new best validation PR-AUC = 0.8545
2026-08-21 20:10:18,538 - INFO - Epoch 25/50, loss=0.0019, train_acc=0.9996, train_precision=0.8993, train_recall=0.8251, train_f1=0.8606, train_roc_auc=0.9973, train_pr_auc=0.8901, valid_acc=0.9995, valid_precision=0.8955, valid_recall=0.8000, valid_f1=0.8451, valid_roc_auc=0.9773, valid_pr_auc=0.8545
2026-08-21 20:10:31,404 - INFO - Epoch 26/50, loss=0.0019, train_acc=0.9996, train_precision=0.9068, train_recall=0.8350, train_f1=0.8694, train_roc_auc=0.9966, train_pr_auc=0.8941, valid_acc=0.9994, valid_precision=0.8750, valid_recall=0.7467, valid_f1=0.8058, valid_roc_auc=0.9743, valid_pr_auc=0.8527
2026-08-21 20:10:43,900 - INFO - Epoch 27: new best validation PR-AUC = 0.8589
2026-08-21 20:10:43,900 - INFO - Epoch 27/50, loss=0.0019, train_acc=0.9996, train_precision=0.9148, train_recall=0.8152, train_f1=0.8621, train_roc_auc=0.9971, train_pr_auc=0.8999, valid_acc=0.9995, valid_precision=0.8955, valid_recall=0.8000, valid_f1=0.8451, valid_roc_auc=0.9741, valid_pr_auc=0.8589
2026-08-21 20:10:57,447 - INFO - Epoch 28/50, loss=0.0018, train_acc=0.9996, train_precision=0.9182, train_recall=0.8152, train_f1=0.8636, train_roc_auc=0.9965, train_pr_auc=0.9081, valid_acc=0.9996, valid_precision=0.9661, valid_recall=0.7600, valid_f1=0.8507, valid_roc_auc=0.9782, valid_pr_auc=0.8588
2026-08-21 20:11:11,234 - INFO - Epoch 29/50, loss=0.0018, train_acc=0.9996, train_precision=0.9304, train_recall=0.8383, train_f1=0.8819, train_roc_auc=0.9967, train_pr_auc=0.8997, valid_acc=0.9994, valid_precision=0.9167, valid_recall=0.7333, valid_f1=0.8148, valid_roc_auc=0.9715, valid_pr_auc=0.8516
2026-08-21 20:11:25,287 - INFO - Epoch 30: new best validation PR-AUC = 0.8595
2026-08-21 20:11:25,287 - INFO - Epoch 30/50, loss=0.0018, train_acc=0.9996, train_precision=0.9257, train_recall=0.8218, train_f1=0.8706, train_roc_auc=0.9964, train_pr_auc=0.9080, valid_acc=0.9995, valid_precision=0.9194, valid_recall=0.7600, valid_f1=0.8321, valid_roc_auc=0.9713, valid_pr_auc=0.8595
2026-08-21 20:11:38,625 - INFO - Epoch 31: new best validation PR-AUC = 0.8634
2026-08-21 20:11:38,625 - INFO - Epoch 31/50, loss=0.0017, train_acc=0.9996, train_precision=0.9294, train_recall=0.8251, train_f1=0.8741, train_roc_auc=0.9977, train_pr_auc=0.9174, valid_acc=0.9995, valid_precision=0.9194, valid_recall=0.7600, valid_f1=0.8321, valid_roc_auc=0.9685, valid_pr_auc=0.8634
2026-08-21 20:11:50,513 - INFO - Epoch 32: new best validation PR-AUC = 0.8649
2026-08-21 20:11:50,513 - INFO - Epoch 32/50, loss=0.0017, train_acc=0.9996, train_precision=0.9259, train_recall=0.8251, train_f1=0.8726, train_roc_auc=0.9978, train_pr_auc=0.9109, valid_acc=0.9995, valid_precision=0.9180, valid_recall=0.7467, valid_f1=0.8235, valid_roc_auc=0.9744, valid_pr_auc=0.8649
2026-08-21 20:12:02,571 - INFO - Epoch 33: new best validation PR-AUC = 0.8673
2026-08-21 20:12:02,571 - INFO - Epoch 33/50, loss=0.0017, train_acc=0.9996, train_precision=0.9405, train_recall=0.8350, train_f1=0.8846, train_roc_auc=0.9979, train_pr_auc=0.9135, valid_acc=0.9996, valid_precision=0.9531, valid_recall=0.8133, valid_f1=0.8777, valid_roc_auc=0.9753, valid_pr_auc=0.8673
2026-08-21 20:12:15,362 - INFO - Epoch 34/50, loss=0.0016, train_acc=0.9996, train_precision=0.9328, train_recall=0.8251, train_f1=0.8757, train_roc_auc=0.9982, train_pr_auc=0.9187, valid_acc=0.9995, valid_precision=0.9811, valid_recall=0.6933, valid_f1=0.8125, valid_roc_auc=0.9682, valid_pr_auc=0.8556
2026-08-21 20:12:28,806 - INFO - Epoch 35/50, loss=0.0017, train_acc=0.9996, train_precision=0.9358, train_recall=0.8185, train_f1=0.8732, train_roc_auc=0.9974, train_pr_auc=0.9154, valid_acc=0.9995, valid_precision=0.9643, valid_recall=0.7200, valid_f1=0.8244, valid_roc_auc=0.9756, valid_pr_auc=0.8536
2026-08-21 20:12:42,389 - INFO - Epoch 36/50, loss=0.0017, train_acc=0.9996, train_precision=0.9442, train_recall=0.8383, train_f1=0.8881, train_roc_auc=0.9976, train_pr_auc=0.9141, valid_acc=0.9995, valid_precision=0.9062, valid_recall=0.7733, valid_f1=0.8345, valid_roc_auc=0.9735, valid_pr_auc=0.8618
2026-08-21 20:12:55,473 - INFO - Epoch 37/50, loss=0.0016, train_acc=0.9996, train_precision=0.9535, train_recall=0.8119, train_f1=0.8770, train_roc_auc=0.9985, train_pr_auc=0.9270, valid_acc=0.9995, valid_precision=0.9333, valid_recall=0.7467, valid_f1=0.8296, valid_roc_auc=0.9720, valid_pr_auc=0.8659
2026-08-21 20:13:09,557 - INFO - Epoch 38: new best validation PR-AUC = 0.8690
2026-08-21 20:13:09,557 - INFO - Epoch 38/50, loss=0.0015, train_acc=0.9997, train_precision=0.9547, train_recall=0.8350, train_f1=0.8908, train_roc_auc=0.9985, train_pr_auc=0.9302, valid_acc=0.9995, valid_precision=0.9821, valid_recall=0.7333, valid_f1=0.8397, valid_roc_auc=0.9721, valid_pr_auc=0.8690
2026-08-21 20:13:24,793 - INFO - Epoch 39/50, loss=0.0016, train_acc=0.9997, train_precision=0.9545, train_recall=0.8317, train_f1=0.8889, train_roc_auc=0.9984, train_pr_auc=0.9245, valid_acc=0.9995, valid_precision=0.9344, valid_recall=0.7600, valid_f1=0.8382, valid_roc_auc=0.9726, valid_pr_auc=0.8656
2026-08-21 20:13:39,031 - INFO - Epoch 40/50, loss=0.0015, train_acc=0.9997, train_precision=0.9627, train_recall=0.8515, train_f1=0.9037, train_roc_auc=0.9984, train_pr_auc=0.9275, valid_acc=0.9995, valid_precision=1.0000, valid_recall=0.6933, valid_f1=0.8189, valid_roc_auc=0.9695, valid_pr_auc=0.8668
2026-08-21 20:14:13,073 - INFO - Epoch 41: new best validation PR-AUC = 0.8701
2026-08-21 20:14:13,074 - INFO - Epoch 41/50, loss=0.0015, train_acc=0.9996, train_precision=0.9476, train_recall=0.8350, train_f1=0.8877, train_roc_auc=0.9988, train_pr_auc=0.9309, valid_acc=0.9995, valid_precision=0.9500, valid_recall=0.7600, valid_f1=0.8444, valid_roc_auc=0.9732, valid_pr_auc=0.8701
2026-08-21 20:14:47,373 - INFO - Epoch 42/50, loss=0.0015, train_acc=0.9997, train_precision=0.9517, train_recall=0.8449, train_f1=0.8951, train_roc_auc=0.9989, train_pr_auc=0.9310, valid_acc=0.9995, valid_precision=1.0000, valid_recall=0.7067, valid_f1=0.8281, valid_roc_auc=0.9701, valid_pr_auc=0.8630
2026-08-21 20:15:21,185 - INFO - Epoch 43/50, loss=0.0015, train_acc=0.9997, train_precision=0.9551, train_recall=0.8416, train_f1=0.8947, train_roc_auc=0.9990, train_pr_auc=0.9310, valid_acc=0.9995, valid_precision=1.0000, valid_recall=0.6933, valid_f1=0.8189, valid_roc_auc=0.9767, valid_pr_auc=0.8671
2026-08-21 20:15:57,111 - INFO - Epoch 44/50, loss=0.0014, train_acc=0.9997, train_precision=0.9549, train_recall=0.8383, train_f1=0.8928, train_roc_auc=0.9990, train_pr_auc=0.9317, valid_acc=0.9995, valid_precision=0.9500, valid_recall=0.7600, valid_f1=0.8444, valid_roc_auc=0.9728, valid_pr_auc=0.8658
2026-08-21 20:16:32,686 - INFO - Epoch 45/50, loss=0.0014, train_acc=0.9997, train_precision=0.9585, train_recall=0.8383, train_f1=0.8944, train_roc_auc=0.9990, train_pr_auc=0.9347, valid_acc=0.9995, valid_precision=0.9194, valid_recall=0.7600, valid_f1=0.8321, valid_roc_auc=0.9762, valid_pr_auc=0.8675
2026-08-21 20:17:09,474 - INFO - Epoch 46/50, loss=0.0014, train_acc=0.9997, train_precision=0.9517, train_recall=0.8449, train_f1=0.8951, train_roc_auc=0.9991, train_pr_auc=0.9363, valid_acc=0.9996, valid_precision=0.9661, valid_recall=0.7600, valid_f1=0.8507, valid_roc_auc=0.9735, valid_pr_auc=0.8662
2026-08-21 20:17:44,711 - INFO - Epoch 47/50, loss=0.0014, train_acc=0.9997, train_precision=0.9625, train_recall=0.8482, train_f1=0.9018, train_roc_auc=0.9991, train_pr_auc=0.9342, valid_acc=0.9996, valid_precision=1.0000, valid_recall=0.7333, valid_f1=0.8462, valid_roc_auc=0.9671, valid_pr_auc=0.8635
2026-08-21 20:18:20,637 - INFO - Epoch 48/50, loss=0.0013, train_acc=0.9997, train_precision=0.9659, train_recall=0.8416, train_f1=0.8995, train_roc_auc=0.9988, train_pr_auc=0.9403, valid_acc=0.9996, valid_precision=0.9825, valid_recall=0.7467, valid_f1=0.8485, valid_roc_auc=0.9710, valid_pr_auc=0.8661
2026-08-21 20:18:56,112 - INFO - Epoch 49/50, loss=0.0013, train_acc=0.9997, train_precision=0.9627, train_recall=0.8515, train_f1=0.9037, train_roc_auc=0.9994, train_pr_auc=0.9438, valid_acc=0.9996, valid_precision=0.9825, valid_recall=0.7467, valid_f1=0.8485, valid_roc_auc=0.9708, valid_pr_auc=0.8627
2026-08-21 20:19:32,177 - INFO - Epoch 50/50, loss=0.0014, train_acc=0.9997, train_precision=0.9734, train_recall=0.8449, train_f1=0.9046, train_roc_auc=0.9986, train_pr_auc=0.9343, valid_acc=0.9995, valid_precision=0.9815, valid_recall=0.7067, valid_f1=0.8217, valid_roc_auc=0.9702, valid_pr_auc=0.8665
2026-08-21 20:19:32,186 - INFO - Best epoch: 41
2026-08-21 20:19:32,186 - INFO - Best validation PR-AUC: 0.8701
2026-08-21 20:19:32,186 - INFO - Fold 2 results:
2026-08-21 20:19:32,186 - INFO - accuracy: 0.9995
2026-08-21 20:19:32,186 - INFO - f1: 0.8444
2026-08-21 20:19:32,186 - INFO - pr_auc: 0.8701
2026-08-21 20:19:32,186 - INFO - precision: 0.9500
2026-08-21 20:19:32,186 - INFO - recall: 0.7600
2026-08-21 20:19:32,186 - INFO - roc_auc: 0.9732
2026-08-21 20:19:32,186 - INFO - Model saved to models/fraud_model_index_1_fold_2.pth
2026-08-21 20:19:32,191 - INFO - 
========== Fold 3/5 ==========
2026-08-21 20:20:08,651 - INFO - Epoch 1: new best validation PR-AUC = 0.6843
2026-08-21 20:20:08,651 - INFO - Epoch 1/50, loss=0.0198, train_acc=0.9983, train_precision=0.0000, train_recall=0.0000, train_f1=0.0000, train_roc_auc=0.9428, train_pr_auc=0.6651, valid_acc=0.9983, valid_precision=0.0000, valid_recall=0.0000, valid_f1=0.0000, valid_roc_auc=0.9666, valid_pr_auc=0.6843
2026-08-21 20:20:45,118 - INFO - Epoch 2: new best validation PR-AUC = 0.7002
2026-08-21 20:20:45,118 - INFO - Epoch 2/50, loss=0.0035, train_acc=0.9983, train_precision=0.0000, train_recall=0.0000, train_f1=0.0000, train_roc_auc=0.9765, train_pr_auc=0.7626, valid_acc=0.9983, valid_precision=0.0000, valid_recall=0.0000, valid_f1=0.0000, valid_roc_auc=0.9798, valid_pr_auc=0.7002
2026-08-21 20:21:20,995 - INFO - Epoch 3/50, loss=0.0031, train_acc=0.9991, train_precision=0.8593, train_recall=0.5662, train_f1=0.6826, train_roc_auc=0.9798, train_pr_auc=0.7761, valid_acc=0.9992, valid_precision=0.8305, valid_recall=0.6447, valid_f1=0.7259, valid_roc_auc=0.9846, valid_pr_auc=0.6973
2026-08-21 20:21:56,682 - INFO - Epoch 4/50, loss=0.0029, train_acc=0.9995, train_precision=0.8532, train_recall=0.8278, train_f1=0.8403, train_roc_auc=0.9831, train_pr_auc=0.7538, valid_acc=0.9992, valid_precision=0.8475, valid_recall=0.6579, valid_f1=0.7407, valid_roc_auc=0.9789, valid_pr_auc=0.6884
2026-08-21 20:22:32,597 - INFO - Epoch 5/50, loss=0.0028, train_acc=0.9994, train_precision=0.8390, train_recall=0.8113, train_f1=0.8249, train_roc_auc=0.9841, train_pr_auc=0.7737, valid_acc=0.9992, valid_precision=0.7969, valid_recall=0.6711, valid_f1=0.7286, valid_roc_auc=0.9843, valid_pr_auc=0.6836
2026-08-21 20:23:07,986 - INFO - Epoch 6/50, loss=0.0026, train_acc=0.9995, train_precision=0.8522, train_recall=0.8212, train_f1=0.8364, train_roc_auc=0.9903, train_pr_auc=0.7596, valid_acc=0.9992, valid_precision=0.8226, valid_recall=0.6711, valid_f1=0.7391, valid_roc_auc=0.9869, valid_pr_auc=0.6946
2026-08-21 20:23:43,297 - INFO - Epoch 7/50, loss=0.0025, train_acc=0.9995, train_precision=0.8625, train_recall=0.8311, train_f1=0.8465, train_roc_auc=0.9906, train_pr_auc=0.7969, valid_acc=0.9992, valid_precision=0.8226, valid_recall=0.6711, valid_f1=0.7391, valid_roc_auc=0.9889, valid_pr_auc=0.6969
2026-08-21 20:24:19,776 - INFO - Epoch 8/50, loss=0.0024, train_acc=0.9995, train_precision=0.8636, train_recall=0.8179, train_f1=0.8401, train_roc_auc=0.9916, train_pr_auc=0.8075, valid_acc=0.9992, valid_precision=0.8065, valid_recall=0.6579, valid_f1=0.7246, valid_roc_auc=0.9836, valid_pr_auc=0.6981
2026-08-21 20:24:56,516 - INFO - Epoch 9/50, loss=0.0023, train_acc=0.9995, train_precision=0.8706, train_recall=0.8245, train_f1=0.8469, train_roc_auc=0.9918, train_pr_auc=0.7897, valid_acc=0.9992, valid_precision=0.8197, valid_recall=0.6579, valid_f1=0.7299, valid_roc_auc=0.9863, valid_pr_auc=0.6893
2026-08-21 20:25:32,381 - INFO - Epoch 10/50, loss=0.0023, train_acc=0.9995, train_precision=0.8720, train_recall=0.8344, train_f1=0.8528, train_roc_auc=0.9919, train_pr_auc=0.7986, valid_acc=0.9992, valid_precision=0.8197, valid_recall=0.6579, valid_f1=0.7299, valid_roc_auc=0.9872, valid_pr_auc=0.6894
2026-08-21 20:26:08,141 - INFO - Epoch 11: new best validation PR-AUC = 0.7036
2026-08-21 20:26:08,141 - INFO - Epoch 11/50, loss=0.0023, train_acc=0.9995, train_precision=0.8655, train_recall=0.8311, train_f1=0.8480, train_roc_auc=0.9926, train_pr_auc=0.7930, valid_acc=0.9992, valid_precision=0.8197, valid_recall=0.6579, valid_f1=0.7299, valid_roc_auc=0.9862, valid_pr_auc=0.7036
2026-08-21 20:26:43,516 - INFO - Epoch 12/50, loss=0.0023, train_acc=0.9995, train_precision=0.8676, train_recall=0.8245, train_f1=0.8455, train_roc_auc=0.9923, train_pr_auc=0.7799, valid_acc=0.9992, valid_precision=0.8197, valid_recall=0.6579, valid_f1=0.7299, valid_roc_auc=0.9861, valid_pr_auc=0.7023
2026-08-21 20:27:18,828 - INFO - Epoch 13/50, loss=0.0022, train_acc=0.9995, train_precision=0.8711, train_recall=0.8278, train_f1=0.8489, train_roc_auc=0.9929, train_pr_auc=0.7947, valid_acc=0.9992, valid_precision=0.8167, valid_recall=0.6447, valid_f1=0.7206, valid_roc_auc=0.9873, valid_pr_auc=0.6981
2026-08-21 20:27:54,206 - INFO - Epoch 14/50, loss=0.0022, train_acc=0.9995, train_precision=0.8715, train_recall=0.8311, train_f1=0.8508, train_roc_auc=0.9931, train_pr_auc=0.8166, valid_acc=0.9992, valid_precision=0.8065, valid_recall=0.6579, valid_f1=0.7246, valid_roc_auc=0.9863, valid_pr_auc=0.6989
2026-08-21 20:28:29,074 - INFO - Epoch 15/50, loss=0.0021, train_acc=0.9995, train_precision=0.8711, train_recall=0.8278, train_f1=0.8489, train_roc_auc=0.9948, train_pr_auc=0.8024, valid_acc=0.9992, valid_precision=0.8065, valid_recall=0.6579, valid_f1=0.7246, valid_roc_auc=0.9848, valid_pr_auc=0.6979
2026-08-21 20:29:04,790 - INFO - Epoch 16/50, loss=0.0021, train_acc=0.9995, train_precision=0.8754, train_recall=0.8377, train_f1=0.8562, train_roc_auc=0.9940, train_pr_auc=0.8100, valid_acc=0.9992, valid_precision=0.8197, valid_recall=0.6579, valid_f1=0.7299, valid_roc_auc=0.9869, valid_pr_auc=0.7018
2026-08-21 20:29:39,325 - INFO - Epoch 17: new best validation PR-AUC = 0.7100
2026-08-21 20:29:39,325 - INFO - Epoch 17/50, loss=0.0021, train_acc=0.9995, train_precision=0.8763, train_recall=0.8444, train_f1=0.8600, train_roc_auc=0.9944, train_pr_auc=0.8076, valid_acc=0.9992, valid_precision=0.8448, valid_recall=0.6447, valid_f1=0.7313, valid_roc_auc=0.9859, valid_pr_auc=0.7100
2026-08-21 20:30:14,116 - INFO - Epoch 18/50, loss=0.0021, train_acc=0.9995, train_precision=0.8746, train_recall=0.8311, train_f1=0.8523, train_roc_auc=0.9941, train_pr_auc=0.8128, valid_acc=0.9992, valid_precision=0.8197, valid_recall=0.6579, valid_f1=0.7299, valid_roc_auc=0.9871, valid_pr_auc=0.6994
2026-08-21 20:30:48,680 - INFO - Epoch 19/50, loss=0.0021, train_acc=0.9995, train_precision=0.8750, train_recall=0.8344, train_f1=0.8542, train_roc_auc=0.9942, train_pr_auc=0.7999, valid_acc=0.9992, valid_precision=0.8065, valid_recall=0.6579, valid_f1=0.7246, valid_roc_auc=0.9854, valid_pr_auc=0.7008
2026-08-21 20:31:23,431 - INFO - Epoch 20/50, loss=0.0021, train_acc=0.9996, train_precision=0.8801, train_recall=0.8510, train_f1=0.8653, train_roc_auc=0.9933, train_pr_auc=0.7999, valid_acc=0.9992, valid_precision=0.8167, valid_recall=0.6447, valid_f1=0.7206, valid_roc_auc=0.9853, valid_pr_auc=0.6994
2026-08-21 20:31:57,532 - INFO - Epoch 21/50, loss=0.0020, train_acc=0.9995, train_precision=0.8793, train_recall=0.8444, train_f1=0.8615, train_roc_auc=0.9932, train_pr_auc=0.8208, valid_acc=0.9992, valid_precision=0.8167, valid_recall=0.6447, valid_f1=0.7206, valid_roc_auc=0.9849, valid_pr_auc=0.7072
2026-08-21 20:32:33,744 - INFO - Epoch 22/50, loss=0.0020, train_acc=0.9995, train_precision=0.8793, train_recall=0.8444, train_f1=0.8615, train_roc_auc=0.9950, train_pr_auc=0.8182, valid_acc=0.9992, valid_precision=0.8167, valid_recall=0.6447, valid_f1=0.7206, valid_roc_auc=0.9850, valid_pr_auc=0.7073
2026-08-21 20:33:10,297 - INFO - Epoch 23/50, loss=0.0020, train_acc=0.9995, train_precision=0.8754, train_recall=0.8377, train_f1=0.8562, train_roc_auc=0.9938, train_pr_auc=0.8268, valid_acc=0.9992, valid_precision=0.8448, valid_recall=0.6447, valid_f1=0.7313, valid_roc_auc=0.9859, valid_pr_auc=0.7057
2026-08-21 20:33:45,764 - INFO - Epoch 24/50, loss=0.0020, train_acc=0.9995, train_precision=0.8785, train_recall=0.8377, train_f1=0.8576, train_roc_auc=0.9928, train_pr_auc=0.8185, valid_acc=0.9992, valid_precision=0.8167, valid_recall=0.6447, valid_f1=0.7206, valid_roc_auc=0.9848, valid_pr_auc=0.7021
2026-08-21 20:34:21,406 - INFO - Epoch 25/50, loss=0.0020, train_acc=0.9996, train_precision=0.8797, train_recall=0.8477, train_f1=0.8634, train_roc_auc=0.9962, train_pr_auc=0.8129, valid_acc=0.9991, valid_precision=0.8033, valid_recall=0.6447, valid_f1=0.7153, valid_roc_auc=0.9849, valid_pr_auc=0.7065
2026-08-21 20:34:57,166 - INFO - Epoch 26/50, loss=0.0020, train_acc=0.9996, train_precision=0.8850, train_recall=0.8411, train_f1=0.8625, train_roc_auc=0.9940, train_pr_auc=0.8302, valid_acc=0.9992, valid_precision=0.8448, valid_recall=0.6447, valid_f1=0.7313, valid_roc_auc=0.9844, valid_pr_auc=0.7037
2026-08-21 20:35:32,603 - INFO - Epoch 27/50, loss=0.0019, train_acc=0.9996, train_precision=0.8832, train_recall=0.8510, train_f1=0.8668, train_roc_auc=0.9957, train_pr_auc=0.8362, valid_acc=0.9992, valid_precision=0.8167, valid_recall=0.6447, valid_f1=0.7206, valid_roc_auc=0.9846, valid_pr_auc=0.7067
2026-08-21 20:36:08,190 - INFO - Epoch 28/50, loss=0.0020, train_acc=0.9996, train_precision=0.8824, train_recall=0.8444, train_f1=0.8629, train_roc_auc=0.9963, train_pr_auc=0.8230, valid_acc=0.9992, valid_precision=0.8167, valid_recall=0.6447, valid_f1=0.7206, valid_roc_auc=0.9852, valid_pr_auc=0.7061
2026-08-21 20:36:45,258 - INFO - Epoch 29/50, loss=0.0020, train_acc=0.9996, train_precision=0.8832, train_recall=0.8510, train_f1=0.8668, train_roc_auc=0.9959, train_pr_auc=0.8289, valid_acc=0.9991, valid_precision=0.8033, valid_recall=0.6447, valid_f1=0.7153, valid_roc_auc=0.9840, valid_pr_auc=0.7051
2026-08-21 20:37:21,357 - INFO - Epoch 30/50, loss=0.0020, train_acc=0.9996, train_precision=0.8824, train_recall=0.8444, train_f1=0.8629, train_roc_auc=0.9952, train_pr_auc=0.8314, valid_acc=0.9992, valid_precision=0.8167, valid_recall=0.6447, valid_f1=0.7206, valid_roc_auc=0.9850, valid_pr_auc=0.7059
2026-08-21 20:37:45,407 - INFO - Epoch 31/50, loss=0.0020, train_acc=0.9996, train_precision=0.8832, train_recall=0.8510, train_f1=0.8668, train_roc_auc=0.9957, train_pr_auc=0.8310, valid_acc=0.9992, valid_precision=0.8596, valid_recall=0.6447, valid_f1=0.7368, valid_roc_auc=0.9821, valid_pr_auc=0.7058
2026-08-21 20:38:06,567 - INFO - Epoch 32/50, loss=0.0020, train_acc=0.9996, train_precision=0.8824, train_recall=0.8444, train_f1=0.8629, train_roc_auc=0.9945, train_pr_auc=0.8177, valid_acc=0.9991, valid_precision=0.8033, valid_recall=0.6447, valid_f1=0.7153, valid_roc_auc=0.9849, valid_pr_auc=0.7069
2026-08-21 20:38:43,285 - INFO - Epoch 33/50, loss=0.0019, train_acc=0.9996, train_precision=0.8854, train_recall=0.8444, train_f1=0.8644, train_roc_auc=0.9964, train_pr_auc=0.8230, valid_acc=0.9992, valid_precision=0.8167, valid_recall=0.6447, valid_f1=0.7206, valid_roc_auc=0.9849, valid_pr_auc=0.7064
2026-08-21 20:39:23,083 - INFO - Epoch 34/50, loss=0.0020, train_acc=0.9996, train_precision=0.8828, train_recall=0.8477, train_f1=0.8649, train_roc_auc=0.9961, train_pr_auc=0.8265, valid_acc=0.9991, valid_precision=0.8033, valid_recall=0.6447, valid_f1=0.7153, valid_roc_auc=0.9852, valid_pr_auc=0.7067
2026-08-21 20:39:59,604 - INFO - Epoch 35/50, loss=0.0019, train_acc=0.9996, train_precision=0.8832, train_recall=0.8510, train_f1=0.8668, train_roc_auc=0.9962, train_pr_auc=0.8245, valid_acc=0.9992, valid_precision=0.8167, valid_recall=0.6447, valid_f1=0.7206, valid_roc_auc=0.9842, valid_pr_auc=0.7065
2026-08-21 20:40:35,982 - INFO - Epoch 36/50, loss=0.0020, train_acc=0.9995, train_precision=0.8789, train_recall=0.8411, train_f1=0.8596, train_roc_auc=0.9952, train_pr_auc=0.8258, valid_acc=0.9991, valid_precision=0.8033, valid_recall=0.6447, valid_f1=0.7153, valid_roc_auc=0.9849, valid_pr_auc=0.7050
2026-08-21 20:41:12,515 - INFO - Epoch 37/50, loss=0.0019, train_acc=0.9996, train_precision=0.8797, train_recall=0.8477, train_f1=0.8634, train_roc_auc=0.9962, train_pr_auc=0.8198, valid_acc=0.9992, valid_precision=0.8167, valid_recall=0.6447, valid_f1=0.7206, valid_roc_auc=0.9848, valid_pr_auc=0.7053
2026-08-21 20:41:49,218 - INFO - Epoch 38/50, loss=0.0020, train_acc=0.9996, train_precision=0.8854, train_recall=0.8444, train_f1=0.8644, train_roc_auc=0.9955, train_pr_auc=0.8221, valid_acc=0.9992, valid_precision=0.8167, valid_recall=0.6447, valid_f1=0.7206, valid_roc_auc=0.9843, valid_pr_auc=0.7063
2026-08-21 20:42:26,934 - INFO - Epoch 39/50, loss=0.0019, train_acc=0.9996, train_precision=0.8832, train_recall=0.8510, train_f1=0.8668, train_roc_auc=0.9964, train_pr_auc=0.8267, valid_acc=0.9991, valid_precision=0.8033, valid_recall=0.6447, valid_f1=0.7153, valid_roc_auc=0.9851, valid_pr_auc=0.7066
2026-08-21 20:43:02,769 - INFO - Epoch 40/50, loss=0.0020, train_acc=0.9996, train_precision=0.8828, train_recall=0.8477, train_f1=0.8649, train_roc_auc=0.9955, train_pr_auc=0.8281, valid_acc=0.9992, valid_precision=0.8448, valid_recall=0.6447, valid_f1=0.7313, valid_roc_auc=0.9849, valid_pr_auc=0.7052
2026-08-21 20:43:38,115 - INFO - Epoch 41/50, loss=0.0020, train_acc=0.9995, train_precision=0.8819, train_recall=0.8411, train_f1=0.8610, train_roc_auc=0.9952, train_pr_auc=0.8258, valid_acc=0.9992, valid_precision=0.8305, valid_recall=0.6447, valid_f1=0.7259, valid_roc_auc=0.9851, valid_pr_auc=0.7052
2026-08-21 20:44:13,924 - INFO - Epoch 42/50, loss=0.0020, train_acc=0.9996, train_precision=0.8805, train_recall=0.8543, train_f1=0.8672, train_roc_auc=0.9949, train_pr_auc=0.8218, valid_acc=0.9991, valid_precision=0.8033, valid_recall=0.6447, valid_f1=0.7153, valid_roc_auc=0.9847, valid_pr_auc=0.7054
2026-08-21 20:44:50,036 - INFO - Epoch 43/50, loss=0.0019, train_acc=0.9996, train_precision=0.8828, train_recall=0.8477, train_f1=0.8649, train_roc_auc=0.9956, train_pr_auc=0.8316, valid_acc=0.9991, valid_precision=0.8033, valid_recall=0.6447, valid_f1=0.7153, valid_roc_auc=0.9844, valid_pr_auc=0.7051
2026-08-21 20:45:26,345 - INFO - Epoch 44/50, loss=0.0019, train_acc=0.9996, train_precision=0.8828, train_recall=0.8477, train_f1=0.8649, train_roc_auc=0.9959, train_pr_auc=0.8291, valid_acc=0.9991, valid_precision=0.8033, valid_recall=0.6447, valid_f1=0.7153, valid_roc_auc=0.9854, valid_pr_auc=0.7058
2026-08-21 20:46:01,711 - INFO - Epoch 45/50, loss=0.0019, train_acc=0.9996, train_precision=0.8854, train_recall=0.8444, train_f1=0.8644, train_roc_auc=0.9953, train_pr_auc=0.8180, valid_acc=0.9991, valid_precision=0.8033, valid_recall=0.6447, valid_f1=0.7153, valid_roc_auc=0.9853, valid_pr_auc=0.7060
2026-08-21 20:46:37,284 - INFO - Epoch 46/50, loss=0.0020, train_acc=0.9996, train_precision=0.8828, train_recall=0.8477, train_f1=0.8649, train_roc_auc=0.9960, train_pr_auc=0.8213, valid_acc=0.9992, valid_precision=0.8596, valid_recall=0.6447, valid_f1=0.7368, valid_roc_auc=0.9850, valid_pr_auc=0.7056
2026-08-21 20:47:13,056 - INFO - Epoch 47/50, loss=0.0019, train_acc=0.9996, train_precision=0.8862, train_recall=0.8510, train_f1=0.8682, train_roc_auc=0.9959, train_pr_auc=0.8252, valid_acc=0.9992, valid_precision=0.8167, valid_recall=0.6447, valid_f1=0.7206, valid_roc_auc=0.9850, valid_pr_auc=0.7068
2026-08-21 20:47:52,723 - INFO - Epoch 48/50, loss=0.0020, train_acc=0.9996, train_precision=0.8840, train_recall=0.8576, train_f1=0.8706, train_roc_auc=0.9959, train_pr_auc=0.8257, valid_acc=0.9992, valid_precision=0.8167, valid_recall=0.6447, valid_f1=0.7206, valid_roc_auc=0.9844, valid_pr_auc=0.7065
2026-08-21 20:48:31,177 - INFO - Epoch 49/50, loss=0.0020, train_acc=0.9996, train_precision=0.8801, train_recall=0.8510, train_f1=0.8653, train_roc_auc=0.9956, train_pr_auc=0.8267, valid_acc=0.9992, valid_precision=0.8448, valid_recall=0.6447, valid_f1=0.7313, valid_roc_auc=0.9834, valid_pr_auc=0.7052
2026-08-21 20:49:08,000 - INFO - Epoch 50/50, loss=0.0019, train_acc=0.9995, train_precision=0.8819, train_recall=0.8411, train_f1=0.8610, train_roc_auc=0.9964, train_pr_auc=0.8266, valid_acc=0.9991, valid_precision=0.8033, valid_recall=0.6447, valid_f1=0.7153, valid_roc_auc=0.9842, valid_pr_auc=0.7058
2026-08-21 20:49:08,001 - INFO - Best epoch: 17
2026-08-21 20:49:08,001 - INFO - Best validation PR-AUC: 0.7100
2026-08-21 20:49:08,001 - INFO - Fold 3 results:
2026-08-21 20:49:08,001 - INFO - accuracy: 0.9992
2026-08-21 20:49:08,001 - INFO - f1: 0.7313
2026-08-21 20:49:08,001 - INFO - pr_auc: 0.7100
2026-08-21 20:49:08,001 - INFO - precision: 0.8448
2026-08-21 20:49:08,001 - INFO - recall: 0.6447
2026-08-21 20:49:08,001 - INFO - roc_auc: 0.9859
2026-08-21 20:49:08,001 - INFO - Model saved to models/fraud_model_index_1_fold_3.pth
2026-08-21 20:49:08,001 - INFO - 
========== Fold 4/5 ==========
2026-08-21 20:49:45,271 - INFO - Epoch 1: new best validation PR-AUC = 0.6912
2026-08-21 20:49:45,271 - INFO - Epoch 1/50, loss=0.0283, train_acc=0.9978, train_precision=0.0000, train_recall=0.0000, train_f1=0.0000, train_roc_auc=0.9219, train_pr_auc=0.0554, valid_acc=0.9983, valid_precision=0.0000, valid_recall=0.0000, valid_f1=0.0000, valid_roc_auc=0.9860, valid_pr_auc=0.6912
2026-08-21 20:50:20,832 - INFO - Epoch 2: new best validation PR-AUC = 0.7469
2026-08-21 20:50:20,832 - INFO - Epoch 2/50, loss=0.0040, train_acc=0.9983, train_precision=0.0000, train_recall=0.0000, train_f1=0.0000, train_roc_auc=0.9752, train_pr_auc=0.7297, valid_acc=0.9983, valid_precision=0.0000, valid_recall=0.0000, valid_f1=0.0000, valid_roc_auc=0.9901, valid_pr_auc=0.7469
2026-08-21 20:50:56,371 - INFO - Epoch 3/50, loss=0.0036, train_acc=0.9983, train_precision=0.0000, train_recall=0.0000, train_f1=0.0000, train_roc_auc=0.9798, train_pr_auc=0.7325, valid_acc=0.9983, valid_precision=0.0000, valid_recall=0.0000, valid_f1=0.0000, valid_roc_auc=0.9796, valid_pr_auc=0.7417
2026-08-21 20:51:31,595 - INFO - Epoch 4: new best validation PR-AUC = 0.7499
2026-08-21 20:51:31,595 - INFO - Epoch 4/50, loss=0.0033, train_acc=0.9992, train_precision=0.8533, train_recall=0.6358, train_f1=0.7287, train_roc_auc=0.9847, train_pr_auc=0.7486, valid_acc=0.9994, valid_precision=0.8182, valid_recall=0.8289, valid_f1=0.8235, valid_roc_auc=0.9799, valid_pr_auc=0.7499
2026-08-21 20:52:06,840 - INFO - Epoch 5: new best validation PR-AUC = 0.7503
2026-08-21 20:52:06,841 - INFO - Epoch 5/50, loss=0.0032, train_acc=0.9994, train_precision=0.8489, train_recall=0.7815, train_f1=0.8138, train_roc_auc=0.9846, train_pr_auc=0.7511, valid_acc=0.9994, valid_precision=0.7975, valid_recall=0.8289, valid_f1=0.8129, valid_roc_auc=0.9905, valid_pr_auc=0.7503
2026-08-21 20:52:42,680 - INFO - Epoch 6: new best validation PR-AUC = 0.7539
2026-08-21 20:52:42,680 - INFO - Epoch 6/50, loss=0.0030, train_acc=0.9994, train_precision=0.8509, train_recall=0.7748, train_f1=0.8111, train_roc_auc=0.9850, train_pr_auc=0.7459, valid_acc=0.9994, valid_precision=0.8182, valid_recall=0.8289, valid_f1=0.8235, valid_roc_auc=0.9857, valid_pr_auc=0.7539
2026-08-21 20:53:18,451 - INFO - Epoch 7/50, loss=0.0029, train_acc=0.9994, train_precision=0.8545, train_recall=0.7781, train_f1=0.8146, train_roc_auc=0.9852, train_pr_auc=0.7639, valid_acc=0.9994, valid_precision=0.8077, valid_recall=0.8289, valid_f1=0.8182, valid_roc_auc=0.9897, valid_pr_auc=0.7442
2026-08-21 20:53:54,171 - INFO - Epoch 8/50, loss=0.0028, train_acc=0.9994, train_precision=0.8484, train_recall=0.7781, train_f1=0.8117, train_roc_auc=0.9837, train_pr_auc=0.7541, valid_acc=0.9994, valid_precision=0.7975, valid_recall=0.8289, valid_f1=0.8129, valid_roc_auc=0.9866, valid_pr_auc=0.7207
2026-08-21 20:54:30,189 - INFO - Epoch 9/50, loss=0.0027, train_acc=0.9994, train_precision=0.8613, train_recall=0.7815, train_f1=0.8194, train_roc_auc=0.9877, train_pr_auc=0.7646, valid_acc=0.9994, valid_precision=0.8493, valid_recall=0.8158, valid_f1=0.8322, valid_roc_auc=0.9881, valid_pr_auc=0.7498
2026-08-21 20:55:06,091 - INFO - Epoch 10: new best validation PR-AUC = 0.7708
2026-08-21 20:55:06,097 - INFO - Epoch 10/50, loss=0.0026, train_acc=0.9994, train_precision=0.8556, train_recall=0.7848, train_f1=0.8187, train_roc_auc=0.9898, train_pr_auc=0.7726, valid_acc=0.9994, valid_precision=0.8429, valid_recall=0.7763, valid_f1=0.8082, valid_roc_auc=0.9866, valid_pr_auc=0.7708
2026-08-21 20:55:25,086 - INFO - Epoch 11/50, loss=0.0025, train_acc=0.9994, train_precision=0.8597, train_recall=0.7914, train_f1=0.8241, train_roc_auc=0.9911, train_pr_auc=0.7738, valid_acc=0.9995, valid_precision=0.8421, valid_recall=0.8421, valid_f1=0.8421, valid_roc_auc=0.9867, valid_pr_auc=0.7531
2026-08-21 20:55:37,869 - INFO - Epoch 12/50, loss=0.0026, train_acc=0.9994, train_precision=0.8672, train_recall=0.7781, train_f1=0.8202, train_roc_auc=0.9893, train_pr_auc=0.7722, valid_acc=0.9994, valid_precision=0.8378, valid_recall=0.8158, valid_f1=0.8267, valid_roc_auc=0.9829, valid_pr_auc=0.7561
2026-08-21 20:55:52,728 - INFO - Epoch 13/50, loss=0.0024, train_acc=0.9995, train_precision=0.8691, train_recall=0.7914, train_f1=0.8284, train_roc_auc=0.9924, train_pr_auc=0.7683, valid_acc=0.9994, valid_precision=0.8205, valid_recall=0.8421, valid_f1=0.8312, valid_roc_auc=0.9828, valid_pr_auc=0.7514
2026-08-21 20:56:06,486 - INFO - Epoch 14/50, loss=0.0024, train_acc=0.9995, train_precision=0.8727, train_recall=0.7947, train_f1=0.8319, train_roc_auc=0.9926, train_pr_auc=0.7937, valid_acc=0.9994, valid_precision=0.8400, valid_recall=0.8289, valid_f1=0.8344, valid_roc_auc=0.9825, valid_pr_auc=0.7636
2026-08-21 20:56:33,336 - INFO - Epoch 15/50, loss=0.0023, train_acc=0.9995, train_precision=0.8736, train_recall=0.8013, train_f1=0.8359, train_roc_auc=0.9940, train_pr_auc=0.7941, valid_acc=0.9994, valid_precision=0.8312, valid_recall=0.8421, valid_f1=0.8366, valid_roc_auc=0.9801, valid_pr_auc=0.7605
2026-08-21 20:57:10,199 - INFO - Epoch 16/50, loss=0.0023, train_acc=0.9995, train_precision=0.8773, train_recall=0.8046, train_f1=0.8394, train_roc_auc=0.9946, train_pr_auc=0.7884, valid_acc=0.9994, valid_precision=0.8205, valid_recall=0.8421, valid_f1=0.8312, valid_roc_auc=0.9839, valid_pr_auc=0.7535
2026-08-21 20:57:44,317 - INFO - Epoch 17/50, loss=0.0023, train_acc=0.9995, train_precision=0.8736, train_recall=0.8013, train_f1=0.8359, train_roc_auc=0.9937, train_pr_auc=0.8015, valid_acc=0.9994, valid_precision=0.8312, valid_recall=0.8421, valid_f1=0.8366, valid_roc_auc=0.9822, valid_pr_auc=0.7599
2026-08-21 20:58:25,316 - INFO - Epoch 18/50, loss=0.0022, train_acc=0.9995, train_precision=0.8813, train_recall=0.8113, train_f1=0.8448, train_roc_auc=0.9945, train_pr_auc=0.7854, valid_acc=0.9995, valid_precision=0.8533, valid_recall=0.8421, valid_f1=0.8477, valid_roc_auc=0.9834, valid_pr_auc=0.7629
2026-08-21 20:59:01,631 - INFO - Epoch 19/50, loss=0.0022, train_acc=0.9995, train_precision=0.8804, train_recall=0.8046, train_f1=0.8408, train_roc_auc=0.9951, train_pr_auc=0.8029, valid_acc=0.9995, valid_precision=0.8533, valid_recall=0.8421, valid_f1=0.8477, valid_roc_auc=0.9816, valid_pr_auc=0.7643
2026-08-21 20:59:37,383 - INFO - Epoch 20/50, loss=0.0022, train_acc=0.9995, train_precision=0.8836, train_recall=0.8046, train_f1=0.8423, train_roc_auc=0.9940, train_pr_auc=0.8130, valid_acc=0.9995, valid_precision=0.8421, valid_recall=0.8421, valid_f1=0.8421, valid_roc_auc=0.9822, valid_pr_auc=0.7603
2026-08-21 21:00:01,806 - INFO - Epoch 21/50, loss=0.0021, train_acc=0.9995, train_precision=0.8849, train_recall=0.8146, train_f1=0.8483, train_roc_auc=0.9961, train_pr_auc=0.8032, valid_acc=0.9995, valid_precision=0.8533, valid_recall=0.8421, valid_f1=0.8477, valid_roc_auc=0.9811, valid_pr_auc=0.7636
2026-08-21 21:00:16,060 - INFO - Epoch 22/50, loss=0.0022, train_acc=0.9995, train_precision=0.8813, train_recall=0.8113, train_f1=0.8448, train_roc_auc=0.9956, train_pr_auc=0.7957, valid_acc=0.9995, valid_precision=0.8421, valid_recall=0.8421, valid_f1=0.8421, valid_roc_auc=0.9827, valid_pr_auc=0.7664
2026-08-21 21:00:28,727 - INFO - Epoch 23/50, loss=0.0022, train_acc=0.9995, train_precision=0.8864, train_recall=0.8013, train_f1=0.8417, train_roc_auc=0.9953, train_pr_auc=0.7934, valid_acc=0.9995, valid_precision=0.8421, valid_recall=0.8421, valid_f1=0.8421, valid_roc_auc=0.9817, valid_pr_auc=0.7649
2026-08-21 21:00:41,250 - INFO - Epoch 24/50, loss=0.0021, train_acc=0.9995, train_precision=0.8809, train_recall=0.8079, train_f1=0.8428, train_roc_auc=0.9955, train_pr_auc=0.8118, valid_acc=0.9994, valid_precision=0.8312, valid_recall=0.8421, valid_f1=0.8366, valid_roc_auc=0.9829, valid_pr_auc=0.7656
2026-08-21 21:00:54,453 - INFO - Epoch 25/50, loss=0.0021, train_acc=0.9995, train_precision=0.8849, train_recall=0.8146, train_f1=0.8483, train_roc_auc=0.9956, train_pr_auc=0.8025, valid_acc=0.9995, valid_precision=0.8533, valid_recall=0.8421, valid_f1=0.8477, valid_roc_auc=0.9815, valid_pr_auc=0.7643
2026-08-21 21:01:07,576 - INFO - Epoch 26/50, loss=0.0022, train_acc=0.9995, train_precision=0.8790, train_recall=0.8179, train_f1=0.8473, train_roc_auc=0.9956, train_pr_auc=0.7989, valid_acc=0.9995, valid_precision=0.8533, valid_recall=0.8421, valid_f1=0.8477, valid_roc_auc=0.9814, valid_pr_auc=0.7648
2026-08-21 21:01:20,805 - INFO - Epoch 27/50, loss=0.0021, train_acc=0.9995, train_precision=0.8917, train_recall=0.8179, train_f1=0.8532, train_roc_auc=0.9958, train_pr_auc=0.8072, valid_acc=0.9995, valid_precision=0.8533, valid_recall=0.8421, valid_f1=0.8477, valid_roc_auc=0.9822, valid_pr_auc=0.7636
2026-08-21 21:01:34,798 - INFO - Epoch 28/50, loss=0.0022, train_acc=0.9995, train_precision=0.8881, train_recall=0.8146, train_f1=0.8497, train_roc_auc=0.9921, train_pr_auc=0.7941, valid_acc=0.9995, valid_precision=0.8533, valid_recall=0.8421, valid_f1=0.8477, valid_roc_auc=0.9809, valid_pr_auc=0.7651
2026-08-21 21:01:47,945 - INFO - Epoch 29/50, loss=0.0021, train_acc=0.9995, train_precision=0.8885, train_recall=0.8179, train_f1=0.8517, train_roc_auc=0.9962, train_pr_auc=0.8028, valid_acc=0.9995, valid_precision=0.8533, valid_recall=0.8421, valid_f1=0.8477, valid_roc_auc=0.9809, valid_pr_auc=0.7638
2026-08-21 21:02:02,076 - INFO - Epoch 30/50, loss=0.0021, train_acc=0.9995, train_precision=0.8949, train_recall=0.8179, train_f1=0.8547, train_roc_auc=0.9961, train_pr_auc=0.8036, valid_acc=0.9995, valid_precision=0.8533, valid_recall=0.8421, valid_f1=0.8477, valid_roc_auc=0.9807, valid_pr_auc=0.7669
2026-08-21 21:02:15,206 - INFO - Epoch 31/50, loss=0.0021, train_acc=0.9995, train_precision=0.8885, train_recall=0.8179, train_f1=0.8517, train_roc_auc=0.9951, train_pr_auc=0.8045, valid_acc=0.9995, valid_precision=0.8421, valid_recall=0.8421, valid_f1=0.8421, valid_roc_auc=0.9833, valid_pr_auc=0.7662
2026-08-21 21:02:28,312 - INFO - Epoch 32/50, loss=0.0021, train_acc=0.9995, train_precision=0.8826, train_recall=0.8212, train_f1=0.8508, train_roc_auc=0.9962, train_pr_auc=0.8047, valid_acc=0.9995, valid_precision=0.8533, valid_recall=0.8421, valid_f1=0.8477, valid_roc_auc=0.9816, valid_pr_auc=0.7656
2026-08-21 21:02:41,162 - INFO - Epoch 33/50, loss=0.0021, train_acc=0.9995, train_precision=0.8881, train_recall=0.8146, train_f1=0.8497, train_roc_auc=0.9951, train_pr_auc=0.8061, valid_acc=0.9995, valid_precision=0.8533, valid_recall=0.8421, valid_f1=0.8477, valid_roc_auc=0.9812, valid_pr_auc=0.7634
2026-08-21 21:02:53,748 - INFO - Epoch 34/50, loss=0.0021, train_acc=0.9995, train_precision=0.8893, train_recall=0.8245, train_f1=0.8557, train_roc_auc=0.9953, train_pr_auc=0.8069, valid_acc=0.9995, valid_precision=0.8533, valid_recall=0.8421, valid_f1=0.8477, valid_roc_auc=0.9817, valid_pr_auc=0.7641
2026-08-21 21:03:07,199 - INFO - Epoch 35/50, loss=0.0021, train_acc=0.9995, train_precision=0.8836, train_recall=0.8046, train_f1=0.8423, train_roc_auc=0.9955, train_pr_auc=0.8006, valid_acc=0.9995, valid_precision=0.8533, valid_recall=0.8421, valid_f1=0.8477, valid_roc_auc=0.9800, valid_pr_auc=0.7621
2026-08-21 21:03:20,944 - INFO - Epoch 36/50, loss=0.0021, train_acc=0.9995, train_precision=0.8893, train_recall=0.8245, train_f1=0.8557, train_roc_auc=0.9951, train_pr_auc=0.8142, valid_acc=0.9995, valid_precision=0.8533, valid_recall=0.8421, valid_f1=0.8477, valid_roc_auc=0.9814, valid_pr_auc=0.7652
2026-08-21 21:03:34,744 - INFO - Epoch 37/50, loss=0.0021, train_acc=0.9995, train_precision=0.8885, train_recall=0.8179, train_f1=0.8517, train_roc_auc=0.9951, train_pr_auc=0.7942, valid_acc=0.9995, valid_precision=0.8533, valid_recall=0.8421, valid_f1=0.8477, valid_roc_auc=0.9822, valid_pr_auc=0.7659
2026-08-21 21:03:48,344 - INFO - Epoch 38/50, loss=0.0021, train_acc=0.9995, train_precision=0.8885, train_recall=0.8179, train_f1=0.8517, train_roc_auc=0.9959, train_pr_auc=0.8065, valid_acc=0.9995, valid_precision=0.8533, valid_recall=0.8421, valid_f1=0.8477, valid_roc_auc=0.9815, valid_pr_auc=0.7636
2026-08-21 21:04:00,304 - INFO - Epoch 39/50, loss=0.0021, train_acc=0.9995, train_precision=0.8885, train_recall=0.8179, train_f1=0.8517, train_roc_auc=0.9945, train_pr_auc=0.8031, valid_acc=0.9995, valid_precision=0.8533, valid_recall=0.8421, valid_f1=0.8477, valid_roc_auc=0.9820, valid_pr_auc=0.7669
2026-08-21 21:04:13,009 - INFO - Epoch 40/50, loss=0.0021, train_acc=0.9995, train_precision=0.8821, train_recall=0.8179, train_f1=0.8488, train_roc_auc=0.9943, train_pr_auc=0.8116, valid_acc=0.9995, valid_precision=0.8533, valid_recall=0.8421, valid_f1=0.8477, valid_roc_auc=0.9805, valid_pr_auc=0.7658
2026-08-21 21:04:24,919 - INFO - Epoch 41/50, loss=0.0021, train_acc=0.9995, train_precision=0.8873, train_recall=0.8079, train_f1=0.8458, train_roc_auc=0.9950, train_pr_auc=0.8026, valid_acc=0.9995, valid_precision=0.8421, valid_recall=0.8421, valid_f1=0.8421, valid_roc_auc=0.9828, valid_pr_auc=0.7658
2026-08-21 21:04:37,878 - INFO - Epoch 42/50, loss=0.0021, train_acc=0.9995, train_precision=0.8873, train_recall=0.8079, train_f1=0.8458, train_roc_auc=0.9957, train_pr_auc=0.8078, valid_acc=0.9995, valid_precision=0.8533, valid_recall=0.8421, valid_f1=0.8477, valid_roc_auc=0.9819, valid_pr_auc=0.7639
2026-08-21 21:04:51,208 - INFO - Epoch 43/50, loss=0.0021, train_acc=0.9995, train_precision=0.8925, train_recall=0.8245, train_f1=0.8571, train_roc_auc=0.9954, train_pr_auc=0.8024, valid_acc=0.9995, valid_precision=0.8533, valid_recall=0.8421, valid_f1=0.8477, valid_roc_auc=0.9807, valid_pr_auc=0.7628
2026-08-21 21:05:04,107 - INFO - Epoch 44/50, loss=0.0021, train_acc=0.9995, train_precision=0.8913, train_recall=0.8146, train_f1=0.8512, train_roc_auc=0.9953, train_pr_auc=0.7992, valid_acc=0.9995, valid_precision=0.8514, valid_recall=0.8289, valid_f1=0.8400, valid_roc_auc=0.9827, valid_pr_auc=0.7670
2026-08-21 21:05:17,549 - INFO - Epoch 45/50, loss=0.0020, train_acc=0.9995, train_precision=0.8917, train_recall=0.8179, train_f1=0.8532, train_roc_auc=0.9970, train_pr_auc=0.8098, valid_acc=0.9995, valid_precision=0.8533, valid_recall=0.8421, valid_f1=0.8477, valid_roc_auc=0.9817, valid_pr_auc=0.7649
2026-08-21 21:05:29,967 - INFO - Epoch 46/50, loss=0.0021, train_acc=0.9995, train_precision=0.8845, train_recall=0.8113, train_f1=0.8463, train_roc_auc=0.9946, train_pr_auc=0.7981, valid_acc=0.9995, valid_precision=0.8533, valid_recall=0.8421, valid_f1=0.8477, valid_roc_auc=0.9819, valid_pr_auc=0.7642
2026-08-21 21:05:42,312 - INFO - Epoch 47/50, loss=0.0021, train_acc=0.9995, train_precision=0.8909, train_recall=0.8113, train_f1=0.8492, train_roc_auc=0.9954, train_pr_auc=0.8066, valid_acc=0.9995, valid_precision=0.8533, valid_recall=0.8421, valid_f1=0.8477, valid_roc_auc=0.9814, valid_pr_auc=0.7667
2026-08-21 21:05:54,043 - INFO - Epoch 48/50, loss=0.0021, train_acc=0.9995, train_precision=0.8845, train_recall=0.8113, train_f1=0.8463, train_roc_auc=0.9957, train_pr_auc=0.8070, valid_acc=0.9995, valid_precision=0.8533, valid_recall=0.8421, valid_f1=0.8477, valid_roc_auc=0.9814, valid_pr_auc=0.7634
2026-08-21 21:06:06,750 - INFO - Epoch 49/50, loss=0.0021, train_acc=0.9995, train_precision=0.8897, train_recall=0.8278, train_f1=0.8576, train_roc_auc=0.9955, train_pr_auc=0.8000, valid_acc=0.9995, valid_precision=0.8533, valid_recall=0.8421, valid_f1=0.8477, valid_roc_auc=0.9812, valid_pr_auc=0.7628
2026-08-21 21:06:19,624 - INFO - Epoch 50: new best validation PR-AUC = 0.7713
2026-08-21 21:06:19,624 - INFO - Epoch 50/50, loss=0.0021, train_acc=0.9995, train_precision=0.8853, train_recall=0.8179, train_f1=0.8503, train_roc_auc=0.9955, train_pr_auc=0.8081, valid_acc=0.9994, valid_precision=0.8493, valid_recall=0.8158, valid_f1=0.8322, valid_roc_auc=0.9854, valid_pr_auc=0.7713
2026-08-21 21:06:19,624 - INFO - Best epoch: 50
2026-08-21 21:06:19,624 - INFO - Best validation PR-AUC: 0.7713
2026-08-21 21:06:19,624 - INFO - Fold 4 results:
2026-08-21 21:06:19,624 - INFO - accuracy: 0.9994
2026-08-21 21:06:19,624 - INFO - f1: 0.8322
2026-08-21 21:06:19,624 - INFO - pr_auc: 0.7713
2026-08-21 21:06:19,624 - INFO - precision: 0.8493
2026-08-21 21:06:19,624 - INFO - recall: 0.8158
2026-08-21 21:06:19,624 - INFO - roc_auc: 0.9854
2026-08-21 21:06:19,624 - INFO - Model saved to models/fraud_model_index_1_fold_4.pth
2026-08-21 21:06:19,630 - INFO - 
========== Fold 5/5 ==========
2026-08-21 21:06:32,843 - INFO - Epoch 1: new best validation PR-AUC = 0.7279
2026-08-21 21:06:32,843 - INFO - Epoch 1/50, loss=0.0426, train_acc=0.9875, train_precision=0.0055, train_recall=0.0364, train_f1=0.0096, train_roc_auc=0.9039, train_pr_auc=0.0247, valid_acc=0.9983, valid_precision=0.0000, valid_recall=0.0000, valid_f1=0.0000, valid_roc_auc=0.9621, valid_pr_auc=0.7279
2026-08-21 21:06:46,549 - INFO - Epoch 2: new best validation PR-AUC = 0.7825
2026-08-21 21:06:46,549 - INFO - Epoch 2/50, loss=0.0041, train_acc=0.9983, train_precision=0.0000, train_recall=0.0000, train_f1=0.0000, train_roc_auc=0.9669, train_pr_auc=0.7028, valid_acc=0.9983, valid_precision=0.0000, valid_recall=0.0000, valid_f1=0.0000, valid_roc_auc=0.9955, valid_pr_auc=0.7825
2026-08-21 21:06:59,481 - INFO - Epoch 3: new best validation PR-AUC = 0.7910
2026-08-21 21:06:59,481 - INFO - Epoch 3/50, loss=0.0036, train_acc=0.9983, train_precision=0.0000, train_recall=0.0000, train_f1=0.0000, train_roc_auc=0.9800, train_pr_auc=0.7268, valid_acc=0.9983, valid_precision=0.0000, valid_recall=0.0000, valid_f1=0.0000, valid_roc_auc=0.9942, valid_pr_auc=0.7910
2026-08-21 21:07:13,394 - INFO - Epoch 4/50, loss=0.0034, train_acc=0.9990, train_precision=0.8523, train_recall=0.4967, train_f1=0.6276, train_roc_auc=0.9798, train_pr_auc=0.7473, valid_acc=0.9995, valid_precision=0.8421, valid_recall=0.8421, valid_f1=0.8421, valid_roc_auc=0.9927, valid_pr_auc=0.7863
2026-08-21 21:07:26,423 - INFO - Epoch 5: new best validation PR-AUC = 0.8046
2026-08-21 21:07:26,423 - INFO - Epoch 5/50, loss=0.0032, train_acc=0.9994, train_precision=0.8298, train_recall=0.7748, train_f1=0.8014, train_roc_auc=0.9829, train_pr_auc=0.7274, valid_acc=0.9995, valid_precision=0.8333, valid_recall=0.8553, valid_f1=0.8442, valid_roc_auc=0.9919, valid_pr_auc=0.8046
2026-08-21 21:07:39,265 - INFO - Epoch 6: new best validation PR-AUC = 0.8226
2026-08-21 21:07:39,265 - INFO - Epoch 6/50, loss=0.0030, train_acc=0.9994, train_precision=0.8500, train_recall=0.7881, train_f1=0.8179, train_roc_auc=0.9867, train_pr_auc=0.7570, valid_acc=0.9995, valid_precision=0.8514, valid_recall=0.8289, valid_f1=0.8400, valid_roc_auc=0.9959, valid_pr_auc=0.8226
2026-08-21 21:07:52,302 - INFO - Epoch 7/50, loss=0.0029, train_acc=0.9994, train_precision=0.8369, train_recall=0.7815, train_f1=0.8082, train_roc_auc=0.9859, train_pr_auc=0.7356, valid_acc=0.9994, valid_precision=0.8400, valid_recall=0.8289, valid_f1=0.8344, valid_roc_auc=0.9935, valid_pr_auc=0.7912
2026-08-21 21:08:05,377 - INFO - Epoch 8/50, loss=0.0029, train_acc=0.9994, train_precision=0.8375, train_recall=0.7848, train_f1=0.8103, train_roc_auc=0.9851, train_pr_auc=0.7473, valid_acc=0.9995, valid_precision=0.8442, valid_recall=0.8553, valid_f1=0.8497, valid_roc_auc=0.9955, valid_pr_auc=0.8038
2026-08-21 21:08:18,989 - INFO - Epoch 9/50, loss=0.0028, train_acc=0.9994, train_precision=0.8535, train_recall=0.7715, train_f1=0.8104, train_roc_auc=0.9848, train_pr_auc=0.7773, valid_acc=0.9995, valid_precision=0.8462, valid_recall=0.8684, valid_f1=0.8571, valid_roc_auc=0.9971, valid_pr_auc=0.8054
2026-08-21 21:08:32,739 - INFO - Epoch 10/50, loss=0.0026, train_acc=0.9994, train_precision=0.8613, train_recall=0.7815, train_f1=0.8194, train_roc_auc=0.9900, train_pr_auc=0.7776, valid_acc=0.9995, valid_precision=0.8442, valid_recall=0.8553, valid_f1=0.8497, valid_roc_auc=0.9969, valid_pr_auc=0.8112
2026-08-21 21:08:46,346 - INFO - Epoch 11/50, loss=0.0025, train_acc=0.9995, train_precision=0.8705, train_recall=0.8013, train_f1=0.8345, train_roc_auc=0.9900, train_pr_auc=0.7741, valid_acc=0.9995, valid_precision=0.8354, valid_recall=0.8684, valid_f1=0.8516, valid_roc_auc=0.9972, valid_pr_auc=0.8188
2026-08-21 21:08:59,239 - INFO - Epoch 12/50, loss=0.0025, train_acc=0.9994, train_precision=0.8618, train_recall=0.7848, train_f1=0.8215, train_roc_auc=0.9914, train_pr_auc=0.7812, valid_acc=0.9995, valid_precision=0.8354, valid_recall=0.8684, valid_f1=0.8516, valid_roc_auc=0.9950, valid_pr_auc=0.7981
2026-08-21 21:09:12,392 - INFO - Epoch 13/50, loss=0.0024, train_acc=0.9994, train_precision=0.8597, train_recall=0.7914, train_f1=0.8241, train_roc_auc=0.9903, train_pr_auc=0.7931, valid_acc=0.9995, valid_precision=0.8857, valid_recall=0.8158, valid_f1=0.8493, valid_roc_auc=0.9971, valid_pr_auc=0.8218
2026-08-21 21:09:26,449 - INFO - Epoch 14/50, loss=0.0024, train_acc=0.9995, train_precision=0.8778, train_recall=0.7848, train_f1=0.8287, train_roc_auc=0.9914, train_pr_auc=0.8061, valid_acc=0.9995, valid_precision=0.8442, valid_recall=0.8553, valid_f1=0.8497, valid_roc_auc=0.9966, valid_pr_auc=0.8223
2026-08-21 21:09:39,582 - INFO - Epoch 15: new best validation PR-AUC = 0.8255
2026-08-21 21:09:39,582 - INFO - Epoch 15/50, loss=0.0024, train_acc=0.9995, train_precision=0.8764, train_recall=0.7980, train_f1=0.8354, train_roc_auc=0.9916, train_pr_auc=0.8084, valid_acc=0.9995, valid_precision=0.8553, valid_recall=0.8553, valid_f1=0.8553, valid_roc_auc=0.9967, valid_pr_auc=0.8255
2026-08-21 21:09:53,128 - INFO - Epoch 16/50, loss=0.0024, train_acc=0.9995, train_precision=0.8732, train_recall=0.7980, train_f1=0.8339, train_roc_auc=0.9922, train_pr_auc=0.8056, valid_acc=0.9995, valid_precision=0.8649, valid_recall=0.8421, valid_f1=0.8533, valid_roc_auc=0.9967, valid_pr_auc=0.8245
2026-08-21 21:10:06,981 - INFO - Epoch 17: new best validation PR-AUC = 0.8279
2026-08-21 21:10:06,981 - INFO - Epoch 17/50, loss=0.0023, train_acc=0.9995, train_precision=0.8787, train_recall=0.7914, train_f1=0.8328, train_roc_auc=0.9921, train_pr_auc=0.8208, valid_acc=0.9995, valid_precision=0.8649, valid_recall=0.8421, valid_f1=0.8533, valid_roc_auc=0.9968, valid_pr_auc=0.8279
2026-08-21 21:10:20,253 - INFO - Epoch 18/50, loss=0.0023, train_acc=0.9995, train_precision=0.8800, train_recall=0.8013, train_f1=0.8388, train_roc_auc=0.9923, train_pr_auc=0.8271, valid_acc=0.9995, valid_precision=0.8649, valid_recall=0.8421, valid_f1=0.8533, valid_roc_auc=0.9965, valid_pr_auc=0.8244
2026-08-21 21:10:33,859 - INFO - Epoch 19: new best validation PR-AUC = 0.8286
2026-08-21 21:10:33,859 - INFO - Epoch 19/50, loss=0.0023, train_acc=0.9995, train_precision=0.8804, train_recall=0.8046, train_f1=0.8408, train_roc_auc=0.9926, train_pr_auc=0.8146, valid_acc=0.9995, valid_precision=0.8873, valid_recall=0.8289, valid_f1=0.8571, valid_roc_auc=0.9965, valid_pr_auc=0.8286
2026-08-21 21:10:46,914 - INFO - Epoch 20: new best validation PR-AUC = 0.8354
2026-08-21 21:10:46,914 - INFO - Epoch 20/50, loss=0.0022, train_acc=0.9995, train_precision=0.8857, train_recall=0.8212, train_f1=0.8522, train_roc_auc=0.9936, train_pr_auc=0.8242, valid_acc=0.9995, valid_precision=0.8873, valid_recall=0.8289, valid_f1=0.8571, valid_roc_auc=0.9967, valid_pr_auc=0.8354
2026-08-21 21:11:00,860 - INFO - Epoch 21/50, loss=0.0022, train_acc=0.9995, train_precision=0.8777, train_recall=0.8079, train_f1=0.8414, train_roc_auc=0.9935, train_pr_auc=0.8137, valid_acc=0.9995, valid_precision=0.8667, valid_recall=0.8553, valid_f1=0.8609, valid_roc_auc=0.9973, valid_pr_auc=0.8334
2026-08-21 21:11:14,061 - INFO - Epoch 22: new best validation PR-AUC = 0.8391
2026-08-21 21:11:14,061 - INFO - Epoch 22/50, loss=0.0022, train_acc=0.9995, train_precision=0.8821, train_recall=0.8179, train_f1=0.8488, train_roc_auc=0.9949, train_pr_auc=0.8447, valid_acc=0.9995, valid_precision=0.8767, valid_recall=0.8421, valid_f1=0.8591, valid_roc_auc=0.9958, valid_pr_auc=0.8391
2026-08-21 21:11:26,333 - INFO - Epoch 23: new best validation PR-AUC = 0.8447
2026-08-21 21:11:26,333 - INFO - Epoch 23/50, loss=0.0022, train_acc=0.9995, train_precision=0.8826, train_recall=0.8212, train_f1=0.8508, train_roc_auc=0.9942, train_pr_auc=0.8521, valid_acc=0.9995, valid_precision=0.8767, valid_recall=0.8421, valid_f1=0.8591, valid_roc_auc=0.9937, valid_pr_auc=0.8447
2026-08-21 21:11:39,452 - INFO - Epoch 24: new best validation PR-AUC = 0.8491
2026-08-21 21:11:39,452 - INFO - Epoch 24/50, loss=0.0022, train_acc=0.9995, train_precision=0.8817, train_recall=0.8146, train_f1=0.8468, train_roc_auc=0.9922, train_pr_auc=0.8702, valid_acc=0.9995, valid_precision=0.8750, valid_recall=0.8289, valid_f1=0.8514, valid_roc_auc=0.9971, valid_pr_auc=0.8491
2026-08-21 21:11:52,077 - INFO - Epoch 25/50, loss=0.0021, train_acc=0.9995, train_precision=0.8945, train_recall=0.8146, train_f1=0.8527, train_roc_auc=0.9943, train_pr_auc=0.8774, valid_acc=0.9995, valid_precision=0.8873, valid_recall=0.8289, valid_f1=0.8571, valid_roc_auc=0.9960, valid_pr_auc=0.8473
2026-08-21 21:12:05,897 - INFO - Epoch 26: new best validation PR-AUC = 0.8535
2026-08-21 21:12:05,897 - INFO - Epoch 26/50, loss=0.0021, train_acc=0.9996, train_precision=0.8961, train_recall=0.8278, train_f1=0.8606, train_roc_auc=0.9936, train_pr_auc=0.8766, valid_acc=0.9996, valid_precision=0.9118, valid_recall=0.8158, valid_f1=0.8611, valid_roc_auc=0.9935, valid_pr_auc=0.8535
2026-08-21 21:12:19,277 - INFO - Epoch 27: new best validation PR-AUC = 0.8677
2026-08-21 21:12:19,277 - INFO - Epoch 27/50, loss=0.0021, train_acc=0.9995, train_precision=0.8926, train_recall=0.7980, train_f1=0.8427, train_roc_auc=0.9939, train_pr_auc=0.8800, valid_acc=0.9995, valid_precision=0.8767, valid_recall=0.8421, valid_f1=0.8591, valid_roc_auc=0.9974, valid_pr_auc=0.8677
2026-08-21 21:12:32,695 - INFO - Epoch 28/50, loss=0.0020, train_acc=0.9996, train_precision=0.8993, train_recall=0.8278, train_f1=0.8621, train_roc_auc=0.9931, train_pr_auc=0.8829, valid_acc=0.9995, valid_precision=0.8667, valid_recall=0.8553, valid_f1=0.8609, valid_roc_auc=0.9969, valid_pr_auc=0.8673
2026-08-21 21:12:45,966 - INFO - Epoch 29/50, loss=0.0020, train_acc=0.9995, train_precision=0.8845, train_recall=0.8113, train_f1=0.8463, train_roc_auc=0.9953, train_pr_auc=0.8820, valid_acc=0.9996, valid_precision=0.8889, valid_recall=0.8421, valid_f1=0.8649, valid_roc_auc=0.9966, valid_pr_auc=0.8648
2026-08-21 21:12:59,272 - INFO - Epoch 30: new best validation PR-AUC = 0.8680
2026-08-21 21:12:59,272 - INFO - Epoch 30/50, loss=0.0020, train_acc=0.9996, train_precision=0.9081, train_recall=0.8179, train_f1=0.8606, train_roc_auc=0.9948, train_pr_auc=0.8917, valid_acc=0.9995, valid_precision=0.8767, valid_recall=0.8421, valid_f1=0.8591, valid_roc_auc=0.9969, valid_pr_auc=0.8680
2026-08-21 21:13:13,130 - INFO - Epoch 31: new best validation PR-AUC = 0.8727
2026-08-21 21:13:13,130 - INFO - Epoch 31/50, loss=0.0019, train_acc=0.9996, train_precision=0.9140, train_recall=0.8444, train_f1=0.8778, train_roc_auc=0.9960, train_pr_auc=0.8916, valid_acc=0.9996, valid_precision=0.8784, valid_recall=0.8553, valid_f1=0.8667, valid_roc_auc=0.9965, valid_pr_auc=0.8727
2026-08-21 21:13:26,483 - INFO - Epoch 32/50, loss=0.0019, train_acc=0.9996, train_precision=0.9094, train_recall=0.8311, train_f1=0.8685, train_roc_auc=0.9966, train_pr_auc=0.8966, valid_acc=0.9995, valid_precision=0.8750, valid_recall=0.8289, valid_f1=0.8514, valid_roc_auc=0.9957, valid_pr_auc=0.8675
2026-08-21 21:13:40,770 - INFO - Epoch 33: new best validation PR-AUC = 0.8759
2026-08-21 21:13:40,770 - INFO - Epoch 33/50, loss=0.0020, train_acc=0.9996, train_precision=0.9130, train_recall=0.8344, train_f1=0.8720, train_roc_auc=0.9943, train_pr_auc=0.8912, valid_acc=0.9996, valid_precision=0.9014, valid_recall=0.8421, valid_f1=0.8707, valid_roc_auc=0.9979, valid_pr_auc=0.8759
2026-08-21 21:13:59,192 - INFO - Epoch 34/50, loss=0.0019, train_acc=0.9996, train_precision=0.9228, train_recall=0.8311, train_f1=0.8746, train_roc_auc=0.9952, train_pr_auc=0.8964, valid_acc=0.9996, valid_precision=0.8904, valid_recall=0.8553, valid_f1=0.8725, valid_roc_auc=0.9951, valid_pr_auc=0.8743
2026-08-21 21:14:32,796 - INFO - Epoch 35/50, loss=0.0019, train_acc=0.9996, train_precision=0.9328, train_recall=0.8278, train_f1=0.8772, train_roc_auc=0.9965, train_pr_auc=0.8928, valid_acc=0.9995, valid_precision=0.8649, valid_recall=0.8421, valid_f1=0.8533, valid_roc_auc=0.9953, valid_pr_auc=0.8731
2026-08-21 21:15:07,878 - INFO - Epoch 36/50, loss=0.0018, train_acc=0.9996, train_precision=0.9254, train_recall=0.8212, train_f1=0.8702, train_roc_auc=0.9961, train_pr_auc=0.8989, valid_acc=0.9996, valid_precision=0.9014, valid_recall=0.8421, valid_f1=0.8707, valid_roc_auc=0.9952, valid_pr_auc=0.8720
2026-08-21 21:15:44,944 - INFO - Epoch 37/50, loss=0.0017, train_acc=0.9997, train_precision=0.9412, train_recall=0.8477, train_f1=0.8920, train_roc_auc=0.9975, train_pr_auc=0.9075, valid_acc=0.9996, valid_precision=0.9014, valid_recall=0.8421, valid_f1=0.8707, valid_roc_auc=0.9953, valid_pr_auc=0.8742
2026-08-21 21:16:21,405 - INFO - Epoch 38: new best validation PR-AUC = 0.8768
2026-08-21 21:16:21,405 - INFO - Epoch 38/50, loss=0.0017, train_acc=0.9996, train_precision=0.9366, train_recall=0.8311, train_f1=0.8807, train_roc_auc=0.9975, train_pr_auc=0.9110, valid_acc=0.9996, valid_precision=0.9014, valid_recall=0.8421, valid_f1=0.8707, valid_roc_auc=0.9973, valid_pr_auc=0.8768
2026-08-21 21:16:57,961 - INFO - Epoch 39/50, loss=0.0017, train_acc=0.9996, train_precision=0.9438, train_recall=0.8344, train_f1=0.8858, train_roc_auc=0.9969, train_pr_auc=0.9101, valid_acc=0.9996, valid_precision=0.8889, valid_recall=0.8421, valid_f1=0.8649, valid_roc_auc=0.9970, valid_pr_auc=0.8736
2026-08-21 21:17:33,809 - INFO - Epoch 40/50, loss=0.0018, train_acc=0.9996, train_precision=0.9401, train_recall=0.8311, train_f1=0.8822, train_roc_auc=0.9966, train_pr_auc=0.9097, valid_acc=0.9996, valid_precision=0.9014, valid_recall=0.8421, valid_f1=0.8707, valid_roc_auc=0.9960, valid_pr_auc=0.8768
2026-08-21 21:18:09,855 - INFO - Epoch 41: new best validation PR-AUC = 0.8770
2026-08-21 21:18:09,855 - INFO - Epoch 41/50, loss=0.0017, train_acc=0.9996, train_precision=0.9438, train_recall=0.8344, train_f1=0.8858, train_roc_auc=0.9972, train_pr_auc=0.9077, valid_acc=0.9996, valid_precision=0.9014, valid_recall=0.8421, valid_f1=0.8707, valid_roc_auc=0.9960, valid_pr_auc=0.8770
2026-08-21 21:18:45,610 - INFO - Epoch 42: new best validation PR-AUC = 0.8772
2026-08-21 21:18:45,610 - INFO - Epoch 42/50, loss=0.0016, train_acc=0.9997, train_precision=0.9485, train_recall=0.8543, train_f1=0.8990, train_roc_auc=0.9982, train_pr_auc=0.9173, valid_acc=0.9996, valid_precision=0.9143, valid_recall=0.8421, valid_f1=0.8767, valid_roc_auc=0.9971, valid_pr_auc=0.8772
2026-08-21 21:19:20,021 - INFO - Epoch 43: new best validation PR-AUC = 0.8773
2026-08-21 21:19:20,021 - INFO - Epoch 43/50, loss=0.0017, train_acc=0.9996, train_precision=0.9474, train_recall=0.8344, train_f1=0.8873, train_roc_auc=0.9978, train_pr_auc=0.9094, valid_acc=0.9996, valid_precision=0.9014, valid_recall=0.8421, valid_f1=0.8707, valid_roc_auc=0.9976, valid_pr_auc=0.8773
2026-08-21 21:19:55,578 - INFO - Epoch 44: new best validation PR-AUC = 0.8801
2026-08-21 21:19:55,578 - INFO - Epoch 44/50, loss=0.0016, train_acc=0.9997, train_precision=0.9446, train_recall=0.8477, train_f1=0.8935, train_roc_auc=0.9972, train_pr_auc=0.9147, valid_acc=0.9996, valid_precision=0.8889, valid_recall=0.8421, valid_f1=0.8649, valid_roc_auc=0.9972, valid_pr_auc=0.8801
2026-08-21 21:20:28,118 - INFO - Epoch 45/50, loss=0.0017, train_acc=0.9996, train_precision=0.9405, train_recall=0.8377, train_f1=0.8862, train_roc_auc=0.9972, train_pr_auc=0.9131, valid_acc=0.9996, valid_precision=0.9014, valid_recall=0.8421, valid_f1=0.8707, valid_roc_auc=0.9968, valid_pr_auc=0.8791
2026-08-21 21:20:42,163 - INFO - Epoch 46: new best validation PR-AUC = 0.8808
2026-08-21 21:20:42,163 - INFO - Epoch 46/50, loss=0.0017, train_acc=0.9997, train_precision=0.9442, train_recall=0.8411, train_f1=0.8897, train_roc_auc=0.9977, train_pr_auc=0.9125, valid_acc=0.9996, valid_precision=0.9130, valid_recall=0.8289, valid_f1=0.8690, valid_roc_auc=0.9961, valid_pr_auc=0.8808
2026-08-21 21:20:55,553 - INFO - Epoch 47/50, loss=0.0017, train_acc=0.9997, train_precision=0.9483, train_recall=0.8510, train_f1=0.8970, train_roc_auc=0.9978, train_pr_auc=0.9124, valid_acc=0.9996, valid_precision=0.9143, valid_recall=0.8421, valid_f1=0.8767, valid_roc_auc=0.9972, valid_pr_auc=0.8794
2026-08-21 21:21:09,062 - INFO - Epoch 48: new best validation PR-AUC = 0.8836
2026-08-21 21:21:09,062 - INFO - Epoch 48/50, loss=0.0017, train_acc=0.9997, train_precision=0.9444, train_recall=0.8444, train_f1=0.8916, train_roc_auc=0.9971, train_pr_auc=0.9099, valid_acc=0.9996, valid_precision=0.8904, valid_recall=0.8553, valid_f1=0.8725, valid_roc_auc=0.9965, valid_pr_auc=0.8836
2026-08-21 21:21:23,488 - INFO - Epoch 49/50, loss=0.0017, train_acc=0.9997, train_precision=0.9481, train_recall=0.8477, train_f1=0.8951, train_roc_auc=0.9960, train_pr_auc=0.9177, valid_acc=0.9996, valid_precision=0.9014, valid_recall=0.8421, valid_f1=0.8707, valid_roc_auc=0.9957, valid_pr_auc=0.8801
2026-08-21 21:21:37,167 - INFO - Epoch 50/50, loss=0.0016, train_acc=0.9997, train_precision=0.9520, train_recall=0.8543, train_f1=0.9005, train_roc_auc=0.9980, train_pr_auc=0.9206, valid_acc=0.9996, valid_precision=0.8919, valid_recall=0.8684, valid_f1=0.8800, valid_roc_auc=0.9957, valid_pr_auc=0.8795
2026-08-21 21:21:37,171 - INFO - Best epoch: 48
2026-08-21 21:21:37,172 - INFO - Best validation PR-AUC: 0.8836
2026-08-21 21:21:37,172 - INFO - Fold 5 results:
2026-08-21 21:21:37,172 - INFO - accuracy: 0.9996
2026-08-21 21:21:37,172 - INFO - f1: 0.8725
2026-08-21 21:21:37,172 - INFO - pr_auc: 0.8836
2026-08-21 21:21:37,172 - INFO - precision: 0.8904
2026-08-21 21:21:37,172 - INFO - recall: 0.8553
2026-08-21 21:21:37,172 - INFO - roc_auc: 0.9965
2026-08-21 21:21:37,172 - INFO - Model saved to models/fraud_model_index_1_fold_5.pth
2026-08-21 21:21:37,172 - INFO - ================== Training Model 2 ==================
2026-08-21 21:21:37,217 - INFO - 
========== Fold 1/5 ==========
2026-08-21 21:21:52,502 - INFO - Epoch 1: new best validation PR-AUC = 0.7157
2026-08-21 21:21:52,502 - INFO - Epoch 1/50, loss=0.0193, train_acc=0.9964, train_precision=0.0000, train_recall=0.0000, train_f1=0.0000, train_roc_auc=0.9424, train_pr_auc=0.0861, valid_acc=0.9983, valid_precision=0.0000, valid_recall=0.0000, valid_f1=0.0000, valid_roc_auc=0.9716, valid_pr_auc=0.7157
2026-08-21 21:22:06,825 - INFO - Epoch 2: new best validation PR-AUC = 0.7553
2026-08-21 21:22:06,825 - INFO - Epoch 2/50, loss=0.0036, train_acc=0.9986, train_precision=0.8525, train_recall=0.1716, train_f1=0.2857, train_roc_auc=0.9793, train_pr_auc=0.7309, valid_acc=0.9995, valid_precision=0.9048, valid_recall=0.7600, valid_f1=0.8261, valid_roc_auc=0.9685, valid_pr_auc=0.7553
2026-08-21 21:22:26,937 - INFO - Epoch 3: new best validation PR-AUC = 0.7619
2026-08-21 21:22:26,937 - INFO - Epoch 3/50, loss=0.0031, train_acc=0.9994, train_precision=0.8613, train_recall=0.7789, train_f1=0.8180, train_roc_auc=0.9857, train_pr_auc=0.7400, valid_acc=0.9995, valid_precision=0.9091, valid_recall=0.8000, valid_f1=0.8511, valid_roc_auc=0.9718, valid_pr_auc=0.7619
2026-08-21 21:23:02,622 - INFO - Epoch 4: new best validation PR-AUC = 0.7741
2026-08-21 21:23:02,622 - INFO - Epoch 4/50, loss=0.0029, train_acc=0.9994, train_precision=0.8511, train_recall=0.7921, train_f1=0.8205, train_roc_auc=0.9865, train_pr_auc=0.7591, valid_acc=0.9995, valid_precision=0.9091, valid_recall=0.8000, valid_f1=0.8511, valid_roc_auc=0.9753, valid_pr_auc=0.7741
2026-08-21 21:23:38,600 - INFO - Epoch 5/50, loss=0.0027, train_acc=0.9995, train_precision=0.8592, train_recall=0.8053, train_f1=0.8313, train_roc_auc=0.9869, train_pr_auc=0.7518, valid_acc=0.9992, valid_precision=0.9130, valid_recall=0.5600, valid_f1=0.6942, valid_roc_auc=0.9740, valid_pr_auc=0.7580
2026-08-21 21:24:14,916 - INFO - Epoch 6: new best validation PR-AUC = 0.7944
2026-08-21 21:24:14,916 - INFO - Epoch 6/50, loss=0.0027, train_acc=0.9994, train_precision=0.8417, train_recall=0.7723, train_f1=0.8055, train_roc_auc=0.9872, train_pr_auc=0.7662, valid_acc=0.9994, valid_precision=0.9032, valid_recall=0.7467, valid_f1=0.8175, valid_roc_auc=0.9663, valid_pr_auc=0.7944
2026-08-21 21:24:54,845 - INFO - Epoch 7: new best validation PR-AUC = 0.8210
2026-08-21 21:24:54,845 - INFO - Epoch 7/50, loss=0.0026, train_acc=0.9994, train_precision=0.8478, train_recall=0.7723, train_f1=0.8083, train_roc_auc=0.9888, train_pr_auc=0.8020, valid_acc=0.9992, valid_precision=0.9524, valid_recall=0.5333, valid_f1=0.6838, valid_roc_auc=0.9733, valid_pr_auc=0.8210
2026-08-21 21:25:35,913 - INFO - Epoch 8/50, loss=0.0026, train_acc=0.9994, train_precision=0.8546, train_recall=0.7954, train_f1=0.8239, train_roc_auc=0.9899, train_pr_auc=0.7975, valid_acc=0.9995, valid_precision=0.8939, valid_recall=0.7867, valid_f1=0.8369, valid_roc_auc=0.9661, valid_pr_auc=0.7962
2026-08-21 21:26:11,811 - INFO - Epoch 9/50, loss=0.0025, train_acc=0.9994, train_precision=0.8788, train_recall=0.7657, train_f1=0.8183, train_roc_auc=0.9916, train_pr_auc=0.8098, valid_acc=0.9995, valid_precision=0.9091, valid_recall=0.8000, valid_f1=0.8511, valid_roc_auc=0.9708, valid_pr_auc=0.8187
2026-08-21 21:26:47,844 - INFO - Epoch 10: new best validation PR-AUC = 0.8339
2026-08-21 21:26:47,844 - INFO - Epoch 10/50, loss=0.0024, train_acc=0.9995, train_precision=0.8723, train_recall=0.7888, train_f1=0.8284, train_roc_auc=0.9920, train_pr_auc=0.8219, valid_acc=0.9993, valid_precision=0.9783, valid_recall=0.6000, valid_f1=0.7438, valid_roc_auc=0.9709, valid_pr_auc=0.8339
2026-08-21 21:27:24,176 - INFO - Epoch 11: new best validation PR-AUC = 0.8343
2026-08-21 21:27:24,176 - INFO - Epoch 11/50, loss=0.0024, train_acc=0.9995, train_precision=0.8835, train_recall=0.7756, train_f1=0.8260, train_roc_auc=0.9882, train_pr_auc=0.8511, valid_acc=0.9994, valid_precision=0.9273, valid_recall=0.6800, valid_f1=0.7846, valid_roc_auc=0.9736, valid_pr_auc=0.8343
2026-08-21 21:27:59,450 - INFO - Epoch 12: new best validation PR-AUC = 0.8450
2026-08-21 21:27:59,450 - INFO - Epoch 12/50, loss=0.0024, train_acc=0.9995, train_precision=0.8876, train_recall=0.7822, train_f1=0.8316, train_roc_auc=0.9913, train_pr_auc=0.8575, valid_acc=0.9995, valid_precision=0.9091, valid_recall=0.8000, valid_f1=0.8511, valid_roc_auc=0.9784, valid_pr_auc=0.8450
2026-08-21 21:28:35,309 - INFO - Epoch 13/50, loss=0.0023, train_acc=0.9995, train_precision=0.8939, train_recall=0.7789, train_f1=0.8325, train_roc_auc=0.9918, train_pr_auc=0.8621, valid_acc=0.9995, valid_precision=0.9091, valid_recall=0.8000, valid_f1=0.8511, valid_roc_auc=0.9810, valid_pr_auc=0.8347
2026-08-21 21:29:11,270 - INFO - Epoch 14/50, loss=0.0023, train_acc=0.9995, train_precision=0.8951, train_recall=0.7888, train_f1=0.8386, train_roc_auc=0.9911, train_pr_auc=0.8605, valid_acc=0.9995, valid_precision=0.9091, valid_recall=0.8000, valid_f1=0.8511, valid_roc_auc=0.9747, valid_pr_auc=0.8402
2026-08-21 21:29:26,665 - INFO - Epoch 15/50, loss=0.0022, train_acc=0.9995, train_precision=0.8947, train_recall=0.7855, train_f1=0.8366, train_roc_auc=0.9925, train_pr_auc=0.8591, valid_acc=0.9995, valid_precision=0.9322, valid_recall=0.7333, valid_f1=0.8209, valid_roc_auc=0.9740, valid_pr_auc=0.8447
2026-08-21 21:29:41,574 - INFO - Epoch 16/50, loss=0.0020, train_acc=0.9996, train_precision=0.9219, train_recall=0.8185, train_f1=0.8671, train_roc_auc=0.9931, train_pr_auc=0.8860, valid_acc=0.9995, valid_precision=0.9322, valid_recall=0.7333, valid_f1=0.8209, valid_roc_auc=0.9702, valid_pr_auc=0.8379
2026-08-21 21:29:55,151 - INFO - Epoch 17/50, loss=0.0020, train_acc=0.9996, train_precision=0.9148, train_recall=0.8152, train_f1=0.8621, train_roc_auc=0.9957, train_pr_auc=0.8832, valid_acc=0.9995, valid_precision=0.9344, valid_recall=0.7600, valid_f1=0.8382, valid_roc_auc=0.9721, valid_pr_auc=0.8445
2026-08-21 21:30:28,320 - INFO - Epoch 18/50, loss=0.0019, train_acc=0.9996, train_precision=0.9188, train_recall=0.8218, train_f1=0.8676, train_roc_auc=0.9944, train_pr_auc=0.8857, valid_acc=0.9995, valid_precision=0.9344, valid_recall=0.7600, valid_f1=0.8382, valid_roc_auc=0.9636, valid_pr_auc=0.8410
2026-08-21 21:31:02,586 - INFO - Epoch 19: new best validation PR-AUC = 0.8500
2026-08-21 21:31:02,586 - INFO - Epoch 19/50, loss=0.0018, train_acc=0.9996, train_precision=0.9356, train_recall=0.8152, train_f1=0.8713, train_roc_auc=0.9943, train_pr_auc=0.8976, valid_acc=0.9995, valid_precision=0.9206, valid_recall=0.7733, valid_f1=0.8406, valid_roc_auc=0.9661, valid_pr_auc=0.8500
2026-08-21 21:31:37,356 - INFO - Epoch 20: new best validation PR-AUC = 0.8576
2026-08-21 21:31:37,371 - INFO - Epoch 20/50, loss=0.0018, train_acc=0.9996, train_precision=0.9396, train_recall=0.8218, train_f1=0.8768, train_roc_auc=0.9952, train_pr_auc=0.9000, valid_acc=0.9995, valid_precision=0.9636, valid_recall=0.7067, valid_f1=0.8154, valid_roc_auc=0.9682, valid_pr_auc=0.8576
2026-08-21 21:32:11,573 - INFO - Epoch 21/50, loss=0.0018, train_acc=0.9996, train_precision=0.9333, train_recall=0.8317, train_f1=0.8796, train_roc_auc=0.9948, train_pr_auc=0.9042, valid_acc=0.9995, valid_precision=0.9492, valid_recall=0.7467, valid_f1=0.8358, valid_roc_auc=0.9668, valid_pr_auc=0.8533
2026-08-21 21:32:46,138 - INFO - Epoch 22/50, loss=0.0017, train_acc=0.9996, train_precision=0.9323, train_recall=0.8185, train_f1=0.8717, train_roc_auc=0.9961, train_pr_auc=0.9069, valid_acc=0.9995, valid_precision=0.9206, valid_recall=0.7733, valid_f1=0.8406, valid_roc_auc=0.9642, valid_pr_auc=0.8513
2026-08-21 21:33:23,836 - INFO - Epoch 23/50, loss=0.0017, train_acc=0.9996, train_precision=0.9403, train_recall=0.8317, train_f1=0.8827, train_roc_auc=0.9951, train_pr_auc=0.9052, valid_acc=0.9995, valid_precision=0.9355, valid_recall=0.7733, valid_f1=0.8467, valid_roc_auc=0.9677, valid_pr_auc=0.8559
2026-08-21 21:34:00,085 - INFO - Epoch 24/50, loss=0.0017, train_acc=0.9996, train_precision=0.9440, train_recall=0.8350, train_f1=0.8862, train_roc_auc=0.9965, train_pr_auc=0.9115, valid_acc=0.9995, valid_precision=0.9500, valid_recall=0.7600, valid_f1=0.8444, valid_roc_auc=0.9665, valid_pr_auc=0.8550
2026-08-21 21:34:34,686 - INFO - Epoch 25/50, loss=0.0016, train_acc=0.9997, train_precision=0.9515, train_recall=0.8416, train_f1=0.8932, train_roc_auc=0.9956, train_pr_auc=0.9121, valid_acc=0.9995, valid_precision=0.9355, valid_recall=0.7733, valid_f1=0.8467, valid_roc_auc=0.9641, valid_pr_auc=0.8548
2026-08-21 21:35:09,524 - INFO - Epoch 26/50, loss=0.0016, train_acc=0.9997, train_precision=0.9478, train_recall=0.8383, train_f1=0.8897, train_roc_auc=0.9966, train_pr_auc=0.9127, valid_acc=0.9995, valid_precision=0.9344, valid_recall=0.7600, valid_f1=0.8382, valid_roc_auc=0.9653, valid_pr_auc=0.8558
2026-08-21 21:35:45,558 - INFO - Epoch 27/50, loss=0.0016, train_acc=0.9997, train_precision=0.9520, train_recall=0.8515, train_f1=0.8990, train_roc_auc=0.9970, train_pr_auc=0.9175, valid_acc=0.9995, valid_precision=0.9333, valid_recall=0.7467, valid_f1=0.8296, valid_roc_auc=0.9624, valid_pr_auc=0.8522
2026-08-21 21:36:22,200 - INFO - Epoch 28/50, loss=0.0016, train_acc=0.9997, train_precision=0.9519, train_recall=0.8482, train_f1=0.8970, train_roc_auc=0.9967, train_pr_auc=0.9199, valid_acc=0.9995, valid_precision=0.9500, valid_recall=0.7600, valid_f1=0.8444, valid_roc_auc=0.9637, valid_pr_auc=0.8550
2026-08-21 21:36:56,819 - INFO - Epoch 29/50, loss=0.0016, train_acc=0.9997, train_precision=0.9547, train_recall=0.8350, train_f1=0.8908, train_roc_auc=0.9969, train_pr_auc=0.9150, valid_acc=0.9995, valid_precision=0.9344, valid_recall=0.7600, valid_f1=0.8382, valid_roc_auc=0.9633, valid_pr_auc=0.8529
2026-08-21 21:37:30,198 - INFO - Epoch 30/50, loss=0.0016, train_acc=0.9997, train_precision=0.9591, train_recall=0.8515, train_f1=0.9021, train_roc_auc=0.9964, train_pr_auc=0.9193, valid_acc=0.9995, valid_precision=0.9344, valid_recall=0.7600, valid_f1=0.8382, valid_roc_auc=0.9630, valid_pr_auc=0.8542
2026-08-21 21:37:48,904 - INFO - Epoch 31/50, loss=0.0016, train_acc=0.9997, train_precision=0.9554, train_recall=0.8482, train_f1=0.8986, train_roc_auc=0.9978, train_pr_auc=0.9180, valid_acc=0.9995, valid_precision=0.9344, valid_recall=0.7600, valid_f1=0.8382, valid_roc_auc=0.9642, valid_pr_auc=0.8561
2026-08-21 21:38:04,057 - INFO - Epoch 32/50, loss=0.0015, train_acc=0.9996, train_precision=0.9440, train_recall=0.8350, train_f1=0.8862, train_roc_auc=0.9970, train_pr_auc=0.9214, valid_acc=0.9995, valid_precision=0.9344, valid_recall=0.7600, valid_f1=0.8382, valid_roc_auc=0.9632, valid_pr_auc=0.8532
2026-08-21 21:38:32,297 - INFO - Epoch 33/50, loss=0.0016, train_acc=0.9997, train_precision=0.9557, train_recall=0.8548, train_f1=0.9024, train_roc_auc=0.9975, train_pr_auc=0.9165, valid_acc=0.9995, valid_precision=0.9344, valid_recall=0.7600, valid_f1=0.8382, valid_roc_auc=0.9641, valid_pr_auc=0.8550
2026-08-21 21:38:59,510 - INFO - Epoch 34/50, loss=0.0015, train_acc=0.9997, train_precision=0.9527, train_recall=0.8647, train_f1=0.9066, train_roc_auc=0.9971, train_pr_auc=0.9190, valid_acc=0.9995, valid_precision=0.9344, valid_recall=0.7600, valid_f1=0.8382, valid_roc_auc=0.9644, valid_pr_auc=0.8548
2026-08-21 21:39:42,202 - INFO - Epoch 35/50, loss=0.0015, train_acc=0.9997, train_precision=0.9590, train_recall=0.8482, train_f1=0.9002, train_roc_auc=0.9976, train_pr_auc=0.9241, valid_acc=0.9995, valid_precision=0.9344, valid_recall=0.7600, valid_f1=0.8382, valid_roc_auc=0.9639, valid_pr_auc=0.8571
2026-08-21 21:40:21,169 - INFO - Epoch 36/50, loss=0.0015, train_acc=0.9997, train_precision=0.9559, train_recall=0.8581, train_f1=0.9043, train_roc_auc=0.9975, train_pr_auc=0.9195, valid_acc=0.9995, valid_precision=0.9500, valid_recall=0.7600, valid_f1=0.8444, valid_roc_auc=0.9647, valid_pr_auc=0.8557
2026-08-21 21:40:57,345 - INFO - Epoch 37/50, loss=0.0016, train_acc=0.9997, train_precision=0.9517, train_recall=0.8449, train_f1=0.8951, train_roc_auc=0.9970, train_pr_auc=0.9163, valid_acc=0.9995, valid_precision=0.9500, valid_recall=0.7600, valid_f1=0.8444, valid_roc_auc=0.9623, valid_pr_auc=0.8544
2026-08-21 21:41:36,506 - INFO - Epoch 38: new best validation PR-AUC = 0.8580
2026-08-21 21:41:36,506 - INFO - Epoch 38/50, loss=0.0015, train_acc=0.9997, train_precision=0.9520, train_recall=0.8515, train_f1=0.8990, train_roc_auc=0.9976, train_pr_auc=0.9211, valid_acc=0.9995, valid_precision=0.9344, valid_recall=0.7600, valid_f1=0.8382, valid_roc_auc=0.9641, valid_pr_auc=0.8580
2026-08-21 21:42:12,353 - INFO - Epoch 39/50, loss=0.0015, train_acc=0.9997, train_precision=0.9522, train_recall=0.8548, train_f1=0.9009, train_roc_auc=0.9968, train_pr_auc=0.9218, valid_acc=0.9995, valid_precision=0.9344, valid_recall=0.7600, valid_f1=0.8382, valid_roc_auc=0.9620, valid_pr_auc=0.8545
2026-08-21 21:42:48,163 - INFO - Epoch 40/50, loss=0.0016, train_acc=0.9997, train_precision=0.9591, train_recall=0.8515, train_f1=0.9021, train_roc_auc=0.9971, train_pr_auc=0.9159, valid_acc=0.9995, valid_precision=0.9344, valid_recall=0.7600, valid_f1=0.8382, valid_roc_auc=0.9614, valid_pr_auc=0.8557
2026-08-21 21:43:23,771 - INFO - Epoch 41/50, loss=0.0015, train_acc=0.9997, train_precision=0.9590, train_recall=0.8482, train_f1=0.9002, train_roc_auc=0.9979, train_pr_auc=0.9225, valid_acc=0.9995, valid_precision=0.9344, valid_recall=0.7600, valid_f1=0.8382, valid_roc_auc=0.9633, valid_pr_auc=0.8567
2026-08-21 21:43:59,407 - INFO - Epoch 42/50, loss=0.0015, train_acc=0.9997, train_precision=0.9628, train_recall=0.8548, train_f1=0.9056, train_roc_auc=0.9974, train_pr_auc=0.9248, valid_acc=0.9995, valid_precision=0.9500, valid_recall=0.7600, valid_f1=0.8444, valid_roc_auc=0.9639, valid_pr_auc=0.8566
2026-08-21 21:44:35,458 - INFO - Epoch 43/50, loss=0.0015, train_acc=0.9997, train_precision=0.9594, train_recall=0.8581, train_f1=0.9059, train_roc_auc=0.9979, train_pr_auc=0.9245, valid_acc=0.9995, valid_precision=0.9344, valid_recall=0.7600, valid_f1=0.8382, valid_roc_auc=0.9634, valid_pr_auc=0.8557
2026-08-21 21:45:13,604 - INFO - Epoch 44/50, loss=0.0015, train_acc=0.9997, train_precision=0.9557, train_recall=0.8548, train_f1=0.9024, train_roc_auc=0.9972, train_pr_auc=0.9234, valid_acc=0.9995, valid_precision=0.9500, valid_recall=0.7600, valid_f1=0.8444, valid_roc_auc=0.9629, valid_pr_auc=0.8521
2026-08-21 21:45:43,830 - INFO - Epoch 45/50, loss=0.0015, train_acc=0.9997, train_precision=0.9557, train_recall=0.8548, train_f1=0.9024, train_roc_auc=0.9978, train_pr_auc=0.9192, valid_acc=0.9995, valid_precision=0.9344, valid_recall=0.7600, valid_f1=0.8382, valid_roc_auc=0.9641, valid_pr_auc=0.8577
2026-08-21 21:46:23,674 - INFO - Epoch 46/50, loss=0.0015, train_acc=0.9997, train_precision=0.9487, train_recall=0.8548, train_f1=0.8993, train_roc_auc=0.9969, train_pr_auc=0.9185, valid_acc=0.9995, valid_precision=0.9500, valid_recall=0.7600, valid_f1=0.8444, valid_roc_auc=0.9639, valid_pr_auc=0.8575
2026-08-21 21:47:01,464 - INFO - Epoch 47/50, loss=0.0015, train_acc=0.9997, train_precision=0.9591, train_recall=0.8515, train_f1=0.9021, train_roc_auc=0.9972, train_pr_auc=0.9201, valid_acc=0.9995, valid_precision=0.9344, valid_recall=0.7600, valid_f1=0.8382, valid_roc_auc=0.9639, valid_pr_auc=0.8536
2026-08-21 21:47:38,253 - INFO - Epoch 48/50, loss=0.0015, train_acc=0.9997, train_precision=0.9556, train_recall=0.8515, train_f1=0.9005, train_roc_auc=0.9973, train_pr_auc=0.9220, valid_acc=0.9995, valid_precision=0.9344, valid_recall=0.7600, valid_f1=0.8382, valid_roc_auc=0.9629, valid_pr_auc=0.8561
2026-08-21 21:48:14,599 - INFO - Epoch 49/50, loss=0.0015, train_acc=0.9997, train_precision=0.9519, train_recall=0.8482, train_f1=0.8970, train_roc_auc=0.9965, train_pr_auc=0.9202, valid_acc=0.9995, valid_precision=0.9344, valid_recall=0.7600, valid_f1=0.8382, valid_roc_auc=0.9613, valid_pr_auc=0.8561
2026-08-21 21:48:50,991 - INFO - Epoch 50/50, loss=0.0015, train_acc=0.9997, train_precision=0.9591, train_recall=0.8515, train_f1=0.9021, train_roc_auc=0.9977, train_pr_auc=0.9181, valid_acc=0.9995, valid_precision=0.9500, valid_recall=0.7600, valid_f1=0.8444, valid_roc_auc=0.9637, valid_pr_auc=0.8570
2026-08-21 21:48:50,999 - INFO - Best epoch: 38
2026-08-21 21:48:50,999 - INFO - Best validation PR-AUC: 0.8580
2026-08-21 21:48:50,999 - INFO - Fold 1 results:
2026-08-21 21:48:50,999 - INFO - accuracy: 0.9995
2026-08-21 21:48:50,999 - INFO - f1: 0.8382
2026-08-21 21:48:50,999 - INFO - pr_auc: 0.8580
2026-08-21 21:48:50,999 - INFO - precision: 0.9344
2026-08-21 21:48:50,999 - INFO - recall: 0.7600
2026-08-21 21:48:51,000 - INFO - roc_auc: 0.9641
2026-08-21 21:48:51,000 - INFO - Model saved to models/fraud_model_index_2_fold_1.pth
2026-08-21 21:48:51,004 - INFO - 
========== Fold 2/5 ==========
2026-08-21 21:49:28,613 - INFO - Epoch 1: new best validation PR-AUC = 0.7132
2026-08-21 21:49:28,613 - INFO - Epoch 1/50, loss=0.0286, train_acc=0.9898, train_precision=0.0045, train_recall=0.0231, train_f1=0.0075, train_roc_auc=0.9260, train_pr_auc=0.0427, valid_acc=0.9983, valid_precision=0.0000, valid_recall=0.0000, valid_f1=0.0000, valid_roc_auc=0.9768, valid_pr_auc=0.7132
2026-08-21 21:50:01,933 - INFO - Epoch 2: new best validation PR-AUC = 0.7358
2026-08-21 21:50:01,933 - INFO - Epoch 2/50, loss=0.0037, train_acc=0.9983, train_precision=0.0000, train_recall=0.0000, train_f1=0.0000, train_roc_auc=0.9779, train_pr_auc=0.7116, valid_acc=0.9983, valid_precision=0.0000, valid_recall=0.0000, valid_f1=0.0000, valid_roc_auc=0.9772, valid_pr_auc=0.7358
2026-08-21 21:50:34,736 - INFO - Epoch 3: new best validation PR-AUC = 0.7680
2026-08-21 21:50:34,736 - INFO - Epoch 3/50, loss=0.0033, train_acc=0.9990, train_precision=0.8712, train_recall=0.4686, train_f1=0.6094, train_roc_auc=0.9846, train_pr_auc=0.7527, valid_acc=0.9994, valid_precision=0.8983, valid_recall=0.7067, valid_f1=0.7910, valid_roc_auc=0.9749, valid_pr_auc=0.7680
2026-08-21 21:51:10,284 - INFO - Epoch 4: new best validation PR-AUC = 0.7754
2026-08-21 21:51:10,284 - INFO - Epoch 4/50, loss=0.0032, train_acc=0.9994, train_precision=0.8566, train_recall=0.7492, train_f1=0.7993, train_roc_auc=0.9877, train_pr_auc=0.7468, valid_acc=0.9995, valid_precision=0.8806, valid_recall=0.7867, valid_f1=0.8310, valid_roc_auc=0.9809, valid_pr_auc=0.7754
2026-08-21 21:51:45,624 - INFO - Epoch 5/50, loss=0.0029, train_acc=0.9994, train_precision=0.8505, train_recall=0.7888, train_f1=0.8185, train_roc_auc=0.9895, train_pr_auc=0.7521, valid_acc=0.9995, valid_precision=0.8592, valid_recall=0.8133, valid_f1=0.8356, valid_roc_auc=0.9776, valid_pr_auc=0.7701
2026-08-21 21:52:20,820 - INFO - Epoch 6/50, loss=0.0029, train_acc=0.9994, train_precision=0.8421, train_recall=0.7921, train_f1=0.8163, train_roc_auc=0.9885, train_pr_auc=0.7339, valid_acc=0.9994, valid_precision=0.9016, valid_recall=0.7333, valid_f1=0.8088, valid_roc_auc=0.9760, valid_pr_auc=0.7494
2026-08-21 21:52:56,986 - INFO - Epoch 7/50, loss=0.0028, train_acc=0.9994, train_precision=0.8404, train_recall=0.7822, train_f1=0.8103, train_roc_auc=0.9898, train_pr_auc=0.7445, valid_acc=0.9995, valid_precision=0.8939, valid_recall=0.7867, valid_f1=0.8369, valid_roc_auc=0.9742, valid_pr_auc=0.7555
2026-08-21 21:53:32,419 - INFO - Epoch 8/50, loss=0.0026, train_acc=0.9994, train_precision=0.8386, train_recall=0.7888, train_f1=0.8129, train_roc_auc=0.9913, train_pr_auc=0.7850, valid_acc=0.9994, valid_precision=0.8571, valid_recall=0.8000, valid_f1=0.8276, valid_roc_auc=0.9753, valid_pr_auc=0.7649
2026-08-21 21:54:07,853 - INFO - Epoch 9/50, loss=0.0025, train_acc=0.9994, train_precision=0.8410, train_recall=0.7855, train_f1=0.8123, train_roc_auc=0.9922, train_pr_auc=0.7753, valid_acc=0.9995, valid_precision=0.8714, valid_recall=0.8133, valid_f1=0.8414, valid_roc_auc=0.9740, valid_pr_auc=0.7570
2026-08-21 21:54:42,269 - INFO - Epoch 10/50, loss=0.0025, train_acc=0.9994, train_precision=0.8612, train_recall=0.7987, train_f1=0.8288, train_roc_auc=0.9921, train_pr_auc=0.7907, valid_acc=0.9994, valid_precision=0.8906, valid_recall=0.7600, valid_f1=0.8201, valid_roc_auc=0.9780, valid_pr_auc=0.7587
2026-08-21 21:55:16,903 - INFO - Epoch 11/50, loss=0.0024, train_acc=0.9994, train_precision=0.8628, train_recall=0.7888, train_f1=0.8241, train_roc_auc=0.9942, train_pr_auc=0.7866, valid_acc=0.9995, valid_precision=0.8923, valid_recall=0.7733, valid_f1=0.8286, valid_roc_auc=0.9763, valid_pr_auc=0.7721
2026-08-21 21:55:52,409 - INFO - Epoch 12/50, loss=0.0024, train_acc=0.9994, train_precision=0.8633, train_recall=0.7921, train_f1=0.8262, train_roc_auc=0.9934, train_pr_auc=0.7907, valid_acc=0.9995, valid_precision=0.8824, valid_recall=0.8000, valid_f1=0.8392, valid_roc_auc=0.9760, valid_pr_auc=0.7742
2026-08-21 21:56:27,956 - INFO - Epoch 13: new best validation PR-AUC = 0.7795
2026-08-21 21:56:27,956 - INFO - Epoch 13/50, loss=0.0024, train_acc=0.9994, train_precision=0.8546, train_recall=0.7954, train_f1=0.8239, train_roc_auc=0.9939, train_pr_auc=0.7747, valid_acc=0.9995, valid_precision=0.9062, valid_recall=0.7733, valid_f1=0.8345, valid_roc_auc=0.9766, valid_pr_auc=0.7795
2026-08-21 21:57:03,733 - INFO - Epoch 14: new best validation PR-AUC = 0.7836
2026-08-21 21:57:03,733 - INFO - Epoch 14/50, loss=0.0023, train_acc=0.9994, train_precision=0.8612, train_recall=0.7987, train_f1=0.8288, train_roc_auc=0.9941, train_pr_auc=0.7837, valid_acc=0.9995, valid_precision=0.9062, valid_recall=0.7733, valid_f1=0.8345, valid_roc_auc=0.9769, valid_pr_auc=0.7836
2026-08-21 21:57:39,537 - INFO - Epoch 15/50, loss=0.0023, train_acc=0.9994, train_precision=0.8607, train_recall=0.7954, train_f1=0.8268, train_roc_auc=0.9949, train_pr_auc=0.7813, valid_acc=0.9995, valid_precision=0.8923, valid_recall=0.7733, valid_f1=0.8286, valid_roc_auc=0.9784, valid_pr_auc=0.7788
2026-08-21 21:58:18,569 - INFO - Epoch 16/50, loss=0.0023, train_acc=0.9995, train_precision=0.8809, train_recall=0.8053, train_f1=0.8414, train_roc_auc=0.9943, train_pr_auc=0.7759, valid_acc=0.9995, valid_precision=0.8714, valid_recall=0.8133, valid_f1=0.8414, valid_roc_auc=0.9786, valid_pr_auc=0.7821
2026-08-21 21:58:56,559 - INFO - Epoch 17/50, loss=0.0023, train_acc=0.9995, train_precision=0.8714, train_recall=0.8053, train_f1=0.8370, train_roc_auc=0.9947, train_pr_auc=0.7949, valid_acc=0.9995, valid_precision=0.8714, valid_recall=0.8133, valid_f1=0.8414, valid_roc_auc=0.9783, valid_pr_auc=0.7789
2026-08-21 21:59:32,324 - INFO - Epoch 18/50, loss=0.0022, train_acc=0.9995, train_precision=0.8741, train_recall=0.8020, train_f1=0.8365, train_roc_auc=0.9959, train_pr_auc=0.7867, valid_acc=0.9995, valid_precision=0.8939, valid_recall=0.7867, valid_f1=0.8369, valid_roc_auc=0.9770, valid_pr_auc=0.7828
2026-08-21 22:00:10,848 - INFO - Epoch 19: new best validation PR-AUC = 0.7868
2026-08-21 22:00:10,848 - INFO - Epoch 19/50, loss=0.0022, train_acc=0.9995, train_precision=0.8674, train_recall=0.7987, train_f1=0.8316, train_roc_auc=0.9960, train_pr_auc=0.7988, valid_acc=0.9995, valid_precision=0.8939, valid_recall=0.7867, valid_f1=0.8369, valid_roc_auc=0.9766, valid_pr_auc=0.7868
2026-08-21 22:00:48,183 - INFO - Epoch 20/50, loss=0.0021, train_acc=0.9995, train_precision=0.8746, train_recall=0.8053, train_f1=0.8385, train_roc_auc=0.9965, train_pr_auc=0.7952, valid_acc=0.9995, valid_precision=0.8955, valid_recall=0.8000, valid_f1=0.8451, valid_roc_auc=0.9778, valid_pr_auc=0.7865
2026-08-21 22:01:21,233 - INFO - Epoch 21: new best validation PR-AUC = 0.7889
2026-08-21 22:01:21,233 - INFO - Epoch 21/50, loss=0.0021, train_acc=0.9995, train_precision=0.8741, train_recall=0.8020, train_f1=0.8365, train_roc_auc=0.9955, train_pr_auc=0.7910, valid_acc=0.9995, valid_precision=0.8939, valid_recall=0.7867, valid_f1=0.8369, valid_roc_auc=0.9768, valid_pr_auc=0.7889
2026-08-21 22:01:56,071 - INFO - Epoch 22/50, loss=0.0022, train_acc=0.9995, train_precision=0.8790, train_recall=0.8152, train_f1=0.8459, train_roc_auc=0.9957, train_pr_auc=0.8017, valid_acc=0.9995, valid_precision=0.9091, valid_recall=0.8000, valid_f1=0.8511, valid_roc_auc=0.9754, valid_pr_auc=0.7840
2026-08-21 22:02:35,807 - INFO - Epoch 23/50, loss=0.0021, train_acc=0.9995, train_precision=0.8777, train_recall=0.8053, train_f1=0.8399, train_roc_auc=0.9953, train_pr_auc=0.8015, valid_acc=0.9995, valid_precision=0.8923, valid_recall=0.7733, valid_f1=0.8286, valid_roc_auc=0.9761, valid_pr_auc=0.7886
2026-08-21 22:03:14,864 - INFO - Epoch 24/50, loss=0.0021, train_acc=0.9995, train_precision=0.8754, train_recall=0.8119, train_f1=0.8425, train_roc_auc=0.9950, train_pr_auc=0.7975, valid_acc=0.9995, valid_precision=0.9077, valid_recall=0.7867, valid_f1=0.8429, valid_roc_auc=0.9772, valid_pr_auc=0.7863
2026-08-21 22:03:53,804 - INFO - Epoch 25/50, loss=0.0020, train_acc=0.9995, train_precision=0.8813, train_recall=0.8086, train_f1=0.8434, train_roc_auc=0.9972, train_pr_auc=0.8014, valid_acc=0.9995, valid_precision=0.8955, valid_recall=0.8000, valid_f1=0.8451, valid_roc_auc=0.9772, valid_pr_auc=0.7877
2026-08-21 22:04:34,137 - INFO - Epoch 26: new best validation PR-AUC = 0.7895
2026-08-21 22:04:34,138 - INFO - Epoch 26/50, loss=0.0020, train_acc=0.9995, train_precision=0.8817, train_recall=0.8119, train_f1=0.8454, train_roc_auc=0.9973, train_pr_auc=0.8104, valid_acc=0.9995, valid_precision=0.8939, valid_recall=0.7867, valid_f1=0.8369, valid_roc_auc=0.9771, valid_pr_auc=0.7895
2026-08-21 22:05:15,615 - INFO - Epoch 27/50, loss=0.0020, train_acc=0.9995, train_precision=0.8777, train_recall=0.8053, train_f1=0.8399, train_roc_auc=0.9967, train_pr_auc=0.8227, valid_acc=0.9995, valid_precision=0.8955, valid_recall=0.8000, valid_f1=0.8451, valid_roc_auc=0.9774, valid_pr_auc=0.7887
2026-08-21 22:05:54,436 - INFO - Epoch 28/50, loss=0.0020, train_acc=0.9995, train_precision=0.8865, train_recall=0.8251, train_f1=0.8547, train_roc_auc=0.9971, train_pr_auc=0.7997, valid_acc=0.9995, valid_precision=0.9077, valid_recall=0.7867, valid_f1=0.8429, valid_roc_auc=0.9751, valid_pr_auc=0.7882
2026-08-21 22:06:33,190 - INFO - Epoch 29/50, loss=0.0020, train_acc=0.9995, train_precision=0.8768, train_recall=0.8218, train_f1=0.8484, train_roc_auc=0.9960, train_pr_auc=0.8114, valid_acc=0.9995, valid_precision=0.8939, valid_recall=0.7867, valid_f1=0.8369, valid_roc_auc=0.9750, valid_pr_auc=0.7883
2026-08-21 22:07:12,459 - INFO - Epoch 30/50, loss=0.0020, train_acc=0.9995, train_precision=0.8790, train_recall=0.8152, train_f1=0.8459, train_roc_auc=0.9971, train_pr_auc=0.8154, valid_acc=0.9995, valid_precision=0.9077, valid_recall=0.7867, valid_f1=0.8429, valid_roc_auc=0.9752, valid_pr_auc=0.7883
2026-08-21 22:07:36,269 - INFO - Epoch 31/50, loss=0.0020, train_acc=0.9995, train_precision=0.8853, train_recall=0.8152, train_f1=0.8488, train_roc_auc=0.9972, train_pr_auc=0.8241, valid_acc=0.9995, valid_precision=0.8955, valid_recall=0.8000, valid_f1=0.8451, valid_roc_auc=0.9761, valid_pr_auc=0.7882
2026-08-21 22:07:59,884 - INFO - Epoch 32/50, loss=0.0020, train_acc=0.9995, train_precision=0.8803, train_recall=0.8251, train_f1=0.8518, train_roc_auc=0.9963, train_pr_auc=0.8175, valid_acc=0.9995, valid_precision=0.9077, valid_recall=0.7867, valid_f1=0.8429, valid_roc_auc=0.9755, valid_pr_auc=0.7890
2026-08-21 22:08:39,123 - INFO - Epoch 33/50, loss=0.0020, train_acc=0.9995, train_precision=0.8799, train_recall=0.8218, train_f1=0.8498, train_roc_auc=0.9972, train_pr_auc=0.8204, valid_acc=0.9995, valid_precision=0.9091, valid_recall=0.8000, valid_f1=0.8511, valid_roc_auc=0.9762, valid_pr_auc=0.7890
2026-08-21 22:09:17,738 - INFO - Epoch 34: new best validation PR-AUC = 0.7897
2026-08-21 22:09:17,739 - INFO - Epoch 34/50, loss=0.0019, train_acc=0.9995, train_precision=0.8781, train_recall=0.8086, train_f1=0.8419, train_roc_auc=0.9973, train_pr_auc=0.8159, valid_acc=0.9995, valid_precision=0.8955, valid_recall=0.8000, valid_f1=0.8451, valid_roc_auc=0.9760, valid_pr_auc=0.7897
2026-08-21 22:09:56,154 - INFO - Epoch 35/50, loss=0.0020, train_acc=0.9995, train_precision=0.8794, train_recall=0.8185, train_f1=0.8479, train_roc_auc=0.9969, train_pr_auc=0.8172, valid_acc=0.9995, valid_precision=0.9091, valid_recall=0.8000, valid_f1=0.8511, valid_roc_auc=0.9753, valid_pr_auc=0.7889
2026-08-21 22:10:21,417 - INFO - Epoch 36: new best validation PR-AUC = 0.7903
2026-08-21 22:10:21,417 - INFO - Epoch 36/50, loss=0.0019, train_acc=0.9995, train_precision=0.8807, train_recall=0.8284, train_f1=0.8537, train_roc_auc=0.9974, train_pr_auc=0.8194, valid_acc=0.9995, valid_precision=0.9077, valid_recall=0.7867, valid_f1=0.8429, valid_roc_auc=0.9762, valid_pr_auc=0.7903
2026-08-21 22:10:52,622 - INFO - Epoch 37: new best validation PR-AUC = 0.7927
2026-08-21 22:10:52,622 - INFO - Epoch 37/50, loss=0.0020, train_acc=0.9995, train_precision=0.8826, train_recall=0.8185, train_f1=0.8493, train_roc_auc=0.9963, train_pr_auc=0.8211, valid_acc=0.9995, valid_precision=0.9077, valid_recall=0.7867, valid_f1=0.8429, valid_roc_auc=0.9769, valid_pr_auc=0.7927
2026-08-21 22:11:34,531 - INFO - Epoch 38/50, loss=0.0020, train_acc=0.9995, train_precision=0.8821, train_recall=0.8152, train_f1=0.8473, train_roc_auc=0.9969, train_pr_auc=0.8238, valid_acc=0.9995, valid_precision=0.9091, valid_recall=0.8000, valid_f1=0.8511, valid_roc_auc=0.9761, valid_pr_auc=0.7892
2026-08-21 22:12:13,375 - INFO - Epoch 39/50, loss=0.0019, train_acc=0.9995, train_precision=0.8817, train_recall=0.8119, train_f1=0.8454, train_roc_auc=0.9976, train_pr_auc=0.8229, valid_acc=0.9995, valid_precision=0.9077, valid_recall=0.7867, valid_f1=0.8429, valid_roc_auc=0.9764, valid_pr_auc=0.7914
2026-08-21 22:12:51,304 - INFO - Epoch 40/50, loss=0.0019, train_acc=0.9995, train_precision=0.8830, train_recall=0.8218, train_f1=0.8513, train_roc_auc=0.9981, train_pr_auc=0.8140, valid_acc=0.9995, valid_precision=0.9091, valid_recall=0.8000, valid_f1=0.8511, valid_roc_auc=0.9743, valid_pr_auc=0.7906
2026-08-21 22:13:26,818 - INFO - Epoch 41/50, loss=0.0020, train_acc=0.9995, train_precision=0.8754, train_recall=0.8119, train_f1=0.8425, train_roc_auc=0.9971, train_pr_auc=0.8187, valid_acc=0.9995, valid_precision=0.9077, valid_recall=0.7867, valid_f1=0.8429, valid_roc_auc=0.9762, valid_pr_auc=0.7872
2026-08-21 22:14:05,226 - INFO - Epoch 42/50, loss=0.0019, train_acc=0.9995, train_precision=0.8763, train_recall=0.8185, train_f1=0.8464, train_roc_auc=0.9976, train_pr_auc=0.8236, valid_acc=0.9995, valid_precision=0.9091, valid_recall=0.8000, valid_f1=0.8511, valid_roc_auc=0.9761, valid_pr_auc=0.7899
2026-08-21 22:14:42,134 - INFO - Epoch 43/50, loss=0.0020, train_acc=0.9995, train_precision=0.8893, train_recall=0.8218, train_f1=0.8542, train_roc_auc=0.9977, train_pr_auc=0.8128, valid_acc=0.9995, valid_precision=0.9077, valid_recall=0.7867, valid_f1=0.8429, valid_roc_auc=0.9765, valid_pr_auc=0.7898
2026-08-21 22:15:20,570 - INFO - Epoch 44/50, loss=0.0019, train_acc=0.9995, train_precision=0.8865, train_recall=0.8251, train_f1=0.8547, train_roc_auc=0.9973, train_pr_auc=0.8234, valid_acc=0.9995, valid_precision=0.9091, valid_recall=0.8000, valid_f1=0.8511, valid_roc_auc=0.9749, valid_pr_auc=0.7913
2026-08-21 22:15:58,024 - INFO - Epoch 45/50, loss=0.0020, train_acc=0.9995, train_precision=0.8846, train_recall=0.8350, train_f1=0.8591, train_roc_auc=0.9962, train_pr_auc=0.8057, valid_acc=0.9995, valid_precision=0.9091, valid_recall=0.8000, valid_f1=0.8511, valid_roc_auc=0.9766, valid_pr_auc=0.7911
2026-08-21 22:16:35,567 - INFO - Epoch 46: new best validation PR-AUC = 0.7948
2026-08-21 22:16:35,568 - INFO - Epoch 46/50, loss=0.0019, train_acc=0.9995, train_precision=0.8865, train_recall=0.8251, train_f1=0.8547, train_roc_auc=0.9978, train_pr_auc=0.8210, valid_acc=0.9995, valid_precision=0.9077, valid_recall=0.7867, valid_f1=0.8429, valid_roc_auc=0.9773, valid_pr_auc=0.7948
2026-08-21 22:17:11,272 - INFO - Epoch 47/50, loss=0.0020, train_acc=0.9995, train_precision=0.8811, train_recall=0.8317, train_f1=0.8557, train_roc_auc=0.9963, train_pr_auc=0.8066, valid_acc=0.9995, valid_precision=0.9091, valid_recall=0.8000, valid_f1=0.8511, valid_roc_auc=0.9755, valid_pr_auc=0.7913
2026-08-21 22:17:48,240 - INFO - Epoch 48/50, loss=0.0019, train_acc=0.9995, train_precision=0.8799, train_recall=0.8218, train_f1=0.8498, train_roc_auc=0.9981, train_pr_auc=0.8263, valid_acc=0.9995, valid_precision=0.9077, valid_recall=0.7867, valid_f1=0.8429, valid_roc_auc=0.9770, valid_pr_auc=0.7918
2026-08-21 22:18:29,543 - INFO - Epoch 49/50, loss=0.0019, train_acc=0.9995, train_precision=0.8803, train_recall=0.8251, train_f1=0.8518, train_roc_auc=0.9973, train_pr_auc=0.8201, valid_acc=0.9995, valid_precision=0.9077, valid_recall=0.7867, valid_f1=0.8429, valid_roc_auc=0.9758, valid_pr_auc=0.7897
2026-08-21 22:19:06,056 - INFO - Epoch 50/50, loss=0.0020, train_acc=0.9995, train_precision=0.8861, train_recall=0.8218, train_f1=0.8527, train_roc_auc=0.9957, train_pr_auc=0.8163, valid_acc=0.9996, valid_precision=0.9104, valid_recall=0.8133, valid_f1=0.8592, valid_roc_auc=0.9752, valid_pr_auc=0.7908
2026-08-21 22:19:06,063 - INFO - Best epoch: 46
2026-08-21 22:19:06,063 - INFO - Best validation PR-AUC: 0.7948
2026-08-21 22:19:06,063 - INFO - Fold 2 results:
2026-08-21 22:19:06,063 - INFO - accuracy: 0.9995
2026-08-21 22:19:06,063 - INFO - f1: 0.8429
2026-08-21 22:19:06,063 - INFO - pr_auc: 0.7948
2026-08-21 22:19:06,063 - INFO - precision: 0.9077
2026-08-21 22:19:06,064 - INFO - recall: 0.7867
2026-08-21 22:19:06,064 - INFO - roc_auc: 0.9773
2026-08-21 22:19:06,064 - INFO - Model saved to models/fraud_model_index_2_fold_2.pth
2026-08-21 22:19:06,068 - INFO - 
========== Fold 3/5 ==========
2026-08-21 22:19:43,355 - INFO - Epoch 1: new best validation PR-AUC = 0.6886
2026-08-21 22:19:43,355 - INFO - Epoch 1/50, loss=0.0164, train_acc=0.9981, train_precision=0.0000, train_recall=0.0000, train_f1=0.0000, train_roc_auc=0.9504, train_pr_auc=0.1570, valid_acc=0.9983, valid_precision=0.0000, valid_recall=0.0000, valid_f1=0.0000, valid_roc_auc=0.9706, valid_pr_auc=0.6886
2026-08-21 22:20:24,740 - INFO - Epoch 2/50, loss=0.0034, train_acc=0.9986, train_precision=0.8667, train_recall=0.2152, train_f1=0.3448, train_roc_auc=0.9732, train_pr_auc=0.7464, valid_acc=0.9991, valid_precision=0.8364, valid_recall=0.6053, valid_f1=0.7023, valid_roc_auc=0.9761, valid_pr_auc=0.6675
2026-08-21 22:21:03,719 - INFO - Epoch 3: new best validation PR-AUC = 0.6930
2026-08-21 22:21:03,719 - INFO - Epoch 3/50, loss=0.0030, train_acc=0.9994, train_precision=0.8385, train_recall=0.8079, train_f1=0.8229, train_roc_auc=0.9808, train_pr_auc=0.7459, valid_acc=0.9992, valid_precision=0.8305, valid_recall=0.6447, valid_f1=0.7259, valid_roc_auc=0.9715, valid_pr_auc=0.6930
2026-08-21 22:21:41,423 - INFO - Epoch 4: new best validation PR-AUC = 0.7004
2026-08-21 22:21:41,424 - INFO - Epoch 4/50, loss=0.0028, train_acc=0.9994, train_precision=0.8435, train_recall=0.8212, train_f1=0.8322, train_roc_auc=0.9824, train_pr_auc=0.7456, valid_acc=0.9992, valid_precision=0.8305, valid_recall=0.6447, valid_f1=0.7259, valid_roc_auc=0.9742, valid_pr_auc=0.7004
2026-08-21 22:22:21,136 - INFO - Epoch 5/50, loss=0.0027, train_acc=0.9995, train_precision=0.8480, train_recall=0.8311, train_f1=0.8395, train_roc_auc=0.9838, train_pr_auc=0.7503, valid_acc=0.9991, valid_precision=0.7846, valid_recall=0.6711, valid_f1=0.7234, valid_roc_auc=0.9874, valid_pr_auc=0.6903
2026-08-21 22:23:00,047 - INFO - Epoch 6/50, loss=0.0026, train_acc=0.9995, train_precision=0.8464, train_recall=0.8212, train_f1=0.8336, train_roc_auc=0.9857, train_pr_auc=0.7452, valid_acc=0.9991, valid_precision=0.7846, valid_recall=0.6711, valid_f1=0.7234, valid_roc_auc=0.9864, valid_pr_auc=0.6717
2026-08-21 22:23:37,113 - INFO - Epoch 7/50, loss=0.0025, train_acc=0.9995, train_precision=0.8562, train_recall=0.8278, train_f1=0.8418, train_roc_auc=0.9882, train_pr_auc=0.7597, valid_acc=0.9993, valid_precision=0.8750, valid_recall=0.6447, valid_f1=0.7424, valid_roc_auc=0.9899, valid_pr_auc=0.6980
2026-08-21 22:23:58,435 - INFO - Epoch 8/50, loss=0.0023, train_acc=0.9995, train_precision=0.8711, train_recall=0.8278, train_f1=0.8489, train_roc_auc=0.9912, train_pr_auc=0.7694, valid_acc=0.9992, valid_precision=0.7969, valid_recall=0.6711, valid_f1=0.7286, valid_roc_auc=0.9851, valid_pr_auc=0.6810
2026-08-21 22:24:12,435 - INFO - Epoch 9/50, loss=0.0023, train_acc=0.9995, train_precision=0.8562, train_recall=0.8278, train_f1=0.8418, train_roc_auc=0.9889, train_pr_auc=0.7653, valid_acc=0.9992, valid_precision=0.7969, valid_recall=0.6711, valid_f1=0.7286, valid_roc_auc=0.9825, valid_pr_auc=0.6992
2026-08-21 22:24:26,471 - INFO - Epoch 10: new best validation PR-AUC = 0.7057
2026-08-21 22:24:26,471 - INFO - Epoch 10/50, loss=0.0023, train_acc=0.9995, train_precision=0.8741, train_recall=0.8278, train_f1=0.8503, train_roc_auc=0.9888, train_pr_auc=0.7777, valid_acc=0.9992, valid_precision=0.7969, valid_recall=0.6711, valid_f1=0.7286, valid_roc_auc=0.9869, valid_pr_auc=0.7057
2026-08-21 22:24:39,817 - INFO - Epoch 11: new best validation PR-AUC = 0.7106
2026-08-21 22:24:39,817 - INFO - Epoch 11/50, loss=0.0023, train_acc=0.9995, train_precision=0.8605, train_recall=0.8377, train_f1=0.8490, train_roc_auc=0.9902, train_pr_auc=0.7888, valid_acc=0.9992, valid_precision=0.8868, valid_recall=0.6184, valid_f1=0.7287, valid_roc_auc=0.9849, valid_pr_auc=0.7106
2026-08-21 22:24:53,294 - INFO - Epoch 12/50, loss=0.0022, train_acc=0.9995, train_precision=0.8651, train_recall=0.8278, train_f1=0.8460, train_roc_auc=0.9914, train_pr_auc=0.8064, valid_acc=0.9992, valid_precision=0.7969, valid_recall=0.6711, valid_f1=0.7286, valid_roc_auc=0.9830, valid_pr_auc=0.7097
2026-08-21 22:25:06,683 - INFO - Epoch 13: new best validation PR-AUC = 0.7143
2026-08-21 22:25:06,683 - INFO - Epoch 13/50, loss=0.0022, train_acc=0.9995, train_precision=0.8768, train_recall=0.8245, train_f1=0.8498, train_roc_auc=0.9897, train_pr_auc=0.8178, valid_acc=0.9991, valid_precision=0.7937, valid_recall=0.6579, valid_f1=0.7194, valid_roc_auc=0.9856, valid_pr_auc=0.7143
2026-08-21 22:25:20,012 - INFO - Epoch 14: new best validation PR-AUC = 0.7234
2026-08-21 22:25:20,012 - INFO - Epoch 14/50, loss=0.0022, train_acc=0.9995, train_precision=0.8706, train_recall=0.8245, train_f1=0.8469, train_roc_auc=0.9904, train_pr_auc=0.8413, valid_acc=0.9992, valid_precision=0.7969, valid_recall=0.6711, valid_f1=0.7286, valid_roc_auc=0.9886, valid_pr_auc=0.7234
2026-08-21 22:25:33,077 - INFO - Epoch 15: new best validation PR-AUC = 0.7499
2026-08-21 22:25:33,077 - INFO - Epoch 15/50, loss=0.0021, train_acc=0.9995, train_precision=0.8681, train_recall=0.8278, train_f1=0.8475, train_roc_auc=0.9922, train_pr_auc=0.8465, valid_acc=0.9992, valid_precision=0.8333, valid_recall=0.6579, valid_f1=0.7353, valid_roc_auc=0.9872, valid_pr_auc=0.7499
2026-08-21 22:25:45,904 - INFO - Epoch 16: new best validation PR-AUC = 0.7543
2026-08-21 22:25:45,904 - INFO - Epoch 16/50, loss=0.0021, train_acc=0.9995, train_precision=0.8733, train_recall=0.8444, train_f1=0.8586, train_roc_auc=0.9915, train_pr_auc=0.8665, valid_acc=0.9992, valid_precision=0.8095, valid_recall=0.6711, valid_f1=0.7338, valid_roc_auc=0.9849, valid_pr_auc=0.7543
2026-08-21 22:25:58,827 - INFO - Epoch 17/50, loss=0.0021, train_acc=0.9995, train_precision=0.8807, train_recall=0.8311, train_f1=0.8552, train_roc_auc=0.9916, train_pr_auc=0.8784, valid_acc=0.9992, valid_precision=0.8197, valid_recall=0.6579, valid_f1=0.7299, valid_roc_auc=0.9873, valid_pr_auc=0.7456
2026-08-21 22:26:11,492 - INFO - Epoch 18/50, loss=0.0021, train_acc=0.9995, train_precision=0.8746, train_recall=0.8311, train_f1=0.8523, train_roc_auc=0.9907, train_pr_auc=0.8776, valid_acc=0.9992, valid_precision=0.8065, valid_recall=0.6579, valid_f1=0.7246, valid_roc_auc=0.9793, valid_pr_auc=0.7508
2026-08-21 22:26:24,258 - INFO - Epoch 19/50, loss=0.0020, train_acc=0.9995, train_precision=0.8772, train_recall=0.8278, train_f1=0.8518, train_roc_auc=0.9904, train_pr_auc=0.8830, valid_acc=0.9991, valid_precision=0.7812, valid_recall=0.6579, valid_f1=0.7143, valid_roc_auc=0.9801, valid_pr_auc=0.7483
2026-08-21 22:26:38,108 - INFO - Epoch 20: new best validation PR-AUC = 0.7568
2026-08-21 22:26:38,108 - INFO - Epoch 20/50, loss=0.0019, train_acc=0.9996, train_precision=0.8955, train_recall=0.8510, train_f1=0.8727, train_roc_auc=0.9937, train_pr_auc=0.9012, valid_acc=0.9992, valid_precision=0.8333, valid_recall=0.6579, valid_f1=0.7353, valid_roc_auc=0.9843, valid_pr_auc=0.7568
2026-08-21 22:26:51,653 - INFO - Epoch 21: new best validation PR-AUC = 0.7602
2026-08-21 22:26:51,653 - INFO - Epoch 21/50, loss=0.0018, train_acc=0.9996, train_precision=0.9068, train_recall=0.8377, train_f1=0.8709, train_roc_auc=0.9946, train_pr_auc=0.9018, valid_acc=0.9992, valid_precision=0.8065, valid_recall=0.6579, valid_f1=0.7246, valid_roc_auc=0.9850, valid_pr_auc=0.7602
2026-08-21 22:27:04,698 - INFO - Epoch 22/50, loss=0.0018, train_acc=0.9996, train_precision=0.9110, train_recall=0.8477, train_f1=0.8782, train_roc_auc=0.9932, train_pr_auc=0.9065, valid_acc=0.9992, valid_precision=0.8197, valid_recall=0.6579, valid_f1=0.7299, valid_roc_auc=0.9797, valid_pr_auc=0.7595
2026-08-21 22:27:17,496 - INFO - Epoch 23/50, loss=0.0018, train_acc=0.9996, train_precision=0.9149, train_recall=0.8543, train_f1=0.8836, train_roc_auc=0.9932, train_pr_auc=0.9089, valid_acc=0.9992, valid_precision=0.8065, valid_recall=0.6579, valid_f1=0.7246, valid_roc_auc=0.9823, valid_pr_auc=0.7573
2026-08-21 22:27:30,163 - INFO - Epoch 24/50, loss=0.0017, train_acc=0.9996, train_precision=0.9149, train_recall=0.8543, train_f1=0.8836, train_roc_auc=0.9946, train_pr_auc=0.9168, valid_acc=0.9992, valid_precision=0.8596, valid_recall=0.6447, valid_f1=0.7368, valid_roc_auc=0.9817, valid_pr_auc=0.7510
2026-08-21 22:27:42,909 - INFO - Epoch 25: new best validation PR-AUC = 0.7618
2026-08-21 22:27:42,909 - INFO - Epoch 25/50, loss=0.0016, train_acc=0.9996, train_precision=0.9309, train_recall=0.8477, train_f1=0.8873, train_roc_auc=0.9955, train_pr_auc=0.9191, valid_acc=0.9992, valid_precision=0.8305, valid_recall=0.6447, valid_f1=0.7259, valid_roc_auc=0.9818, valid_pr_auc=0.7618
2026-08-21 22:27:55,072 - INFO - Epoch 26: new best validation PR-AUC = 0.7631
2026-08-21 22:27:55,072 - INFO - Epoch 26/50, loss=0.0016, train_acc=0.9997, train_precision=0.9418, train_recall=0.8576, train_f1=0.8977, train_roc_auc=0.9946, train_pr_auc=0.9179, valid_acc=0.9992, valid_precision=0.8333, valid_recall=0.6579, valid_f1=0.7353, valid_roc_auc=0.9857, valid_pr_auc=0.7631
2026-08-21 22:28:07,557 - INFO - Epoch 27/50, loss=0.0016, train_acc=0.9996, train_precision=0.9405, train_recall=0.8377, train_f1=0.8862, train_roc_auc=0.9953, train_pr_auc=0.9204, valid_acc=0.9992, valid_precision=0.8475, valid_recall=0.6579, valid_f1=0.7407, valid_roc_auc=0.9833, valid_pr_auc=0.7621
2026-08-21 22:28:20,480 - INFO - Epoch 28/50, loss=0.0016, train_acc=0.9997, train_precision=0.9420, train_recall=0.8609, train_f1=0.8997, train_roc_auc=0.9953, train_pr_auc=0.9197, valid_acc=0.9993, valid_precision=0.8909, valid_recall=0.6447, valid_f1=0.7481, valid_roc_auc=0.9835, valid_pr_auc=0.7621
2026-08-21 22:28:33,740 - INFO - Epoch 29/50, loss=0.0016, train_acc=0.9997, train_precision=0.9386, train_recall=0.8609, train_f1=0.8981, train_roc_auc=0.9958, train_pr_auc=0.9221, valid_acc=0.9993, valid_precision=0.9038, valid_recall=0.6184, valid_f1=0.7344, valid_roc_auc=0.9828, valid_pr_auc=0.7620
2026-08-21 22:28:47,323 - INFO - Epoch 30/50, loss=0.0015, train_acc=0.9997, train_precision=0.9487, train_recall=0.8576, train_f1=0.9009, train_roc_auc=0.9972, train_pr_auc=0.9286, valid_acc=0.9993, valid_precision=0.8621, valid_recall=0.6579, valid_f1=0.7463, valid_roc_auc=0.9811, valid_pr_auc=0.7621
2026-08-21 22:29:00,134 - INFO - Epoch 31/50, loss=0.0015, train_acc=0.9997, train_precision=0.9359, train_recall=0.8709, train_f1=0.9022, train_roc_auc=0.9973, train_pr_auc=0.9261, valid_acc=0.9993, valid_precision=0.8621, valid_recall=0.6579, valid_f1=0.7463, valid_roc_auc=0.9793, valid_pr_auc=0.7605
2026-08-21 22:29:13,713 - INFO - Epoch 32/50, loss=0.0015, train_acc=0.9997, train_precision=0.9348, train_recall=0.8543, train_f1=0.8927, train_roc_auc=0.9964, train_pr_auc=0.9269, valid_acc=0.9992, valid_precision=0.8704, valid_recall=0.6184, valid_f1=0.7231, valid_roc_auc=0.9786, valid_pr_auc=0.7598
2026-08-21 22:29:25,519 - INFO - Epoch 33/50, loss=0.0015, train_acc=0.9997, train_precision=0.9560, train_recall=0.8642, train_f1=0.9078, train_roc_auc=0.9962, train_pr_auc=0.9283, valid_acc=0.9993, valid_precision=0.8750, valid_recall=0.6447, valid_f1=0.7424, valid_roc_auc=0.9789, valid_pr_auc=0.7616
2026-08-21 22:29:38,033 - INFO - Epoch 34: new best validation PR-AUC = 0.7655
2026-08-21 22:29:38,033 - INFO - Epoch 34/50, loss=0.0015, train_acc=0.9997, train_precision=0.9491, train_recall=0.8642, train_f1=0.9047, train_roc_auc=0.9959, train_pr_auc=0.9299, valid_acc=0.9993, valid_precision=0.8814, valid_recall=0.6842, valid_f1=0.7704, valid_roc_auc=0.9770, valid_pr_auc=0.7655
2026-08-21 22:29:50,455 - INFO - Epoch 35/50, loss=0.0015, train_acc=0.9997, train_precision=0.9493, train_recall=0.8675, train_f1=0.9066, train_roc_auc=0.9961, train_pr_auc=0.9298, valid_acc=0.9993, valid_precision=0.8909, valid_recall=0.6447, valid_f1=0.7481, valid_roc_auc=0.9787, valid_pr_auc=0.7629
2026-08-21 22:30:03,563 - INFO - Epoch 36/50, loss=0.0015, train_acc=0.9997, train_precision=0.9527, train_recall=0.8675, train_f1=0.9081, train_roc_auc=0.9970, train_pr_auc=0.9311, valid_acc=0.9993, valid_precision=0.8814, valid_recall=0.6842, valid_f1=0.7704, valid_roc_auc=0.9781, valid_pr_auc=0.7654
2026-08-21 22:30:16,494 - INFO - Epoch 37/50, loss=0.0015, train_acc=0.9997, train_precision=0.9424, train_recall=0.8675, train_f1=0.9034, train_roc_auc=0.9970, train_pr_auc=0.9296, valid_acc=0.9993, valid_precision=0.9057, valid_recall=0.6316, valid_f1=0.7442, valid_roc_auc=0.9815, valid_pr_auc=0.7649
2026-08-21 22:30:29,604 - INFO - Epoch 38/50, loss=0.0015, train_acc=0.9997, train_precision=0.9491, train_recall=0.8642, train_f1=0.9047, train_roc_auc=0.9971, train_pr_auc=0.9294, valid_acc=0.9993, valid_precision=0.8750, valid_recall=0.6447, valid_f1=0.7424, valid_roc_auc=0.9780, valid_pr_auc=0.7621
2026-08-21 22:30:42,858 - INFO - Epoch 39/50, loss=0.0015, train_acc=0.9997, train_precision=0.9522, train_recall=0.8576, train_f1=0.9024, train_roc_auc=0.9965, train_pr_auc=0.9280, valid_acc=0.9993, valid_precision=0.8909, valid_recall=0.6447, valid_f1=0.7481, valid_roc_auc=0.9804, valid_pr_auc=0.7641
2026-08-21 22:30:56,075 - INFO - Epoch 40/50, loss=0.0015, train_acc=0.9997, train_precision=0.9529, train_recall=0.8709, train_f1=0.9100, train_roc_auc=0.9964, train_pr_auc=0.9289, valid_acc=0.9993, valid_precision=0.9074, valid_recall=0.6447, valid_f1=0.7538, valid_roc_auc=0.9767, valid_pr_auc=0.7622
2026-08-21 22:31:09,240 - INFO - Epoch 41/50, loss=0.0015, train_acc=0.9997, train_precision=0.9457, train_recall=0.8642, train_f1=0.9031, train_roc_auc=0.9968, train_pr_auc=0.9307, valid_acc=0.9993, valid_precision=0.8909, valid_recall=0.6447, valid_f1=0.7481, valid_roc_auc=0.9805, valid_pr_auc=0.7601
2026-08-21 22:31:22,167 - INFO - Epoch 42/50, loss=0.0015, train_acc=0.9997, train_precision=0.9634, train_recall=0.8709, train_f1=0.9148, train_roc_auc=0.9970, train_pr_auc=0.9293, valid_acc=0.9993, valid_precision=0.8929, valid_recall=0.6579, valid_f1=0.7576, valid_roc_auc=0.9778, valid_pr_auc=0.7640
2026-08-21 22:31:35,821 - INFO - Epoch 43/50, loss=0.0014, train_acc=0.9997, train_precision=0.9526, train_recall=0.8642, train_f1=0.9062, train_roc_auc=0.9975, train_pr_auc=0.9327, valid_acc=0.9993, valid_precision=0.9074, valid_recall=0.6447, valid_f1=0.7538, valid_roc_auc=0.9764, valid_pr_auc=0.7610
2026-08-21 22:31:49,385 - INFO - Epoch 44/50, loss=0.0014, train_acc=0.9997, train_precision=0.9527, train_recall=0.8675, train_f1=0.9081, train_roc_auc=0.9981, train_pr_auc=0.9334, valid_acc=0.9993, valid_precision=0.8929, valid_recall=0.6579, valid_f1=0.7576, valid_roc_auc=0.9769, valid_pr_auc=0.7628
2026-08-21 22:32:02,442 - INFO - Epoch 45/50, loss=0.0015, train_acc=0.9997, train_precision=0.9529, train_recall=0.8709, train_f1=0.9100, train_roc_auc=0.9969, train_pr_auc=0.9296, valid_acc=0.9993, valid_precision=0.8889, valid_recall=0.6316, valid_f1=0.7385, valid_roc_auc=0.9800, valid_pr_auc=0.7621
2026-08-21 22:32:14,826 - INFO - Epoch 46/50, loss=0.0014, train_acc=0.9997, train_precision=0.9493, train_recall=0.8675, train_f1=0.9066, train_roc_auc=0.9974, train_pr_auc=0.9320, valid_acc=0.9993, valid_precision=0.8909, valid_recall=0.6447, valid_f1=0.7481, valid_roc_auc=0.9789, valid_pr_auc=0.7639
2026-08-21 22:32:27,488 - INFO - Epoch 47/50, loss=0.0015, train_acc=0.9997, train_precision=0.9532, train_recall=0.8775, train_f1=0.9138, train_roc_auc=0.9973, train_pr_auc=0.9297, valid_acc=0.9993, valid_precision=0.8772, valid_recall=0.6579, valid_f1=0.7519, valid_roc_auc=0.9774, valid_pr_auc=0.7626
2026-08-21 22:32:40,449 - INFO - Epoch 48/50, loss=0.0014, train_acc=0.9997, train_precision=0.9496, train_recall=0.8742, train_f1=0.9103, train_roc_auc=0.9967, train_pr_auc=0.9333, valid_acc=0.9993, valid_precision=0.9074, valid_recall=0.6447, valid_f1=0.7538, valid_roc_auc=0.9769, valid_pr_auc=0.7622
2026-08-21 22:32:53,526 - INFO - Epoch 49/50, loss=0.0014, train_acc=0.9997, train_precision=0.9460, train_recall=0.8709, train_f1=0.9069, train_roc_auc=0.9977, train_pr_auc=0.9295, valid_acc=0.9993, valid_precision=0.8909, valid_recall=0.6447, valid_f1=0.7481, valid_roc_auc=0.9766, valid_pr_auc=0.7620
2026-08-21 22:33:06,569 - INFO - Epoch 50/50, loss=0.0014, train_acc=0.9997, train_precision=0.9564, train_recall=0.8709, train_f1=0.9116, train_roc_auc=0.9969, train_pr_auc=0.9309, valid_acc=0.9993, valid_precision=0.8947, valid_recall=0.6711, valid_f1=0.7669, valid_roc_auc=0.9764, valid_pr_auc=0.7651
2026-08-21 22:33:06,569 - INFO - Best epoch: 34
2026-08-21 22:33:06,569 - INFO - Best validation PR-AUC: 0.7655
2026-08-21 22:33:06,569 - INFO - Fold 3 results:
2026-08-21 22:33:06,569 - INFO - accuracy: 0.9993
2026-08-21 22:33:06,569 - INFO - f1: 0.7704
2026-08-21 22:33:06,569 - INFO - pr_auc: 0.7655
2026-08-21 22:33:06,569 - INFO - precision: 0.8814
2026-08-21 22:33:06,569 - INFO - recall: 0.6842
2026-08-21 22:33:06,569 - INFO - roc_auc: 0.9770
2026-08-21 22:33:06,569 - INFO - Model saved to models/fraud_model_index_2_fold_3.pth
2026-08-21 22:33:06,569 - INFO - 
========== Fold 4/5 ==========
2026-08-21 22:33:20,483 - INFO - Epoch 1: new best validation PR-AUC = 0.7699
2026-08-21 22:33:20,483 - INFO - Epoch 1/50, loss=0.0162, train_acc=0.9982, train_precision=0.0000, train_recall=0.0000, train_f1=0.0000, train_roc_auc=0.9389, train_pr_auc=0.1296, valid_acc=0.9983, valid_precision=0.0000, valid_recall=0.0000, valid_f1=0.0000, valid_roc_auc=0.9716, valid_pr_auc=0.7699
2026-08-21 22:33:34,280 - INFO - Epoch 2/50, loss=0.0037, train_acc=0.9983, train_precision=0.0000, train_recall=0.0000, train_f1=0.0000, train_roc_auc=0.9771, train_pr_auc=0.7405, valid_acc=0.9983, valid_precision=0.0000, valid_recall=0.0000, valid_f1=0.0000, valid_roc_auc=0.9785, valid_pr_auc=0.7537
2026-08-21 22:33:47,891 - INFO - Epoch 3/50, loss=0.0035, train_acc=0.9988, train_precision=0.8762, train_recall=0.3046, train_f1=0.4521, train_roc_auc=0.9812, train_pr_auc=0.7303, valid_acc=0.9994, valid_precision=0.8267, valid_recall=0.8158, valid_f1=0.8212, valid_roc_auc=0.9921, valid_pr_auc=0.7545
2026-08-21 22:34:01,733 - INFO - Epoch 4/50, loss=0.0032, train_acc=0.9994, train_precision=0.8769, train_recall=0.7550, train_f1=0.8114, train_roc_auc=0.9833, train_pr_auc=0.7249, valid_acc=0.9994, valid_precision=0.8312, valid_recall=0.8421, valid_f1=0.8366, valid_roc_auc=0.9897, valid_pr_auc=0.7656
2026-08-21 22:34:15,494 - INFO - Epoch 5: new best validation PR-AUC = 0.7719
2026-08-21 22:34:15,510 - INFO - Epoch 5/50, loss=0.0030, train_acc=0.9994, train_precision=0.8577, train_recall=0.7781, train_f1=0.8160, train_roc_auc=0.9857, train_pr_auc=0.7556, valid_acc=0.9993, valid_precision=0.7711, valid_recall=0.8421, valid_f1=0.8050, valid_roc_auc=0.9886, valid_pr_auc=0.7719
2026-08-21 22:34:28,416 - INFO - Epoch 6: new best validation PR-AUC = 0.7720
2026-08-21 22:34:28,416 - INFO - Epoch 6/50, loss=0.0029, train_acc=0.9994, train_precision=0.8520, train_recall=0.7815, train_f1=0.8152, train_roc_auc=0.9876, train_pr_auc=0.7809, valid_acc=0.9994, valid_precision=0.7975, valid_recall=0.8289, valid_f1=0.8129, valid_roc_auc=0.9884, valid_pr_auc=0.7720
2026-08-21 22:34:40,885 - INFO - Epoch 7: new best validation PR-AUC = 0.7856
2026-08-21 22:34:40,885 - INFO - Epoch 7/50, loss=0.0028, train_acc=0.9994, train_precision=0.8525, train_recall=0.7848, train_f1=0.8172, train_roc_auc=0.9891, train_pr_auc=0.7682, valid_acc=0.9994, valid_precision=0.7901, valid_recall=0.8421, valid_f1=0.8153, valid_roc_auc=0.9867, valid_pr_auc=0.7856
2026-08-21 22:34:53,353 - INFO - Epoch 8/50, loss=0.0027, train_acc=0.9994, train_precision=0.8530, train_recall=0.7881, train_f1=0.8193, train_roc_auc=0.9884, train_pr_auc=0.7657, valid_acc=0.9994, valid_precision=0.8000, valid_recall=0.8421, valid_f1=0.8205, valid_roc_auc=0.9905, valid_pr_auc=0.7812
2026-08-21 22:35:05,935 - INFO - Epoch 9: new best validation PR-AUC = 0.7879
2026-08-21 22:35:05,935 - INFO - Epoch 9/50, loss=0.0027, train_acc=0.9994, train_precision=0.8566, train_recall=0.7914, train_f1=0.8227, train_roc_auc=0.9898, train_pr_auc=0.7763, valid_acc=0.9994, valid_precision=0.8025, valid_recall=0.8553, valid_f1=0.8280, valid_roc_auc=0.9889, valid_pr_auc=0.7879
2026-08-21 22:35:19,165 - INFO - Epoch 10: new best validation PR-AUC = 0.8127
2026-08-21 22:35:19,165 - INFO - Epoch 10/50, loss=0.0027, train_acc=0.9994, train_precision=0.8618, train_recall=0.7848, train_f1=0.8215, train_roc_auc=0.9899, train_pr_auc=0.7755, valid_acc=0.9994, valid_precision=0.8182, valid_recall=0.8289, valid_f1=0.8235, valid_roc_auc=0.9839, valid_pr_auc=0.8127
2026-08-21 22:35:33,024 - INFO - Epoch 11/50, loss=0.0026, train_acc=0.9994, train_precision=0.8681, train_recall=0.7848, train_f1=0.8243, train_roc_auc=0.9893, train_pr_auc=0.7615, valid_acc=0.9994, valid_precision=0.8378, valid_recall=0.8158, valid_f1=0.8267, valid_roc_auc=0.9873, valid_pr_auc=0.8068
2026-08-21 22:35:46,509 - INFO - Epoch 12: new best validation PR-AUC = 0.8158
2026-08-21 22:35:46,509 - INFO - Epoch 12/50, loss=0.0025, train_acc=0.9994, train_precision=0.8686, train_recall=0.7881, train_f1=0.8264, train_roc_auc=0.9902, train_pr_auc=0.7784, valid_acc=0.9994, valid_precision=0.8472, valid_recall=0.8026, valid_f1=0.8243, valid_roc_auc=0.9883, valid_pr_auc=0.8158
2026-08-21 22:36:00,349 - INFO - Epoch 13/50, loss=0.0025, train_acc=0.9995, train_precision=0.8691, train_recall=0.7914, train_f1=0.8284, train_roc_auc=0.9900, train_pr_auc=0.7784, valid_acc=0.9994, valid_precision=0.8312, valid_recall=0.8421, valid_f1=0.8366, valid_roc_auc=0.9859, valid_pr_auc=0.7867
2026-08-21 22:36:13,176 - INFO - Epoch 14/50, loss=0.0024, train_acc=0.9995, train_precision=0.8782, train_recall=0.7881, train_f1=0.8307, train_roc_auc=0.9919, train_pr_auc=0.8017, valid_acc=0.9995, valid_precision=0.8442, valid_recall=0.8553, valid_f1=0.8497, valid_roc_auc=0.9881, valid_pr_auc=0.7860
2026-08-21 22:36:25,980 - INFO - Epoch 15/50, loss=0.0024, train_acc=0.9995, train_precision=0.8885, train_recall=0.7914, train_f1=0.8371, train_roc_auc=0.9916, train_pr_auc=0.7822, valid_acc=0.9994, valid_precision=0.8312, valid_recall=0.8421, valid_f1=0.8366, valid_roc_auc=0.9877, valid_pr_auc=0.7900
2026-08-21 22:36:39,205 - INFO - Epoch 16/50, loss=0.0023, train_acc=0.9995, train_precision=0.8869, train_recall=0.8046, train_f1=0.8438, train_roc_auc=0.9929, train_pr_auc=0.7898, valid_acc=0.9995, valid_precision=0.8553, valid_recall=0.8553, valid_f1=0.8553, valid_roc_auc=0.9829, valid_pr_auc=0.8091
2026-08-21 22:36:52,691 - INFO - Epoch 17/50, loss=0.0022, train_acc=0.9995, train_precision=0.8852, train_recall=0.7914, train_f1=0.8357, train_roc_auc=0.9941, train_pr_auc=0.8062, valid_acc=0.9995, valid_precision=0.8514, valid_recall=0.8289, valid_f1=0.8400, valid_roc_auc=0.9880, valid_pr_auc=0.8057
2026-08-21 22:37:05,754 - INFO - Epoch 18: new best validation PR-AUC = 0.8170
2026-08-21 22:37:05,754 - INFO - Epoch 18/50, loss=0.0023, train_acc=0.9995, train_precision=0.8963, train_recall=0.8013, train_f1=0.8462, train_roc_auc=0.9926, train_pr_auc=0.7937, valid_acc=0.9995, valid_precision=0.8533, valid_recall=0.8421, valid_f1=0.8477, valid_roc_auc=0.9842, valid_pr_auc=0.8170
2026-08-21 22:37:18,597 - INFO - Epoch 19/50, loss=0.0022, train_acc=0.9995, train_precision=0.8955, train_recall=0.7947, train_f1=0.8421, train_roc_auc=0.9938, train_pr_auc=0.8004, valid_acc=0.9995, valid_precision=0.8421, valid_recall=0.8421, valid_f1=0.8421, valid_roc_auc=0.9865, valid_pr_auc=0.8110
2026-08-21 22:37:31,537 - INFO - Epoch 20/50, loss=0.0022, train_acc=0.9995, train_precision=0.8971, train_recall=0.8079, train_f1=0.8502, train_roc_auc=0.9946, train_pr_auc=0.7901, valid_acc=0.9994, valid_precision=0.8493, valid_recall=0.8158, valid_f1=0.8322, valid_roc_auc=0.9853, valid_pr_auc=0.8149
2026-08-21 22:37:44,281 - INFO - Epoch 21/50, loss=0.0022, train_acc=0.9995, train_precision=0.8930, train_recall=0.8013, train_f1=0.8447, train_roc_auc=0.9937, train_pr_auc=0.8036, valid_acc=0.9994, valid_precision=0.8472, valid_recall=0.8026, valid_f1=0.8243, valid_roc_auc=0.9840, valid_pr_auc=0.8155
2026-08-21 22:37:57,395 - INFO - Epoch 22/50, loss=0.0021, train_acc=0.9995, train_precision=0.9057, train_recall=0.7947, train_f1=0.8466, train_roc_auc=0.9951, train_pr_auc=0.8334, valid_acc=0.9995, valid_precision=0.8533, valid_recall=0.8421, valid_f1=0.8477, valid_roc_auc=0.9841, valid_pr_auc=0.8135
2026-08-21 22:38:10,313 - INFO - Epoch 23/50, loss=0.0021, train_acc=0.9995, train_precision=0.8974, train_recall=0.8113, train_f1=0.8522, train_roc_auc=0.9952, train_pr_auc=0.8003, valid_acc=0.9995, valid_precision=0.8421, valid_recall=0.8421, valid_f1=0.8421, valid_roc_auc=0.9847, valid_pr_auc=0.8137
2026-08-21 22:38:23,596 - INFO - Epoch 24: new best validation PR-AUC = 0.8170
2026-08-21 22:38:23,596 - INFO - Epoch 24/50, loss=0.0021, train_acc=0.9995, train_precision=0.8934, train_recall=0.8046, train_f1=0.8467, train_roc_auc=0.9953, train_pr_auc=0.8278, valid_acc=0.9995, valid_precision=0.8514, valid_recall=0.8289, valid_f1=0.8400, valid_roc_auc=0.9812, valid_pr_auc=0.8170
2026-08-21 22:38:37,357 - INFO - Epoch 25/50, loss=0.0020, train_acc=0.9995, train_precision=0.9041, train_recall=0.8113, train_f1=0.8551, train_roc_auc=0.9957, train_pr_auc=0.8196, valid_acc=0.9995, valid_precision=0.8533, valid_recall=0.8421, valid_f1=0.8477, valid_roc_auc=0.9836, valid_pr_auc=0.8161
2026-08-21 22:38:51,217 - INFO - Epoch 26: new best validation PR-AUC = 0.8171
2026-08-21 22:38:51,217 - INFO - Epoch 26/50, loss=0.0020, train_acc=0.9995, train_precision=0.8953, train_recall=0.8212, train_f1=0.8566, train_roc_auc=0.9958, train_pr_auc=0.8276, valid_acc=0.9995, valid_precision=0.8533, valid_recall=0.8421, valid_f1=0.8477, valid_roc_auc=0.9840, valid_pr_auc=0.8171
2026-08-21 22:39:04,340 - INFO - Epoch 27/50, loss=0.0020, train_acc=0.9996, train_precision=0.9081, train_recall=0.8179, train_f1=0.8606, train_roc_auc=0.9946, train_pr_auc=0.8292, valid_acc=0.9995, valid_precision=0.8533, valid_recall=0.8421, valid_f1=0.8477, valid_roc_auc=0.9820, valid_pr_auc=0.8166
2026-08-21 22:39:17,466 - INFO - Epoch 28: new best validation PR-AUC = 0.8182
2026-08-21 22:39:17,466 - INFO - Epoch 28/50, loss=0.0020, train_acc=0.9996, train_precision=0.9130, train_recall=0.8344, train_f1=0.8720, train_roc_auc=0.9951, train_pr_auc=0.8368, valid_acc=0.9995, valid_precision=0.8533, valid_recall=0.8421, valid_f1=0.8477, valid_roc_auc=0.9815, valid_pr_auc=0.8182
2026-08-21 22:39:30,510 - INFO - Epoch 29/50, loss=0.0019, train_acc=0.9995, train_precision=0.9015, train_recall=0.8179, train_f1=0.8576, train_roc_auc=0.9965, train_pr_auc=0.8340, valid_acc=0.9995, valid_precision=0.8533, valid_recall=0.8421, valid_f1=0.8477, valid_roc_auc=0.9830, valid_pr_auc=0.8139
2026-08-21 22:39:42,961 - INFO - Epoch 30/50, loss=0.0020, train_acc=0.9996, train_precision=0.9048, train_recall=0.8179, train_f1=0.8591, train_roc_auc=0.9961, train_pr_auc=0.8279, valid_acc=0.9995, valid_precision=0.8421, valid_recall=0.8421, valid_f1=0.8421, valid_roc_auc=0.9858, valid_pr_auc=0.8139
2026-08-21 22:39:55,465 - INFO - Epoch 31/50, loss=0.0020, train_acc=0.9996, train_precision=0.8989, train_recall=0.8245, train_f1=0.8601, train_roc_auc=0.9960, train_pr_auc=0.8372, valid_acc=0.9995, valid_precision=0.8421, valid_recall=0.8421, valid_f1=0.8421, valid_roc_auc=0.9816, valid_pr_auc=0.8167
2026-08-21 22:40:07,623 - INFO - Epoch 32/50, loss=0.0019, train_acc=0.9996, train_precision=0.9071, train_recall=0.8411, train_f1=0.8729, train_roc_auc=0.9964, train_pr_auc=0.8409, valid_acc=0.9995, valid_precision=0.8533, valid_recall=0.8421, valid_f1=0.8477, valid_roc_auc=0.9826, valid_pr_auc=0.8152
2026-08-21 22:40:20,090 - INFO - Epoch 33/50, loss=0.0019, train_acc=0.9996, train_precision=0.9088, train_recall=0.8245, train_f1=0.8646, train_roc_auc=0.9965, train_pr_auc=0.8361, valid_acc=0.9995, valid_precision=0.8421, valid_recall=0.8421, valid_f1=0.8421, valid_roc_auc=0.9818, valid_pr_auc=0.8161
2026-08-21 22:40:33,989 - INFO - Epoch 34/50, loss=0.0019, train_acc=0.9996, train_precision=0.9061, train_recall=0.8311, train_f1=0.8670, train_roc_auc=0.9958, train_pr_auc=0.8458, valid_acc=0.9995, valid_precision=0.8421, valid_recall=0.8421, valid_f1=0.8421, valid_roc_auc=0.9814, valid_pr_auc=0.8164
2026-08-21 22:40:54,286 - INFO - Epoch 35/50, loss=0.0019, train_acc=0.9996, train_precision=0.9058, train_recall=0.8278, train_f1=0.8651, train_roc_auc=0.9970, train_pr_auc=0.8252, valid_acc=0.9995, valid_precision=0.8421, valid_recall=0.8421, valid_f1=0.8421, valid_roc_auc=0.9830, valid_pr_auc=0.8130
2026-08-21 22:41:06,610 - INFO - Epoch 36/50, loss=0.0019, train_acc=0.9996, train_precision=0.9094, train_recall=0.8311, train_f1=0.8685, train_roc_auc=0.9949, train_pr_auc=0.8445, valid_acc=0.9995, valid_precision=0.8421, valid_recall=0.8421, valid_f1=0.8421, valid_roc_auc=0.9814, valid_pr_auc=0.8177
2026-08-21 22:41:21,104 - INFO - Epoch 37/50, loss=0.0019, train_acc=0.9996, train_precision=0.9065, train_recall=0.8344, train_f1=0.8690, train_roc_auc=0.9962, train_pr_auc=0.8388, valid_acc=0.9995, valid_precision=0.8421, valid_recall=0.8421, valid_f1=0.8421, valid_roc_auc=0.9827, valid_pr_auc=0.8155
2026-08-21 22:41:39,770 - INFO - Epoch 38/50, loss=0.0019, train_acc=0.9996, train_precision=0.9051, train_recall=0.8212, train_f1=0.8611, train_roc_auc=0.9960, train_pr_auc=0.8454, valid_acc=0.9995, valid_precision=0.8421, valid_recall=0.8421, valid_f1=0.8421, valid_roc_auc=0.9826, valid_pr_auc=0.8167
2026-08-21 22:42:17,696 - INFO - Epoch 39/50, loss=0.0019, train_acc=0.9996, train_precision=0.9130, train_recall=0.8344, train_f1=0.8720, train_roc_auc=0.9965, train_pr_auc=0.8365, valid_acc=0.9995, valid_precision=0.8421, valid_recall=0.8421, valid_f1=0.8421, valid_roc_auc=0.9814, valid_pr_auc=0.8146
2026-08-21 22:42:53,437 - INFO - Epoch 40/50, loss=0.0019, train_acc=0.9996, train_precision=0.9088, train_recall=0.8245, train_f1=0.8646, train_roc_auc=0.9966, train_pr_auc=0.8342, valid_acc=0.9995, valid_precision=0.8421, valid_recall=0.8421, valid_f1=0.8421, valid_roc_auc=0.9828, valid_pr_auc=0.8158
2026-08-21 22:43:31,744 - INFO - Epoch 41/50, loss=0.0019, train_acc=0.9996, train_precision=0.9088, train_recall=0.8245, train_f1=0.8646, train_roc_auc=0.9956, train_pr_auc=0.8471, valid_acc=0.9995, valid_precision=0.8421, valid_recall=0.8421, valid_f1=0.8421, valid_roc_auc=0.9819, valid_pr_auc=0.8164
2026-08-21 22:44:07,672 - INFO - Epoch 42/50, loss=0.0019, train_acc=0.9996, train_precision=0.9025, train_recall=0.8278, train_f1=0.8636, train_roc_auc=0.9972, train_pr_auc=0.8295, valid_acc=0.9995, valid_precision=0.8533, valid_recall=0.8421, valid_f1=0.8477, valid_roc_auc=0.9815, valid_pr_auc=0.8171
2026-08-21 22:44:54,663 - INFO - Epoch 43/50, loss=0.0019, train_acc=0.9996, train_precision=0.9055, train_recall=0.8245, train_f1=0.8631, train_roc_auc=0.9966, train_pr_auc=0.8354, valid_acc=0.9995, valid_precision=0.8421, valid_recall=0.8421, valid_f1=0.8421, valid_roc_auc=0.9843, valid_pr_auc=0.8164
2026-08-21 22:45:49,748 - INFO - Epoch 44/50, loss=0.0019, train_acc=0.9996, train_precision=0.9124, train_recall=0.8278, train_f1=0.8681, train_roc_auc=0.9957, train_pr_auc=0.8432, valid_acc=0.9995, valid_precision=0.8533, valid_recall=0.8421, valid_f1=0.8477, valid_roc_auc=0.9826, valid_pr_auc=0.8136
2026-08-21 22:46:29,840 - INFO - Epoch 45/50, loss=0.0019, train_acc=0.9996, train_precision=0.9094, train_recall=0.8311, train_f1=0.8685, train_roc_auc=0.9968, train_pr_auc=0.8438, valid_acc=0.9995, valid_precision=0.8421, valid_recall=0.8421, valid_f1=0.8421, valid_roc_auc=0.9844, valid_pr_auc=0.8121
2026-08-21 22:47:09,524 - INFO - Epoch 46/50, loss=0.0019, train_acc=0.9996, train_precision=0.9051, train_recall=0.8212, train_f1=0.8611, train_roc_auc=0.9965, train_pr_auc=0.8319, valid_acc=0.9995, valid_precision=0.8533, valid_recall=0.8421, valid_f1=0.8477, valid_roc_auc=0.9822, valid_pr_auc=0.8161
2026-08-21 22:47:50,642 - INFO - Epoch 47/50, loss=0.0019, train_acc=0.9996, train_precision=0.9048, train_recall=0.8179, train_f1=0.8591, train_roc_auc=0.9955, train_pr_auc=0.8421, valid_acc=0.9995, valid_precision=0.8421, valid_recall=0.8421, valid_f1=0.8421, valid_roc_auc=0.9822, valid_pr_auc=0.8160
2026-08-21 22:48:30,793 - INFO - Epoch 48/50, loss=0.0019, train_acc=0.9996, train_precision=0.9048, train_recall=0.8179, train_f1=0.8591, train_roc_auc=0.9965, train_pr_auc=0.8451, valid_acc=0.9995, valid_precision=0.8421, valid_recall=0.8421, valid_f1=0.8421, valid_roc_auc=0.9830, valid_pr_auc=0.8132
2026-08-21 22:49:10,309 - INFO - Epoch 49/50, loss=0.0019, train_acc=0.9996, train_precision=0.9025, train_recall=0.8278, train_f1=0.8636, train_roc_auc=0.9967, train_pr_auc=0.8298, valid_acc=0.9995, valid_precision=0.8421, valid_recall=0.8421, valid_f1=0.8421, valid_roc_auc=0.9831, valid_pr_auc=0.8159
2026-08-21 22:49:50,213 - INFO - Epoch 50/50, loss=0.0019, train_acc=0.9996, train_precision=0.9101, train_recall=0.8377, train_f1=0.8724, train_roc_auc=0.9970, train_pr_auc=0.8400, valid_acc=0.9995, valid_precision=0.8421, valid_recall=0.8421, valid_f1=0.8421, valid_roc_auc=0.9812, valid_pr_auc=0.8169
2026-08-21 22:49:50,245 - INFO - Best epoch: 28
2026-08-21 22:49:50,245 - INFO - Best validation PR-AUC: 0.8182
2026-08-21 22:49:50,245 - INFO - Fold 4 results:
2026-08-21 22:49:50,245 - INFO - accuracy: 0.9995
2026-08-21 22:49:50,245 - INFO - f1: 0.8477
2026-08-21 22:49:50,245 - INFO - pr_auc: 0.8182
2026-08-21 22:49:50,245 - INFO - precision: 0.8533
2026-08-21 22:49:50,245 - INFO - recall: 0.8421
2026-08-21 22:49:50,245 - INFO - roc_auc: 0.9815
2026-08-21 22:49:50,245 - INFO - Model saved to models/fraud_model_index_2_fold_4.pth
2026-08-21 22:49:50,245 - INFO - 
========== Fold 5/5 ==========
2026-08-21 22:50:29,038 - INFO - Epoch 1: new best validation PR-AUC = 0.7766
2026-08-21 22:50:29,052 - INFO - Epoch 1/50, loss=0.0188, train_acc=0.9970, train_precision=0.0000, train_recall=0.0000, train_f1=0.0000, train_roc_auc=0.9350, train_pr_auc=0.0975, valid_acc=0.9983, valid_precision=0.0000, valid_recall=0.0000, valid_f1=0.0000, valid_roc_auc=0.9929, valid_pr_auc=0.7766
2026-08-21 22:51:07,814 - INFO - Epoch 2: new best validation PR-AUC = 0.7841
2026-08-21 22:51:07,814 - INFO - Epoch 2/50, loss=0.0036, train_acc=0.9983, train_precision=0.0000, train_recall=0.0000, train_f1=0.0000, train_roc_auc=0.9793, train_pr_auc=0.7189, valid_acc=0.9983, valid_precision=0.0000, valid_recall=0.0000, valid_f1=0.0000, valid_roc_auc=0.9911, valid_pr_auc=0.7841
2026-08-21 22:51:46,932 - INFO - Epoch 3: new best validation PR-AUC = 0.7983
2026-08-21 22:51:46,932 - INFO - Epoch 3/50, loss=0.0034, train_acc=0.9991, train_precision=0.8670, train_recall=0.5397, train_f1=0.6653, train_roc_auc=0.9786, train_pr_auc=0.7477, valid_acc=0.9995, valid_precision=0.8630, valid_recall=0.8289, valid_f1=0.8456, valid_roc_auc=0.9948, valid_pr_auc=0.7983
2026-08-21 22:52:25,851 - INFO - Epoch 4: new best validation PR-AUC = 0.8071
2026-08-21 22:52:25,851 - INFO - Epoch 4/50, loss=0.0032, train_acc=0.9994, train_precision=0.8745, train_recall=0.7616, train_f1=0.8142, train_roc_auc=0.9850, train_pr_auc=0.7423, valid_acc=0.9995, valid_precision=0.8553, valid_recall=0.8553, valid_f1=0.8553, valid_roc_auc=0.9977, valid_pr_auc=0.8071
2026-08-21 22:53:05,377 - INFO - Epoch 5/50, loss=0.0031, train_acc=0.9994, train_precision=0.8387, train_recall=0.7748, train_f1=0.8055, train_roc_auc=0.9839, train_pr_auc=0.7635, valid_acc=0.9994, valid_precision=0.8148, valid_recall=0.8684, valid_f1=0.8408, valid_roc_auc=0.9966, valid_pr_auc=0.8009
2026-08-21 22:53:46,044 - INFO - Epoch 6: new best validation PR-AUC = 0.8136
2026-08-21 22:53:46,044 - INFO - Epoch 6/50, loss=0.0031, train_acc=0.9994, train_precision=0.8387, train_recall=0.7748, train_f1=0.8055, train_roc_auc=0.9790, train_pr_auc=0.7699, valid_acc=0.9994, valid_precision=0.8730, valid_recall=0.7237, valid_f1=0.7914, valid_roc_auc=0.9937, valid_pr_auc=0.8136
2026-08-21 22:54:29,118 - INFO - Epoch 7: new best validation PR-AUC = 0.8207
2026-08-21 22:54:29,118 - INFO - Epoch 7/50, loss=0.0028, train_acc=0.9994, train_precision=0.8545, train_recall=0.7781, train_f1=0.8146, train_roc_auc=0.9865, train_pr_auc=0.7723, valid_acc=0.9994, valid_precision=0.8125, valid_recall=0.8553, valid_f1=0.8333, valid_roc_auc=0.9948, valid_pr_auc=0.8207
2026-08-21 22:55:12,206 - INFO - Epoch 8: new best validation PR-AUC = 0.8270
2026-08-21 22:55:12,207 - INFO - Epoch 8/50, loss=0.0028, train_acc=0.9994, train_precision=0.8484, train_recall=0.7781, train_f1=0.8117, train_roc_auc=0.9842, train_pr_auc=0.7626, valid_acc=0.9995, valid_precision=0.8333, valid_recall=0.8553, valid_f1=0.8442, valid_roc_auc=0.9942, valid_pr_auc=0.8270
2026-08-21 22:55:50,085 - INFO - Epoch 9: new best validation PR-AUC = 0.8288
2026-08-21 22:55:50,085 - INFO - Epoch 9/50, loss=0.0027, train_acc=0.9994, train_precision=0.8484, train_recall=0.7781, train_f1=0.8117, train_roc_auc=0.9870, train_pr_auc=0.7660, valid_acc=0.9995, valid_precision=0.8333, valid_recall=0.8553, valid_f1=0.8442, valid_roc_auc=0.9952, valid_pr_auc=0.8288
2026-08-21 22:56:29,819 - INFO - Epoch 10/50, loss=0.0027, train_acc=0.9994, train_precision=0.8440, train_recall=0.7881, train_f1=0.8151, train_roc_auc=0.9846, train_pr_auc=0.7506, valid_acc=0.9995, valid_precision=0.8333, valid_recall=0.8553, valid_f1=0.8442, valid_roc_auc=0.9933, valid_pr_auc=0.8156
2026-08-21 22:57:08,890 - INFO - Epoch 11/50, loss=0.0026, train_acc=0.9994, train_precision=0.8380, train_recall=0.7881, train_f1=0.8123, train_roc_auc=0.9890, train_pr_auc=0.7913, valid_acc=0.9994, valid_precision=0.8228, valid_recall=0.8553, valid_f1=0.8387, valid_roc_auc=0.9955, valid_pr_auc=0.8261
2026-08-21 22:57:46,832 - INFO - Epoch 12: new best validation PR-AUC = 0.8518
2026-08-21 22:57:46,832 - INFO - Epoch 12/50, loss=0.0026, train_acc=0.9994, train_precision=0.8500, train_recall=0.7881, train_f1=0.8179, train_roc_auc=0.9861, train_pr_auc=0.8166, valid_acc=0.9996, valid_precision=0.8889, valid_recall=0.8421, valid_f1=0.8649, valid_roc_auc=0.9916, valid_pr_auc=0.8518
2026-08-21 22:58:24,926 - INFO - Epoch 13: new best validation PR-AUC = 0.8580
2026-08-21 22:58:24,927 - INFO - Epoch 13/50, loss=0.0025, train_acc=0.9994, train_precision=0.8592, train_recall=0.7881, train_f1=0.8221, train_roc_auc=0.9891, train_pr_auc=0.8431, valid_acc=0.9995, valid_precision=0.8649, valid_recall=0.8421, valid_f1=0.8533, valid_roc_auc=0.9952, valid_pr_auc=0.8580
2026-08-21 22:59:02,723 - INFO - Epoch 14: new best validation PR-AUC = 0.8637
2026-08-21 22:59:02,723 - INFO - Epoch 14/50, loss=0.0025, train_acc=0.9994, train_precision=0.8530, train_recall=0.7881, train_f1=0.8193, train_roc_auc=0.9881, train_pr_auc=0.8417, valid_acc=0.9995, valid_precision=0.8354, valid_recall=0.8684, valid_f1=0.8516, valid_roc_auc=0.9956, valid_pr_auc=0.8637
2026-08-21 22:59:39,758 - INFO - Epoch 15: new best validation PR-AUC = 0.8644
2026-08-21 22:59:39,758 - INFO - Epoch 15/50, loss=0.0024, train_acc=0.9994, train_precision=0.8451, train_recall=0.7947, train_f1=0.8191, train_roc_auc=0.9909, train_pr_auc=0.8461, valid_acc=0.9995, valid_precision=0.8272, valid_recall=0.8816, valid_f1=0.8535, valid_roc_auc=0.9961, valid_pr_auc=0.8644
2026-08-21 23:00:22,055 - INFO - Epoch 16/50, loss=0.0024, train_acc=0.9994, train_precision=0.8650, train_recall=0.7848, train_f1=0.8229, train_roc_auc=0.9921, train_pr_auc=0.8573, valid_acc=0.9995, valid_precision=0.8442, valid_recall=0.8553, valid_f1=0.8497, valid_roc_auc=0.9935, valid_pr_auc=0.8633
2026-08-21 23:00:49,735 - INFO - Epoch 17: new best validation PR-AUC = 0.8746
2026-08-21 23:00:49,735 - INFO - Epoch 17/50, loss=0.0024, train_acc=0.9994, train_precision=0.8659, train_recall=0.7914, train_f1=0.8270, train_roc_auc=0.9894, train_pr_auc=0.8609, valid_acc=0.9995, valid_precision=0.8571, valid_recall=0.8684, valid_f1=0.8627, valid_roc_auc=0.9939, valid_pr_auc=0.8746
2026-08-21 23:01:23,893 - INFO - Epoch 18/50, loss=0.0023, train_acc=0.9995, train_precision=0.8736, train_recall=0.8013, train_f1=0.8359, train_roc_auc=0.9909, train_pr_auc=0.8700, valid_acc=0.9995, valid_precision=0.8553, valid_recall=0.8553, valid_f1=0.8553, valid_roc_auc=0.9919, valid_pr_auc=0.8659
2026-08-21 23:02:04,327 - INFO - Epoch 19/50, loss=0.0023, train_acc=0.9995, train_precision=0.8839, train_recall=0.7815, train_f1=0.8295, train_roc_auc=0.9917, train_pr_auc=0.8544, valid_acc=0.9995, valid_precision=0.8955, valid_recall=0.7895, valid_f1=0.8392, valid_roc_auc=0.9947, valid_pr_auc=0.8665
2026-08-21 23:02:47,614 - INFO - Epoch 20/50, loss=0.0022, train_acc=0.9995, train_precision=0.8901, train_recall=0.8046, train_f1=0.8452, train_roc_auc=0.9932, train_pr_auc=0.8701, valid_acc=0.9996, valid_precision=0.8889, valid_recall=0.8421, valid_f1=0.8649, valid_roc_auc=0.9944, valid_pr_auc=0.8672
2026-08-21 23:03:31,838 - INFO - Epoch 21/50, loss=0.0020, train_acc=0.9995, train_precision=0.8996, train_recall=0.8013, train_f1=0.8476, train_roc_auc=0.9948, train_pr_auc=0.8877, valid_acc=0.9994, valid_precision=0.9180, valid_recall=0.7368, valid_f1=0.8175, valid_roc_auc=0.9954, valid_pr_auc=0.8626
2026-08-21 23:04:14,538 - INFO - Epoch 22/50, loss=0.0020, train_acc=0.9996, train_precision=0.9139, train_recall=0.8079, train_f1=0.8576, train_roc_auc=0.9955, train_pr_auc=0.8887, valid_acc=0.9996, valid_precision=0.8784, valid_recall=0.8553, valid_f1=0.8667, valid_roc_auc=0.9896, valid_pr_auc=0.8709
2026-08-21 23:04:55,933 - INFO - Epoch 23/50, loss=0.0019, train_acc=0.9996, train_precision=0.9145, train_recall=0.8146, train_f1=0.8616, train_roc_auc=0.9943, train_pr_auc=0.8984, valid_acc=0.9995, valid_precision=0.9219, valid_recall=0.7763, valid_f1=0.8429, valid_roc_auc=0.9945, valid_pr_auc=0.8718
2026-08-21 23:05:36,765 - INFO - Epoch 24/50, loss=0.0018, train_acc=0.9996, train_precision=0.9251, train_recall=0.8179, train_f1=0.8682, train_roc_auc=0.9964, train_pr_auc=0.9049, valid_acc=0.9996, valid_precision=0.8784, valid_recall=0.8553, valid_f1=0.8667, valid_roc_auc=0.9943, valid_pr_auc=0.8710
2026-08-21 23:06:15,355 - INFO - Epoch 25/50, loss=0.0018, train_acc=0.9996, train_precision=0.9245, train_recall=0.8113, train_f1=0.8642, train_roc_auc=0.9967, train_pr_auc=0.9042, valid_acc=0.9996, valid_precision=0.8784, valid_recall=0.8553, valid_f1=0.8667, valid_roc_auc=0.9944, valid_pr_auc=0.8718
2026-08-21 23:06:54,620 - INFO - Epoch 26/50, loss=0.0017, train_acc=0.9996, train_precision=0.9197, train_recall=0.8344, train_f1=0.8750, train_roc_auc=0.9970, train_pr_auc=0.9066, valid_acc=0.9995, valid_precision=0.8732, valid_recall=0.8158, valid_f1=0.8435, valid_roc_auc=0.9928, valid_pr_auc=0.8694
2026-08-21 23:07:33,323 - INFO - Epoch 27/50, loss=0.0017, train_acc=0.9996, train_precision=0.9301, train_recall=0.8377, train_f1=0.8815, train_roc_auc=0.9972, train_pr_auc=0.9136, valid_acc=0.9995, valid_precision=0.8732, valid_recall=0.8158, valid_f1=0.8435, valid_roc_auc=0.9938, valid_pr_auc=0.8711
2026-08-21 23:08:13,524 - INFO - Epoch 28/50, loss=0.0016, train_acc=0.9996, train_precision=0.9373, train_recall=0.8411, train_f1=0.8866, train_roc_auc=0.9980, train_pr_auc=0.9175, valid_acc=0.9995, valid_precision=0.9091, valid_recall=0.7895, valid_f1=0.8451, valid_roc_auc=0.9920, valid_pr_auc=0.8697
2026-08-21 23:08:52,506 - INFO - Epoch 29/50, loss=0.0017, train_acc=0.9996, train_precision=0.9405, train_recall=0.8377, train_f1=0.8862, train_roc_auc=0.9964, train_pr_auc=0.9168, valid_acc=0.9995, valid_precision=0.8750, valid_recall=0.8289, valid_f1=0.8514, valid_roc_auc=0.9927, valid_pr_auc=0.8715
2026-08-21 23:09:30,814 - INFO - Epoch 30/50, loss=0.0016, train_acc=0.9996, train_precision=0.9403, train_recall=0.8344, train_f1=0.8842, train_roc_auc=0.9970, train_pr_auc=0.9208, valid_acc=0.9995, valid_precision=0.8841, valid_recall=0.8026, valid_f1=0.8414, valid_roc_auc=0.9927, valid_pr_auc=0.8718
2026-08-21 23:10:16,016 - INFO - Epoch 31/50, loss=0.0016, train_acc=0.9996, train_precision=0.9474, train_recall=0.8344, train_f1=0.8873, train_roc_auc=0.9987, train_pr_auc=0.9219, valid_acc=0.9996, valid_precision=0.8784, valid_recall=0.8553, valid_f1=0.8667, valid_roc_auc=0.9917, valid_pr_auc=0.8719
2026-08-21 23:10:41,672 - INFO - Epoch 32/50, loss=0.0016, train_acc=0.9997, train_precision=0.9444, train_recall=0.8444, train_f1=0.8916, train_roc_auc=0.9959, train_pr_auc=0.9194, valid_acc=0.9995, valid_precision=0.8857, valid_recall=0.8158, valid_f1=0.8493, valid_roc_auc=0.9931, valid_pr_auc=0.8727
2026-08-21 23:10:56,689 - INFO - Epoch 33/50, loss=0.0016, train_acc=0.9997, train_precision=0.9545, train_recall=0.8344, train_f1=0.8905, train_roc_auc=0.9976, train_pr_auc=0.9226, valid_acc=0.9995, valid_precision=0.8857, valid_recall=0.8158, valid_f1=0.8493, valid_roc_auc=0.9909, valid_pr_auc=0.8714
2026-08-21 23:11:34,805 - INFO - Epoch 34/50, loss=0.0016, train_acc=0.9997, train_precision=0.9410, train_recall=0.8444, train_f1=0.8901, train_roc_auc=0.9981, train_pr_auc=0.9203, valid_acc=0.9995, valid_precision=0.8971, valid_recall=0.8026, valid_f1=0.8472, valid_roc_auc=0.9913, valid_pr_auc=0.8719
2026-08-21 23:12:12,640 - INFO - Epoch 35/50, loss=0.0016, train_acc=0.9997, train_precision=0.9522, train_recall=0.8576, train_f1=0.9024, train_roc_auc=0.9971, train_pr_auc=0.9222, valid_acc=0.9995, valid_precision=0.8857, valid_recall=0.8158, valid_f1=0.8493, valid_roc_auc=0.9930, valid_pr_auc=0.8728
2026-08-21 23:12:49,527 - INFO - Epoch 36/50, loss=0.0015, train_acc=0.9997, train_precision=0.9588, train_recall=0.8477, train_f1=0.8998, train_roc_auc=0.9981, train_pr_auc=0.9242, valid_acc=0.9995, valid_precision=0.8986, valid_recall=0.8158, valid_f1=0.8552, valid_roc_auc=0.9933, valid_pr_auc=0.8737
2026-08-21 23:13:27,538 - INFO - Epoch 37/50, loss=0.0016, train_acc=0.9997, train_precision=0.9480, train_recall=0.8444, train_f1=0.8932, train_roc_auc=0.9974, train_pr_auc=0.9225, valid_acc=0.9995, valid_precision=0.8986, valid_recall=0.8158, valid_f1=0.8552, valid_roc_auc=0.9937, valid_pr_auc=0.8733
2026-08-21 23:14:05,187 - INFO - Epoch 38/50, loss=0.0015, train_acc=0.9997, train_precision=0.9414, train_recall=0.8510, train_f1=0.8939, train_roc_auc=0.9980, train_pr_auc=0.9228, valid_acc=0.9995, valid_precision=0.8986, valid_recall=0.8158, valid_f1=0.8552, valid_roc_auc=0.9942, valid_pr_auc=0.8739
2026-08-21 23:14:43,992 - INFO - Epoch 39/50, loss=0.0015, train_acc=0.9997, train_precision=0.9662, train_recall=0.8510, train_f1=0.9049, train_roc_auc=0.9980, train_pr_auc=0.9254, valid_acc=0.9995, valid_precision=0.8971, valid_recall=0.8026, valid_f1=0.8472, valid_roc_auc=0.9924, valid_pr_auc=0.8731
2026-08-21 23:15:21,883 - INFO - Epoch 40: new best validation PR-AUC = 0.8752
2026-08-21 23:15:21,883 - INFO - Epoch 40/50, loss=0.0015, train_acc=0.9997, train_precision=0.9551, train_recall=0.8444, train_f1=0.8963, train_roc_auc=0.9983, train_pr_auc=0.9244, valid_acc=0.9995, valid_precision=0.8971, valid_recall=0.8026, valid_f1=0.8472, valid_roc_auc=0.9943, valid_pr_auc=0.8752
2026-08-21 23:15:59,539 - INFO - Epoch 41/50, loss=0.0016, train_acc=0.9997, train_precision=0.9478, train_recall=0.8411, train_f1=0.8912, train_roc_auc=0.9975, train_pr_auc=0.9232, valid_acc=0.9995, valid_precision=0.8971, valid_recall=0.8026, valid_f1=0.8472, valid_roc_auc=0.9915, valid_pr_auc=0.8717
2026-08-21 23:16:37,522 - INFO - Epoch 42/50, loss=0.0015, train_acc=0.9997, train_precision=0.9513, train_recall=0.8411, train_f1=0.8928, train_roc_auc=0.9986, train_pr_auc=0.9257, valid_acc=0.9995, valid_precision=0.8857, valid_recall=0.8158, valid_f1=0.8493, valid_roc_auc=0.9913, valid_pr_auc=0.8713
2026-08-21 23:17:15,323 - INFO - Epoch 43/50, loss=0.0015, train_acc=0.9997, train_precision=0.9520, train_recall=0.8543, train_f1=0.9005, train_roc_auc=0.9983, train_pr_auc=0.9245, valid_acc=0.9995, valid_precision=0.8986, valid_recall=0.8158, valid_f1=0.8552, valid_roc_auc=0.9920, valid_pr_auc=0.8727
2026-08-21 23:17:52,463 - INFO - Epoch 44/50, loss=0.0015, train_acc=0.9997, train_precision=0.9522, train_recall=0.8576, train_f1=0.9024, train_roc_auc=0.9983, train_pr_auc=0.9259, valid_acc=0.9995, valid_precision=0.8971, valid_recall=0.8026, valid_f1=0.8472, valid_roc_auc=0.9919, valid_pr_auc=0.8728
2026-08-21 23:18:30,333 - INFO - Epoch 45/50, loss=0.0014, train_acc=0.9997, train_precision=0.9556, train_recall=0.8543, train_f1=0.9021, train_roc_auc=0.9987, train_pr_auc=0.9311, valid_acc=0.9995, valid_precision=0.8857, valid_recall=0.8158, valid_f1=0.8493, valid_roc_auc=0.9915, valid_pr_auc=0.8715
2026-08-21 23:19:06,898 - INFO - Epoch 46/50, loss=0.0016, train_acc=0.9997, train_precision=0.9442, train_recall=0.8411, train_f1=0.8897, train_roc_auc=0.9976, train_pr_auc=0.9235, valid_acc=0.9995, valid_precision=0.8986, valid_recall=0.8158, valid_f1=0.8552, valid_roc_auc=0.9908, valid_pr_auc=0.8710
2026-08-21 23:19:43,382 - INFO - Epoch 47/50, loss=0.0015, train_acc=0.9997, train_precision=0.9481, train_recall=0.8477, train_f1=0.8951, train_roc_auc=0.9987, train_pr_auc=0.9259, valid_acc=0.9995, valid_precision=0.8971, valid_recall=0.8026, valid_f1=0.8472, valid_roc_auc=0.9927, valid_pr_auc=0.8721
2026-08-21 23:20:20,847 - INFO - Epoch 48/50, loss=0.0015, train_acc=0.9997, train_precision=0.9522, train_recall=0.8576, train_f1=0.9024, train_roc_auc=0.9978, train_pr_auc=0.9251, valid_acc=0.9995, valid_precision=0.8857, valid_recall=0.8158, valid_f1=0.8493, valid_roc_auc=0.9921, valid_pr_auc=0.8717
2026-08-21 23:20:58,662 - INFO - Epoch 49/50, loss=0.0015, train_acc=0.9996, train_precision=0.9375, train_recall=0.8444, train_f1=0.8885, train_roc_auc=0.9982, train_pr_auc=0.9281, valid_acc=0.9995, valid_precision=0.8986, valid_recall=0.8158, valid_f1=0.8552, valid_roc_auc=0.9952, valid_pr_auc=0.8745
2026-08-21 23:21:36,263 - INFO - Epoch 50/50, loss=0.0016, train_acc=0.9997, train_precision=0.9547, train_recall=0.8377, train_f1=0.8924, train_roc_auc=0.9983, train_pr_auc=0.9281, valid_acc=0.9995, valid_precision=0.8986, valid_recall=0.8158, valid_f1=0.8552, valid_roc_auc=0.9938, valid_pr_auc=0.8748
2026-08-21 23:21:36,273 - INFO - Best epoch: 40
2026-08-21 23:21:36,273 - INFO - Best validation PR-AUC: 0.8752
2026-08-21 23:21:36,273 - INFO - Fold 5 results:
2026-08-21 23:21:36,275 - INFO - accuracy: 0.9995
2026-08-21 23:21:36,275 - INFO - f1: 0.8472
2026-08-21 23:21:36,275 - INFO - pr_auc: 0.8752
2026-08-21 23:21:36,275 - INFO - precision: 0.8971
2026-08-21 23:21:36,275 - INFO - recall: 0.8026
2026-08-21 23:21:36,275 - INFO - roc_auc: 0.9943
2026-08-21 23:21:36,275 - INFO - Model saved to models/fraud_model_index_2_fold_5.pth
2026-08-21 23:21:36,275 - INFO - ================== Training Model 3 ==================
2026-08-21 23:21:36,363 - INFO - 
========== Fold 1/5 ==========
2026-08-21 23:22:14,881 - INFO - Epoch 1: new best validation PR-AUC = 0.7346
2026-08-21 23:22:14,881 - INFO - Epoch 1/50, loss=0.0163, train_acc=0.9983, train_precision=0.0000, train_recall=0.0000, train_f1=0.0000, train_roc_auc=0.9443, train_pr_auc=0.1906, valid_acc=0.9983, valid_precision=0.0000, valid_recall=0.0000, valid_f1=0.0000, valid_roc_auc=0.9511, valid_pr_auc=0.7346
2026-08-21 23:22:52,861 - INFO - Epoch 2: new best validation PR-AUC = 0.7556
2026-08-21 23:22:52,861 - INFO - Epoch 2/50, loss=0.0035, train_acc=0.9983, train_precision=0.7500, train_recall=0.0099, train_f1=0.0195, train_roc_auc=0.9804, train_pr_auc=0.7196, valid_acc=0.9987, valid_precision=0.8400, valid_recall=0.2800, valid_f1=0.4200, valid_roc_auc=0.9769, valid_pr_auc=0.7556
2026-08-21 23:23:31,526 - INFO - Epoch 3: new best validation PR-AUC = 0.7733
2026-08-21 23:23:31,527 - INFO - Epoch 3/50, loss=0.0032, train_acc=0.9991, train_precision=0.8495, train_recall=0.5776, train_f1=0.6876, train_roc_auc=0.9833, train_pr_auc=0.7292, valid_acc=0.9994, valid_precision=0.9000, valid_recall=0.7200, valid_f1=0.8000, valid_roc_auc=0.9691, valid_pr_auc=0.7733
2026-08-21 23:24:09,285 - INFO - Epoch 4/50, loss=0.0031, train_acc=0.9994, train_precision=0.8223, train_recall=0.7789, train_f1=0.8000, train_roc_auc=0.9892, train_pr_auc=0.7614, valid_acc=0.9995, valid_precision=0.9091, valid_recall=0.8000, valid_f1=0.8511, valid_roc_auc=0.9773, valid_pr_auc=0.7552
2026-08-21 23:24:47,783 - INFO - Epoch 5/50, loss=0.0029, train_acc=0.9994, train_precision=0.8339, train_recall=0.7954, train_f1=0.8142, train_roc_auc=0.9906, train_pr_auc=0.7808, valid_acc=0.9995, valid_precision=0.8824, valid_recall=0.8000, valid_f1=0.8392, valid_roc_auc=0.9752, valid_pr_auc=0.7604
2026-08-21 23:25:25,306 - INFO - Epoch 6/50, loss=0.0028, train_acc=0.9994, train_precision=0.8203, train_recall=0.7987, train_f1=0.8094, train_roc_auc=0.9888, train_pr_auc=0.7510, valid_acc=0.9995, valid_precision=0.9062, valid_recall=0.7733, valid_f1=0.8345, valid_roc_auc=0.9717, valid_pr_auc=0.7651
2026-08-21 23:26:02,210 - INFO - Epoch 7: new best validation PR-AUC = 0.7772
2026-08-21 23:26:02,211 - INFO - Epoch 7/50, loss=0.0026, train_acc=0.9994, train_precision=0.8440, train_recall=0.7855, train_f1=0.8137, train_roc_auc=0.9877, train_pr_auc=0.7732, valid_acc=0.9995, valid_precision=0.8824, valid_recall=0.8000, valid_f1=0.8392, valid_roc_auc=0.9748, valid_pr_auc=0.7772
2026-08-21 23:26:39,453 - INFO - Epoch 8/50, loss=0.0026, train_acc=0.9994, train_precision=0.8259, train_recall=0.7987, train_f1=0.8121, train_roc_auc=0.9914, train_pr_auc=0.7806, valid_acc=0.9995, valid_precision=0.8955, valid_recall=0.8000, valid_f1=0.8451, valid_roc_auc=0.9718, valid_pr_auc=0.7749
2026-08-21 23:27:16,471 - INFO - Epoch 9: new best validation PR-AUC = 0.7798
2026-08-21 23:27:16,472 - INFO - Epoch 9/50, loss=0.0025, train_acc=0.9994, train_precision=0.8456, train_recall=0.7954, train_f1=0.8197, train_roc_auc=0.9925, train_pr_auc=0.7680, valid_acc=0.9995, valid_precision=0.8955, valid_recall=0.8000, valid_f1=0.8451, valid_roc_auc=0.9720, valid_pr_auc=0.7798
2026-08-21 23:27:53,631 - INFO - Epoch 10: new best validation PR-AUC = 0.7859
2026-08-21 23:27:53,632 - INFO - Epoch 10/50, loss=0.0024, train_acc=0.9994, train_precision=0.8516, train_recall=0.7954, train_f1=0.8225, train_roc_auc=0.9932, train_pr_auc=0.7681, valid_acc=0.9995, valid_precision=0.8955, valid_recall=0.8000, valid_f1=0.8451, valid_roc_auc=0.9709, valid_pr_auc=0.7859
2026-08-21 23:28:31,442 - INFO - Epoch 11/50, loss=0.0024, train_acc=0.9994, train_precision=0.8293, train_recall=0.7855, train_f1=0.8068, train_roc_auc=0.9925, train_pr_auc=0.7656, valid_acc=0.9995, valid_precision=0.9091, valid_recall=0.8000, valid_f1=0.8511, valid_roc_auc=0.9710, valid_pr_auc=0.7831
2026-08-21 23:29:09,053 - INFO - Epoch 12: new best validation PR-AUC = 0.7892
2026-08-21 23:29:09,053 - INFO - Epoch 12/50, loss=0.0024, train_acc=0.9994, train_precision=0.8582, train_recall=0.7987, train_f1=0.8274, train_roc_auc=0.9919, train_pr_auc=0.7798, valid_acc=0.9995, valid_precision=0.8955, valid_recall=0.8000, valid_f1=0.8451, valid_roc_auc=0.9716, valid_pr_auc=0.7892
2026-08-21 23:29:32,309 - INFO - Epoch 13: new best validation PR-AUC = 0.8031
2026-08-21 23:29:32,309 - INFO - Epoch 13/50, loss=0.0024, train_acc=0.9994, train_precision=0.8516, train_recall=0.7954, train_f1=0.8225, train_roc_auc=0.9905, train_pr_auc=0.7918, valid_acc=0.9995, valid_precision=0.9062, valid_recall=0.7733, valid_f1=0.8345, valid_roc_auc=0.9703, valid_pr_auc=0.8031
2026-08-21 23:29:48,190 - INFO - Epoch 14/50, loss=0.0023, train_acc=0.9994, train_precision=0.8638, train_recall=0.7954, train_f1=0.8282, train_roc_auc=0.9919, train_pr_auc=0.8144, valid_acc=0.9995, valid_precision=0.8971, valid_recall=0.8133, valid_f1=0.8531, valid_roc_auc=0.9741, valid_pr_auc=0.7944
2026-08-21 23:30:08,164 - INFO - Epoch 15/50, loss=0.0023, train_acc=0.9995, train_precision=0.8750, train_recall=0.8086, train_f1=0.8405, train_roc_auc=0.9901, train_pr_auc=0.7928, valid_acc=0.9995, valid_precision=0.8841, valid_recall=0.8133, valid_f1=0.8472, valid_roc_auc=0.9745, valid_pr_auc=0.7916
2026-08-21 23:30:44,521 - INFO - Epoch 16: new best validation PR-AUC = 0.8080
2026-08-21 23:30:44,521 - INFO - Epoch 16/50, loss=0.0022, train_acc=0.9995, train_precision=0.8652, train_recall=0.8053, train_f1=0.8342, train_roc_auc=0.9921, train_pr_auc=0.8248, valid_acc=0.9995, valid_precision=0.9194, valid_recall=0.7600, valid_f1=0.8321, valid_roc_auc=0.9673, valid_pr_auc=0.8080
2026-08-21 23:31:20,941 - INFO - Epoch 17: new best validation PR-AUC = 0.8235
2026-08-21 23:31:20,941 - INFO - Epoch 17/50, loss=0.0023, train_acc=0.9995, train_precision=0.8746, train_recall=0.8053, train_f1=0.8385, train_roc_auc=0.9921, train_pr_auc=0.8272, valid_acc=0.9995, valid_precision=0.8955, valid_recall=0.8000, valid_f1=0.8451, valid_roc_auc=0.9750, valid_pr_auc=0.8235
2026-08-21 23:31:57,639 - INFO - Epoch 18: new best validation PR-AUC = 0.8262
2026-08-21 23:31:57,639 - INFO - Epoch 18/50, loss=0.0022, train_acc=0.9995, train_precision=0.8741, train_recall=0.8020, train_f1=0.8365, train_roc_auc=0.9945, train_pr_auc=0.8539, valid_acc=0.9994, valid_precision=0.9167, valid_recall=0.7333, valid_f1=0.8148, valid_roc_auc=0.9682, valid_pr_auc=0.8262
2026-08-21 23:32:35,421 - INFO - Epoch 19: new best validation PR-AUC = 0.8300
2026-08-21 23:32:35,421 - INFO - Epoch 19/50, loss=0.0021, train_acc=0.9995, train_precision=0.8799, train_recall=0.8218, train_f1=0.8498, train_roc_auc=0.9943, train_pr_auc=0.8647, valid_acc=0.9994, valid_precision=0.8529, valid_recall=0.7733, valid_f1=0.8112, valid_roc_auc=0.9658, valid_pr_auc=0.8300
2026-08-21 23:33:12,192 - INFO - Epoch 20: new best validation PR-AUC = 0.8361
2026-08-21 23:33:12,192 - INFO - Epoch 20/50, loss=0.0020, train_acc=0.9995, train_precision=0.9108, train_recall=0.8086, train_f1=0.8566, train_roc_auc=0.9940, train_pr_auc=0.8810, valid_acc=0.9995, valid_precision=0.8955, valid_recall=0.8000, valid_f1=0.8451, valid_roc_auc=0.9664, valid_pr_auc=0.8361
2026-08-21 23:33:40,891 - INFO - Epoch 21: new best validation PR-AUC = 0.8466
2026-08-21 23:33:40,891 - INFO - Epoch 21/50, loss=0.0020, train_acc=0.9995, train_precision=0.8881, train_recall=0.8119, train_f1=0.8483, train_roc_auc=0.9961, train_pr_auc=0.8759, valid_acc=0.9995, valid_precision=0.9355, valid_recall=0.7733, valid_f1=0.8467, valid_roc_auc=0.9664, valid_pr_auc=0.8466
2026-08-21 23:34:17,074 - INFO - Epoch 22/50, loss=0.0020, train_acc=0.9995, train_precision=0.9018, train_recall=0.8185, train_f1=0.8581, train_roc_auc=0.9962, train_pr_auc=0.8822, valid_acc=0.9995, valid_precision=0.9344, valid_recall=0.7600, valid_f1=0.8382, valid_roc_auc=0.9672, valid_pr_auc=0.8362
2026-08-21 23:34:54,588 - INFO - Epoch 23/50, loss=0.0020, train_acc=0.9996, train_precision=0.9111, train_recall=0.8119, train_f1=0.8586, train_roc_auc=0.9955, train_pr_auc=0.8874, valid_acc=0.9995, valid_precision=0.9219, valid_recall=0.7867, valid_f1=0.8489, valid_roc_auc=0.9610, valid_pr_auc=0.8358
2026-08-21 23:35:31,543 - INFO - Epoch 24/50, loss=0.0019, train_acc=0.9995, train_precision=0.9077, train_recall=0.8119, train_f1=0.8571, train_roc_auc=0.9960, train_pr_auc=0.8918, valid_acc=0.9996, valid_precision=0.9385, valid_recall=0.8133, valid_f1=0.8714, valid_roc_auc=0.9613, valid_pr_auc=0.8363
2026-08-21 23:35:55,545 - INFO - Epoch 25: new best validation PR-AUC = 0.8484
2026-08-21 23:35:55,545 - INFO - Epoch 25/50, loss=0.0017, train_acc=0.9996, train_precision=0.9407, train_recall=0.8383, train_f1=0.8866, train_roc_auc=0.9975, train_pr_auc=0.9095, valid_acc=0.9996, valid_precision=0.9365, valid_recall=0.7867, valid_f1=0.8551, valid_roc_auc=0.9593, valid_pr_auc=0.8484
2026-08-21 23:36:24,859 - INFO - Epoch 26/50, loss=0.0017, train_acc=0.9996, train_precision=0.9278, train_recall=0.8482, train_f1=0.8862, train_roc_auc=0.9978, train_pr_auc=0.9090, valid_acc=0.9995, valid_precision=0.9483, valid_recall=0.7333, valid_f1=0.8271, valid_roc_auc=0.9640, valid_pr_auc=0.8404
2026-08-21 23:36:45,187 - INFO - Epoch 27/50, loss=0.0017, train_acc=0.9996, train_precision=0.9239, train_recall=0.8416, train_f1=0.8808, train_roc_auc=0.9952, train_pr_auc=0.9119, valid_acc=0.9995, valid_precision=0.9344, valid_recall=0.7600, valid_f1=0.8382, valid_roc_auc=0.9622, valid_pr_auc=0.8462
2026-08-21 23:36:58,874 - INFO - Epoch 28/50, loss=0.0016, train_acc=0.9996, train_precision=0.9301, train_recall=0.8350, train_f1=0.8800, train_roc_auc=0.9977, train_pr_auc=0.9201, valid_acc=0.9995, valid_precision=0.9355, valid_recall=0.7733, valid_f1=0.8467, valid_roc_auc=0.9602, valid_pr_auc=0.8461
2026-08-21 23:37:12,705 - INFO - Epoch 29: new best validation PR-AUC = 0.8484
2026-08-21 23:37:12,705 - INFO - Epoch 29/50, loss=0.0016, train_acc=0.9997, train_precision=0.9449, train_recall=0.8482, train_f1=0.8939, train_roc_auc=0.9977, train_pr_auc=0.9193, valid_acc=0.9995, valid_precision=0.9344, valid_recall=0.7600, valid_f1=0.8382, valid_roc_auc=0.9547, valid_pr_auc=0.8484
2026-08-21 23:37:26,550 - INFO - Epoch 30: new best validation PR-AUC = 0.8487
2026-08-21 23:37:26,550 - INFO - Epoch 30/50, loss=0.0015, train_acc=0.9997, train_precision=0.9388, train_recall=0.8614, train_f1=0.8985, train_roc_auc=0.9980, train_pr_auc=0.9280, valid_acc=0.9995, valid_precision=0.9333, valid_recall=0.7467, valid_f1=0.8296, valid_roc_auc=0.9565, valid_pr_auc=0.8487
2026-08-21 23:37:40,030 - INFO - Epoch 31/50, loss=0.0015, train_acc=0.9997, train_precision=0.9422, train_recall=0.8614, train_f1=0.9000, train_roc_auc=0.9969, train_pr_auc=0.9309, valid_acc=0.9995, valid_precision=0.9821, valid_recall=0.7333, valid_f1=0.8397, valid_roc_auc=0.9548, valid_pr_auc=0.8466
2026-08-21 23:37:53,990 - INFO - Epoch 32: new best validation PR-AUC = 0.8535
2026-08-21 23:37:53,990 - INFO - Epoch 32/50, loss=0.0015, train_acc=0.9997, train_precision=0.9487, train_recall=0.8548, train_f1=0.8993, train_roc_auc=0.9983, train_pr_auc=0.9286, valid_acc=0.9995, valid_precision=0.9355, valid_recall=0.7733, valid_f1=0.8467, valid_roc_auc=0.9583, valid_pr_auc=0.8535
2026-08-21 23:38:06,807 - INFO - Epoch 33/50, loss=0.0014, train_acc=0.9997, train_precision=0.9498, train_recall=0.8746, train_f1=0.9107, train_roc_auc=0.9986, train_pr_auc=0.9281, valid_acc=0.9995, valid_precision=0.9355, valid_recall=0.7733, valid_f1=0.8467, valid_roc_auc=0.9556, valid_pr_auc=0.8491
2026-08-21 23:38:19,823 - INFO - Epoch 34/50, loss=0.0014, train_acc=0.9997, train_precision=0.9496, train_recall=0.8713, train_f1=0.9088, train_roc_auc=0.9985, train_pr_auc=0.9290, valid_acc=0.9995, valid_precision=0.9500, valid_recall=0.7600, valid_f1=0.8444, valid_roc_auc=0.9547, valid_pr_auc=0.8446
2026-08-21 23:38:33,629 - INFO - Epoch 35/50, loss=0.0014, train_acc=0.9997, train_precision=0.9495, train_recall=0.8680, train_f1=0.9069, train_roc_auc=0.9973, train_pr_auc=0.9363, valid_acc=0.9995, valid_precision=0.9344, valid_recall=0.7600, valid_f1=0.8382, valid_roc_auc=0.9549, valid_pr_auc=0.8520
2026-08-21 23:38:46,757 - INFO - Epoch 36: new best validation PR-AUC = 0.8537
2026-08-21 23:38:46,758 - INFO - Epoch 36/50, loss=0.0013, train_acc=0.9997, train_precision=0.9464, train_recall=0.8746, train_f1=0.9091, train_roc_auc=0.9991, train_pr_auc=0.9330, valid_acc=0.9995, valid_precision=0.9355, valid_recall=0.7733, valid_f1=0.8467, valid_roc_auc=0.9526, valid_pr_auc=0.8537
2026-08-21 23:38:59,844 - INFO - Epoch 37/50, loss=0.0013, train_acc=0.9997, train_precision=0.9597, train_recall=0.8647, train_f1=0.9097, train_roc_auc=0.9992, train_pr_auc=0.9380, valid_acc=0.9995, valid_precision=0.9355, valid_recall=0.7733, valid_f1=0.8467, valid_roc_auc=0.9513, valid_pr_auc=0.8499
2026-08-21 23:39:13,810 - INFO - Epoch 38/50, loss=0.0014, train_acc=0.9997, train_precision=0.9632, train_recall=0.8647, train_f1=0.9113, train_roc_auc=0.9976, train_pr_auc=0.9375, valid_acc=0.9995, valid_precision=0.9355, valid_recall=0.7733, valid_f1=0.8467, valid_roc_auc=0.9496, valid_pr_auc=0.8507
2026-08-21 23:39:27,996 - INFO - Epoch 39: new best validation PR-AUC = 0.8539
2026-08-21 23:39:27,996 - INFO - Epoch 39/50, loss=0.0013, train_acc=0.9997, train_precision=0.9455, train_recall=0.8581, train_f1=0.8997, train_roc_auc=0.9989, train_pr_auc=0.9384, valid_acc=0.9995, valid_precision=0.9500, valid_recall=0.7600, valid_f1=0.8444, valid_roc_auc=0.9551, valid_pr_auc=0.8539
2026-08-21 23:39:41,841 - INFO - Epoch 40: new best validation PR-AUC = 0.8553
2026-08-21 23:39:41,841 - INFO - Epoch 40/50, loss=0.0013, train_acc=0.9997, train_precision=0.9536, train_recall=0.8812, train_f1=0.9160, train_roc_auc=0.9985, train_pr_auc=0.9374, valid_acc=0.9995, valid_precision=0.9500, valid_recall=0.7600, valid_f1=0.8444, valid_roc_auc=0.9551, valid_pr_auc=0.8553
2026-08-21 23:39:55,516 - INFO - Epoch 41/50, loss=0.0013, train_acc=0.9997, train_precision=0.9455, train_recall=0.8581, train_f1=0.8997, train_roc_auc=0.9992, train_pr_auc=0.9390, valid_acc=0.9996, valid_precision=0.9508, valid_recall=0.7733, valid_f1=0.8529, valid_roc_auc=0.9477, valid_pr_auc=0.8481
2026-08-21 23:40:08,712 - INFO - Epoch 42/50, loss=0.0013, train_acc=0.9997, train_precision=0.9564, train_recall=0.8680, train_f1=0.9100, train_roc_auc=0.9977, train_pr_auc=0.9439, valid_acc=0.9995, valid_precision=0.9206, valid_recall=0.7733, valid_f1=0.8406, valid_roc_auc=0.9525, valid_pr_auc=0.8538
2026-08-21 23:40:22,534 - INFO - Epoch 43: new best validation PR-AUC = 0.8563
2026-08-21 23:40:22,534 - INFO - Epoch 43/50, loss=0.0013, train_acc=0.9997, train_precision=0.9599, train_recall=0.8680, train_f1=0.9116, train_roc_auc=0.9991, train_pr_auc=0.9394, valid_acc=0.9995, valid_precision=0.9344, valid_recall=0.7600, valid_f1=0.8382, valid_roc_auc=0.9531, valid_pr_auc=0.8563
2026-08-21 23:40:36,626 - INFO - Epoch 44/50, loss=0.0013, train_acc=0.9997, train_precision=0.9489, train_recall=0.8581, train_f1=0.9012, train_roc_auc=0.9980, train_pr_auc=0.9430, valid_acc=0.9995, valid_precision=0.9355, valid_recall=0.7733, valid_f1=0.8467, valid_roc_auc=0.9487, valid_pr_auc=0.8522
2026-08-21 23:40:50,807 - INFO - Epoch 45: new best validation PR-AUC = 0.8564
2026-08-21 23:40:50,807 - INFO - Epoch 45/50, loss=0.0012, train_acc=0.9997, train_precision=0.9537, train_recall=0.8845, train_f1=0.9178, train_roc_auc=0.9989, train_pr_auc=0.9430, valid_acc=0.9995, valid_precision=0.9355, valid_recall=0.7733, valid_f1=0.8467, valid_roc_auc=0.9498, valid_pr_auc=0.8564
2026-08-21 23:41:04,308 - INFO - Epoch 46/50, loss=0.0012, train_acc=0.9997, train_precision=0.9502, train_recall=0.8812, train_f1=0.9144, train_roc_auc=0.9989, train_pr_auc=0.9438, valid_acc=0.9995, valid_precision=0.9355, valid_recall=0.7733, valid_f1=0.8467, valid_roc_auc=0.9534, valid_pr_auc=0.8528
2026-08-21 23:41:17,607 - INFO - Epoch 47/50, loss=0.0012, train_acc=0.9997, train_precision=0.9634, train_recall=0.8680, train_f1=0.9132, train_roc_auc=0.9988, train_pr_auc=0.9446, valid_acc=0.9996, valid_precision=0.9508, valid_recall=0.7733, valid_f1=0.8529, valid_roc_auc=0.9495, valid_pr_auc=0.8535
2026-08-21 23:41:31,452 - INFO - Epoch 48/50, loss=0.0013, train_acc=0.9997, train_precision=0.9594, train_recall=0.8581, train_f1=0.9059, train_roc_auc=0.9988, train_pr_auc=0.9417, valid_acc=0.9996, valid_precision=0.9508, valid_recall=0.7733, valid_f1=0.8529, valid_roc_auc=0.9492, valid_pr_auc=0.8550
2026-08-21 23:41:45,722 - INFO - Epoch 49/50, loss=0.0012, train_acc=0.9997, train_precision=0.9670, train_recall=0.8713, train_f1=0.9167, train_roc_auc=0.9994, train_pr_auc=0.9515, valid_acc=0.9995, valid_precision=0.9355, valid_recall=0.7733, valid_f1=0.8467, valid_roc_auc=0.9471, valid_pr_auc=0.8517
2026-08-21 23:42:00,144 - INFO - Epoch 50/50, loss=0.0012, train_acc=0.9997, train_precision=0.9532, train_recall=0.8746, train_f1=0.9122, train_roc_auc=0.9992, train_pr_auc=0.9489, valid_acc=0.9996, valid_precision=0.9508, valid_recall=0.7733, valid_f1=0.8529, valid_roc_auc=0.9514, valid_pr_auc=0.8534
2026-08-21 23:42:00,157 - INFO - Best epoch: 45
2026-08-21 23:42:00,157 - INFO - Best validation PR-AUC: 0.8564
2026-08-21 23:42:00,157 - INFO - Fold 1 results:
2026-08-21 23:42:00,157 - INFO - accuracy: 0.9995
2026-08-21 23:42:00,157 - INFO - f1: 0.8467
2026-08-21 23:42:00,157 - INFO - pr_auc: 0.8564
2026-08-21 23:42:00,157 - INFO - precision: 0.9355
2026-08-21 23:42:00,157 - INFO - recall: 0.7733
2026-08-21 23:42:00,157 - INFO - roc_auc: 0.9498
2026-08-21 23:42:00,157 - INFO - Model saved to models/fraud_model_index_3_fold_1.pth
2026-08-21 23:42:00,160 - INFO - 
========== Fold 2/5 ==========
2026-08-21 23:42:15,340 - INFO - Epoch 1: new best validation PR-AUC = 0.7910
2026-08-21 23:42:15,340 - INFO - Epoch 1/50, loss=0.0168, train_acc=0.9981, train_precision=0.0000, train_recall=0.0000, train_f1=0.0000, train_roc_auc=0.9385, train_pr_auc=0.1034, valid_acc=0.9983, valid_precision=0.0000, valid_recall=0.0000, valid_f1=0.0000, valid_roc_auc=0.9731, valid_pr_auc=0.7910
2026-08-21 23:42:27,824 - INFO - Epoch 2/50, loss=0.0036, train_acc=0.9984, train_precision=0.8750, train_recall=0.0462, train_f1=0.0878, train_roc_auc=0.9799, train_pr_auc=0.7325, valid_acc=0.9983, valid_precision=0.0000, valid_recall=0.0000, valid_f1=0.0000, valid_roc_auc=0.9752, valid_pr_auc=0.7702
2026-08-21 23:42:41,221 - INFO - Epoch 3/50, loss=0.0032, train_acc=0.9994, train_precision=0.8534, train_recall=0.7492, train_f1=0.7979, train_roc_auc=0.9845, train_pr_auc=0.7513, valid_acc=0.9995, valid_precision=0.8955, valid_recall=0.8000, valid_f1=0.8451, valid_roc_auc=0.9621, valid_pr_auc=0.7776
2026-08-21 23:42:52,849 - INFO - Epoch 4/50, loss=0.0029, train_acc=0.9994, train_precision=0.8451, train_recall=0.7921, train_f1=0.8177, train_roc_auc=0.9859, train_pr_auc=0.7253, valid_acc=0.9995, valid_precision=0.8714, valid_recall=0.8133, valid_f1=0.8414, valid_roc_auc=0.9712, valid_pr_auc=0.7684
2026-08-21 23:43:06,598 - INFO - Epoch 5/50, loss=0.0027, train_acc=0.9994, train_precision=0.8345, train_recall=0.7987, train_f1=0.8162, train_roc_auc=0.9906, train_pr_auc=0.7527, valid_acc=0.9995, valid_precision=0.9062, valid_recall=0.7733, valid_f1=0.8345, valid_roc_auc=0.9783, valid_pr_auc=0.7775
2026-08-21 23:43:19,293 - INFO - Epoch 6/50, loss=0.0026, train_acc=0.9994, train_precision=0.8397, train_recall=0.7954, train_f1=0.8169, train_roc_auc=0.9916, train_pr_auc=0.7633, valid_acc=0.9995, valid_precision=0.8955, valid_recall=0.8000, valid_f1=0.8451, valid_roc_auc=0.9795, valid_pr_auc=0.7766
2026-08-21 23:43:32,780 - INFO - Epoch 7/50, loss=0.0026, train_acc=0.9994, train_precision=0.8380, train_recall=0.7855, train_f1=0.8109, train_roc_auc=0.9906, train_pr_auc=0.7576, valid_acc=0.9994, valid_precision=0.8788, valid_recall=0.7733, valid_f1=0.8227, valid_roc_auc=0.9753, valid_pr_auc=0.7861
2026-08-21 23:43:47,371 - INFO - Epoch 8: new best validation PR-AUC = 0.7922
2026-08-21 23:43:47,371 - INFO - Epoch 8/50, loss=0.0025, train_acc=0.9994, train_precision=0.8607, train_recall=0.7954, train_f1=0.8268, train_roc_auc=0.9922, train_pr_auc=0.7868, valid_acc=0.9995, valid_precision=0.9048, valid_recall=0.7600, valid_f1=0.8261, valid_roc_auc=0.9767, valid_pr_auc=0.7922
2026-08-21 23:44:00,240 - INFO - Epoch 9/50, loss=0.0024, train_acc=0.9994, train_precision=0.8664, train_recall=0.7921, train_f1=0.8276, train_roc_auc=0.9930, train_pr_auc=0.7871, valid_acc=0.9995, valid_precision=0.9048, valid_recall=0.7600, valid_f1=0.8261, valid_roc_auc=0.9786, valid_pr_auc=0.7889
2026-08-21 23:44:14,068 - INFO - Epoch 10: new best validation PR-AUC = 0.7999
2026-08-21 23:44:14,068 - INFO - Epoch 10/50, loss=0.0023, train_acc=0.9994, train_precision=0.8602, train_recall=0.7921, train_f1=0.8247, train_roc_auc=0.9932, train_pr_auc=0.7899, valid_acc=0.9995, valid_precision=0.9062, valid_recall=0.7733, valid_f1=0.8345, valid_roc_auc=0.9773, valid_pr_auc=0.7999
2026-08-21 23:44:27,238 - INFO - Epoch 11: new best validation PR-AUC = 0.8004
2026-08-21 23:44:27,238 - INFO - Epoch 11/50, loss=0.0023, train_acc=0.9995, train_precision=0.8648, train_recall=0.8020, train_f1=0.8322, train_roc_auc=0.9940, train_pr_auc=0.7949, valid_acc=0.9995, valid_precision=0.9048, valid_recall=0.7600, valid_f1=0.8261, valid_roc_auc=0.9776, valid_pr_auc=0.8004
2026-08-21 23:44:40,684 - INFO - Epoch 12: new best validation PR-AUC = 0.8027
2026-08-21 23:44:40,684 - INFO - Epoch 12/50, loss=0.0023, train_acc=0.9995, train_precision=0.8736, train_recall=0.7987, train_f1=0.8345, train_roc_auc=0.9935, train_pr_auc=0.7930, valid_acc=0.9995, valid_precision=0.9062, valid_recall=0.7733, valid_f1=0.8345, valid_roc_auc=0.9770, valid_pr_auc=0.8027
2026-08-21 23:44:54,235 - INFO - Epoch 13: new best validation PR-AUC = 0.8085
2026-08-21 23:44:54,235 - INFO - Epoch 13/50, loss=0.0023, train_acc=0.9995, train_precision=0.8683, train_recall=0.8053, train_f1=0.8356, train_roc_auc=0.9944, train_pr_auc=0.8020, valid_acc=0.9995, valid_precision=0.9091, valid_recall=0.8000, valid_f1=0.8511, valid_roc_auc=0.9763, valid_pr_auc=0.8085
2026-08-21 23:45:06,990 - INFO - Epoch 14/50, loss=0.0022, train_acc=0.9995, train_precision=0.8669, train_recall=0.7954, train_f1=0.8296, train_roc_auc=0.9946, train_pr_auc=0.8052, valid_acc=0.9995, valid_precision=0.8824, valid_recall=0.8000, valid_f1=0.8392, valid_roc_auc=0.9760, valid_pr_auc=0.8054
2026-08-21 23:45:19,791 - INFO - Epoch 15: new best validation PR-AUC = 0.8126
2026-08-21 23:45:19,791 - INFO - Epoch 15/50, loss=0.0022, train_acc=0.9995, train_precision=0.8732, train_recall=0.8185, train_f1=0.8450, train_roc_auc=0.9942, train_pr_auc=0.8018, valid_acc=0.9995, valid_precision=0.8824, valid_recall=0.8000, valid_f1=0.8392, valid_roc_auc=0.9790, valid_pr_auc=0.8126
2026-08-21 23:45:33,252 - INFO - Epoch 16: new best validation PR-AUC = 0.8156
2026-08-21 23:45:33,252 - INFO - Epoch 16/50, loss=0.0022, train_acc=0.9995, train_precision=0.8777, train_recall=0.8053, train_f1=0.8399, train_roc_auc=0.9937, train_pr_auc=0.8209, valid_acc=0.9995, valid_precision=0.9048, valid_recall=0.7600, valid_f1=0.8261, valid_roc_auc=0.9826, valid_pr_auc=0.8156
2026-08-21 23:45:45,403 - INFO - Epoch 17/50, loss=0.0021, train_acc=0.9995, train_precision=0.8790, train_recall=0.8152, train_f1=0.8459, train_roc_auc=0.9951, train_pr_auc=0.8259, valid_acc=0.9995, valid_precision=0.9062, valid_recall=0.7733, valid_f1=0.8345, valid_roc_auc=0.9797, valid_pr_auc=0.8108
2026-08-21 23:45:58,958 - INFO - Epoch 18: new best validation PR-AUC = 0.8215
2026-08-21 23:45:58,958 - INFO - Epoch 18/50, loss=0.0021, train_acc=0.9995, train_precision=0.8773, train_recall=0.8020, train_f1=0.8379, train_roc_auc=0.9955, train_pr_auc=0.8318, valid_acc=0.9995, valid_precision=0.8955, valid_recall=0.8000, valid_f1=0.8451, valid_roc_auc=0.9763, valid_pr_auc=0.8215
2026-08-21 23:46:11,546 - INFO - Epoch 19: new best validation PR-AUC = 0.8292
2026-08-21 23:46:11,546 - INFO - Epoch 19/50, loss=0.0021, train_acc=0.9995, train_precision=0.8773, train_recall=0.8020, train_f1=0.8379, train_roc_auc=0.9937, train_pr_auc=0.8522, valid_acc=0.9995, valid_precision=0.9048, valid_recall=0.7600, valid_f1=0.8261, valid_roc_auc=0.9778, valid_pr_auc=0.8292
2026-08-21 23:46:24,762 - INFO - Epoch 20: new best validation PR-AUC = 0.8466
2026-08-21 23:46:24,762 - INFO - Epoch 20/50, loss=0.0020, train_acc=0.9995, train_precision=0.8828, train_recall=0.7954, train_f1=0.8368, train_roc_auc=0.9946, train_pr_auc=0.8651, valid_acc=0.9995, valid_precision=0.9091, valid_recall=0.8000, valid_f1=0.8511, valid_roc_auc=0.9756, valid_pr_auc=0.8466
2026-08-21 23:46:38,012 - INFO - Epoch 21: new best validation PR-AUC = 0.8472
2026-08-21 23:46:38,012 - INFO - Epoch 21/50, loss=0.0020, train_acc=0.9995, train_precision=0.9080, train_recall=0.7822, train_f1=0.8404, train_roc_auc=0.9950, train_pr_auc=0.8828, valid_acc=0.9995, valid_precision=0.8971, valid_recall=0.8133, valid_f1=0.8531, valid_roc_auc=0.9758, valid_pr_auc=0.8472
2026-08-21 23:46:51,201 - INFO - Epoch 22: new best validation PR-AUC = 0.8623
2026-08-21 23:46:51,201 - INFO - Epoch 22/50, loss=0.0020, train_acc=0.9995, train_precision=0.8843, train_recall=0.7822, train_f1=0.8301, train_roc_auc=0.9962, train_pr_auc=0.8889, valid_acc=0.9996, valid_precision=0.9403, valid_recall=0.8400, valid_f1=0.8873, valid_roc_auc=0.9780, valid_pr_auc=0.8623
2026-08-21 23:47:05,340 - INFO - Epoch 23/50, loss=0.0018, train_acc=0.9996, train_precision=0.9091, train_recall=0.8251, train_f1=0.8651, train_roc_auc=0.9963, train_pr_auc=0.9018, valid_acc=0.9995, valid_precision=0.9206, valid_recall=0.7733, valid_f1=0.8406, valid_roc_auc=0.9757, valid_pr_auc=0.8490
2026-08-21 23:47:20,009 - INFO - Epoch 24/50, loss=0.0019, train_acc=0.9996, train_precision=0.9188, train_recall=0.8218, train_f1=0.8676, train_roc_auc=0.9969, train_pr_auc=0.8929, valid_acc=0.9996, valid_precision=0.9508, valid_recall=0.7733, valid_f1=0.8529, valid_roc_auc=0.9777, valid_pr_auc=0.8598
2026-08-21 23:47:33,690 - INFO - Epoch 25: new best validation PR-AUC = 0.8629
2026-08-21 23:47:33,690 - INFO - Epoch 25/50, loss=0.0018, train_acc=0.9996, train_precision=0.9191, train_recall=0.8251, train_f1=0.8696, train_roc_auc=0.9972, train_pr_auc=0.8973, valid_acc=0.9996, valid_precision=0.9667, valid_recall=0.7733, valid_f1=0.8593, valid_roc_auc=0.9751, valid_pr_auc=0.8629
2026-08-21 23:47:47,951 - INFO - Epoch 26: new best validation PR-AUC = 0.8665
2026-08-21 23:47:47,951 - INFO - Epoch 26/50, loss=0.0017, train_acc=0.9996, train_precision=0.9368, train_recall=0.8317, train_f1=0.8811, train_roc_auc=0.9970, train_pr_auc=0.9079, valid_acc=0.9996, valid_precision=0.9683, valid_recall=0.8133, valid_f1=0.8841, valid_roc_auc=0.9772, valid_pr_auc=0.8665
2026-08-21 23:48:00,937 - INFO - Epoch 27/50, loss=0.0017, train_acc=0.9996, train_precision=0.9403, train_recall=0.8317, train_f1=0.8827, train_roc_auc=0.9971, train_pr_auc=0.9087, valid_acc=0.9995, valid_precision=0.8824, valid_recall=0.8000, valid_f1=0.8392, valid_roc_auc=0.9701, valid_pr_auc=0.8597
2026-08-21 23:48:14,790 - INFO - Epoch 28/50, loss=0.0017, train_acc=0.9996, train_precision=0.9118, train_recall=0.8185, train_f1=0.8626, train_roc_auc=0.9977, train_pr_auc=0.9070, valid_acc=0.9996, valid_precision=0.9000, valid_recall=0.8400, valid_f1=0.8690, valid_roc_auc=0.9746, valid_pr_auc=0.8630
2026-08-21 23:48:28,764 - INFO - Epoch 29: new best validation PR-AUC = 0.8715
2026-08-21 23:48:28,764 - INFO - Epoch 29/50, loss=0.0017, train_acc=0.9996, train_precision=0.9094, train_recall=0.8284, train_f1=0.8670, train_roc_auc=0.9974, train_pr_auc=0.9143, valid_acc=0.9996, valid_precision=0.9394, valid_recall=0.8267, valid_f1=0.8794, valid_roc_auc=0.9755, valid_pr_auc=0.8715
2026-08-21 23:48:42,653 - INFO - Epoch 30/50, loss=0.0016, train_acc=0.9996, train_precision=0.9361, train_recall=0.8218, train_f1=0.8752, train_roc_auc=0.9976, train_pr_auc=0.9181, valid_acc=0.9996, valid_precision=0.9524, valid_recall=0.8000, valid_f1=0.8696, valid_roc_auc=0.9820, valid_pr_auc=0.8639
2026-08-21 23:48:56,650 - INFO - Epoch 31/50, loss=0.0017, train_acc=0.9996, train_precision=0.9200, train_recall=0.8350, train_f1=0.8754, train_roc_auc=0.9978, train_pr_auc=0.9114, valid_acc=0.9996, valid_precision=0.9403, valid_recall=0.8400, valid_f1=0.8873, valid_roc_auc=0.9828, valid_pr_auc=0.8704
2026-08-21 23:49:10,399 - INFO - Epoch 32: new best validation PR-AUC = 0.8719
2026-08-21 23:49:10,399 - INFO - Epoch 32/50, loss=0.0016, train_acc=0.9996, train_precision=0.9336, train_recall=0.8350, train_f1=0.8815, train_roc_auc=0.9974, train_pr_auc=0.9224, valid_acc=0.9996, valid_precision=0.9385, valid_recall=0.8133, valid_f1=0.8714, valid_roc_auc=0.9716, valid_pr_auc=0.8719
2026-08-21 23:49:24,451 - INFO - Epoch 33/50, loss=0.0015, train_acc=0.9996, train_precision=0.9216, train_recall=0.8152, train_f1=0.8651, train_roc_auc=0.9983, train_pr_auc=0.9245, valid_acc=0.9995, valid_precision=0.9811, valid_recall=0.6933, valid_f1=0.8125, valid_roc_auc=0.9691, valid_pr_auc=0.8547
2026-08-21 23:49:38,759 - INFO - Epoch 34/50, loss=0.0016, train_acc=0.9997, train_precision=0.9511, train_recall=0.8350, train_f1=0.8893, train_roc_auc=0.9967, train_pr_auc=0.9214, valid_acc=0.9996, valid_precision=0.9231, valid_recall=0.8000, valid_f1=0.8571, valid_roc_auc=0.9798, valid_pr_auc=0.8606
2026-08-21 23:49:52,876 - INFO - Epoch 35/50, loss=0.0015, train_acc=0.9996, train_precision=0.9407, train_recall=0.8383, train_f1=0.8866, train_roc_auc=0.9978, train_pr_auc=0.9214, valid_acc=0.9996, valid_precision=0.9524, valid_recall=0.8000, valid_f1=0.8696, valid_roc_auc=0.9744, valid_pr_auc=0.8673
2026-08-21 23:50:06,257 - INFO - Epoch 36/50, loss=0.0014, train_acc=0.9997, train_precision=0.9511, train_recall=0.8350, train_f1=0.8893, train_roc_auc=0.9990, train_pr_auc=0.9282, valid_acc=0.9996, valid_precision=0.9524, valid_recall=0.8000, valid_f1=0.8696, valid_roc_auc=0.9739, valid_pr_auc=0.8669
2026-08-21 23:50:20,141 - INFO - Epoch 37/50, loss=0.0013, train_acc=0.9997, train_precision=0.9554, train_recall=0.8482, train_f1=0.8986, train_roc_auc=0.9989, train_pr_auc=0.9383, valid_acc=0.9996, valid_precision=0.9118, valid_recall=0.8267, valid_f1=0.8671, valid_roc_auc=0.9750, valid_pr_auc=0.8709
2026-08-21 23:50:33,388 - INFO - Epoch 38: new best validation PR-AUC = 0.8767
2026-08-21 23:50:33,388 - INFO - Epoch 38/50, loss=0.0013, train_acc=0.9997, train_precision=0.9453, train_recall=0.8548, train_f1=0.8977, train_roc_auc=0.9982, train_pr_auc=0.9403, valid_acc=0.9995, valid_precision=1.0000, valid_recall=0.6800, valid_f1=0.8095, valid_roc_auc=0.9757, valid_pr_auc=0.8767
2026-08-21 23:50:45,889 - INFO - Epoch 39/50, loss=0.0014, train_acc=0.9997, train_precision=0.9483, train_recall=0.8482, train_f1=0.8955, train_roc_auc=0.9989, train_pr_auc=0.9300, valid_acc=0.9995, valid_precision=0.9821, valid_recall=0.7333, valid_f1=0.8397, valid_roc_auc=0.9758, valid_pr_auc=0.8666
2026-08-21 23:50:58,431 - INFO - Epoch 40/50, loss=0.0013, train_acc=0.9997, train_precision=0.9594, train_recall=0.8581, train_f1=0.9059, train_roc_auc=0.9993, train_pr_auc=0.9365, valid_acc=0.9995, valid_precision=1.0000, valid_recall=0.7200, valid_f1=0.8372, valid_roc_auc=0.9738, valid_pr_auc=0.8652
2026-08-21 23:51:11,446 - INFO - Epoch 41/50, loss=0.0014, train_acc=0.9997, train_precision=0.9515, train_recall=0.8416, train_f1=0.8932, train_roc_auc=0.9984, train_pr_auc=0.9340, valid_acc=0.9996, valid_precision=0.9516, valid_recall=0.7867, valid_f1=0.8613, valid_roc_auc=0.9789, valid_pr_auc=0.8727
2026-08-21 23:51:24,521 - INFO - Epoch 42/50, loss=0.0012, train_acc=0.9997, train_precision=0.9672, train_recall=0.8746, train_f1=0.9185, train_roc_auc=0.9995, train_pr_auc=0.9450, valid_acc=0.9995, valid_precision=0.9811, valid_recall=0.6933, valid_f1=0.8125, valid_roc_auc=0.9786, valid_pr_auc=0.8727
2026-08-21 23:51:37,774 - INFO - Epoch 43/50, loss=0.0011, train_acc=0.9997, train_precision=0.9777, train_recall=0.8680, train_f1=0.9196, train_roc_auc=0.9994, train_pr_auc=0.9472, valid_acc=0.9996, valid_precision=0.9254, valid_recall=0.8267, valid_f1=0.8732, valid_roc_auc=0.9701, valid_pr_auc=0.8712
2026-08-21 23:51:50,813 - INFO - Epoch 44/50, loss=0.0012, train_acc=0.9997, train_precision=0.9632, train_recall=0.8647, train_f1=0.9113, train_roc_auc=0.9995, train_pr_auc=0.9461, valid_acc=0.9996, valid_precision=0.9375, valid_recall=0.8000, valid_f1=0.8633, valid_roc_auc=0.9694, valid_pr_auc=0.8666
2026-08-21 23:52:04,562 - INFO - Epoch 45/50, loss=0.0012, train_acc=0.9997, train_precision=0.9560, train_recall=0.8614, train_f1=0.9062, train_roc_auc=0.9994, train_pr_auc=0.9481, valid_acc=0.9996, valid_precision=0.9825, valid_recall=0.7467, valid_f1=0.8485, valid_roc_auc=0.9719, valid_pr_auc=0.8720
2026-08-21 23:52:17,792 - INFO - Epoch 46/50, loss=0.0012, train_acc=0.9997, train_precision=0.9742, train_recall=0.8713, train_f1=0.9199, train_roc_auc=0.9984, train_pr_auc=0.9481, valid_acc=0.9996, valid_precision=0.9531, valid_recall=0.8133, valid_f1=0.8777, valid_roc_auc=0.9740, valid_pr_auc=0.8700
2026-08-21 23:52:31,902 - INFO - Epoch 47/50, loss=0.0011, train_acc=0.9997, train_precision=0.9668, train_recall=0.8647, train_f1=0.9129, train_roc_auc=0.9995, train_pr_auc=0.9507, valid_acc=0.9996, valid_precision=0.9538, valid_recall=0.8267, valid_f1=0.8857, valid_roc_auc=0.9708, valid_pr_auc=0.8720
2026-08-21 23:52:45,801 - INFO - Epoch 48/50, loss=0.0011, train_acc=0.9997, train_precision=0.9669, train_recall=0.8680, train_f1=0.9148, train_roc_auc=0.9994, train_pr_auc=0.9545, valid_acc=0.9996, valid_precision=0.9524, valid_recall=0.8000, valid_f1=0.8696, valid_roc_auc=0.9704, valid_pr_auc=0.8729
2026-08-21 23:52:59,944 - INFO - Epoch 49/50, loss=0.0011, train_acc=0.9997, train_precision=0.9673, train_recall=0.8779, train_f1=0.9204, train_roc_auc=0.9995, train_pr_auc=0.9464, valid_acc=0.9996, valid_precision=0.9828, valid_recall=0.7600, valid_f1=0.8571, valid_roc_auc=0.9716, valid_pr_auc=0.8733
2026-08-21 23:53:13,988 - INFO - Epoch 50/50, loss=0.0011, train_acc=0.9997, train_precision=0.9628, train_recall=0.8548, train_f1=0.9056, train_roc_auc=0.9996, train_pr_auc=0.9518, valid_acc=0.9996, valid_precision=0.9672, valid_recall=0.7867, valid_f1=0.8676, valid_roc_auc=0.9719, valid_pr_auc=0.8729
2026-08-21 23:53:13,992 - INFO - Best epoch: 38
2026-08-21 23:53:13,992 - INFO - Best validation PR-AUC: 0.8767
2026-08-21 23:53:13,992 - INFO - Fold 2 results:
2026-08-21 23:53:13,992 - INFO - accuracy: 0.9995
2026-08-21 23:53:13,992 - INFO - f1: 0.8095
2026-08-21 23:53:13,992 - INFO - pr_auc: 0.8767
2026-08-21 23:53:13,992 - INFO - precision: 1.0000
2026-08-21 23:53:13,992 - INFO - recall: 0.6800
2026-08-21 23:53:13,992 - INFO - roc_auc: 0.9757
2026-08-21 23:53:13,992 - INFO - Model saved to models/fraud_model_index_3_fold_2.pth
2026-08-21 23:53:13,992 - INFO - 
========== Fold 3/5 ==========
2026-08-21 23:53:26,871 - INFO - Epoch 1: new best validation PR-AUC = 0.6050
2026-08-21 23:53:26,871 - INFO - Epoch 1/50, loss=0.0152, train_acc=0.9983, train_precision=0.0000, train_recall=0.0000, train_f1=0.0000, train_roc_auc=0.9375, train_pr_auc=0.3454, valid_acc=0.9983, valid_precision=0.0000, valid_recall=0.0000, valid_f1=0.0000, valid_roc_auc=0.9597, valid_pr_auc=0.6050
2026-08-21 23:53:39,187 - INFO - Epoch 2: new best validation PR-AUC = 0.6766
2026-08-21 23:53:39,187 - INFO - Epoch 2/50, loss=0.0033, train_acc=0.9989, train_precision=0.8389, train_recall=0.4139, train_f1=0.5543, train_roc_auc=0.9731, train_pr_auc=0.7389, valid_acc=0.9991, valid_precision=0.8136, valid_recall=0.6316, valid_f1=0.7111, valid_roc_auc=0.9870, valid_pr_auc=0.6766
2026-08-21 23:53:52,732 - INFO - Epoch 3: new best validation PR-AUC = 0.7047
2026-08-21 23:53:52,732 - INFO - Epoch 3/50, loss=0.0029, train_acc=0.9995, train_precision=0.8537, train_recall=0.8113, train_f1=0.8319, train_roc_auc=0.9819, train_pr_auc=0.7486, valid_acc=0.9991, valid_precision=0.7937, valid_recall=0.6579, valid_f1=0.7194, valid_roc_auc=0.9880, valid_pr_auc=0.7047
2026-08-21 23:54:05,704 - INFO - Epoch 4/50, loss=0.0027, train_acc=0.9994, train_precision=0.8412, train_recall=0.8245, train_f1=0.8328, train_roc_auc=0.9851, train_pr_auc=0.7516, valid_acc=0.9992, valid_precision=0.7969, valid_recall=0.6711, valid_f1=0.7286, valid_roc_auc=0.9810, valid_pr_auc=0.6968
2026-08-21 23:54:17,619 - INFO - Epoch 5/50, loss=0.0026, train_acc=0.9995, train_precision=0.8498, train_recall=0.8245, train_f1=0.8370, train_roc_auc=0.9851, train_pr_auc=0.7447, valid_acc=0.9992, valid_precision=0.8197, valid_recall=0.6579, valid_f1=0.7299, valid_roc_auc=0.9814, valid_pr_auc=0.6990
2026-08-21 23:54:29,420 - INFO - Epoch 6: new best validation PR-AUC = 0.7050
2026-08-21 23:54:29,420 - INFO - Epoch 6/50, loss=0.0026, train_acc=0.9995, train_precision=0.8611, train_recall=0.8212, train_f1=0.8407, train_roc_auc=0.9839, train_pr_auc=0.7708, valid_acc=0.9992, valid_precision=0.8226, valid_recall=0.6711, valid_f1=0.7391, valid_roc_auc=0.9900, valid_pr_auc=0.7050
2026-08-21 23:54:41,589 - INFO - Epoch 7/50, loss=0.0025, train_acc=0.9995, train_precision=0.8630, train_recall=0.8344, train_f1=0.8485, train_roc_auc=0.9869, train_pr_auc=0.7562, valid_acc=0.9991, valid_precision=0.7903, valid_recall=0.6447, valid_f1=0.7101, valid_roc_auc=0.9790, valid_pr_auc=0.7000
2026-08-21 23:54:53,621 - INFO - Epoch 8: new best validation PR-AUC = 0.7117
2026-08-21 23:54:53,621 - INFO - Epoch 8/50, loss=0.0025, train_acc=0.9995, train_precision=0.8611, train_recall=0.8212, train_f1=0.8407, train_roc_auc=0.9883, train_pr_auc=0.7607, valid_acc=0.9992, valid_precision=0.7969, valid_recall=0.6711, valid_f1=0.7286, valid_roc_auc=0.9861, valid_pr_auc=0.7117
2026-08-21 23:55:06,789 - INFO - Epoch 9/50, loss=0.0024, train_acc=0.9995, train_precision=0.8630, train_recall=0.8344, train_f1=0.8485, train_roc_auc=0.9875, train_pr_auc=0.7871, valid_acc=0.9992, valid_precision=0.8333, valid_recall=0.6579, valid_f1=0.7353, valid_roc_auc=0.9828, valid_pr_auc=0.7069
2026-08-21 23:55:20,869 - INFO - Epoch 10/50, loss=0.0024, train_acc=0.9995, train_precision=0.8581, train_recall=0.8212, train_f1=0.8393, train_roc_auc=0.9859, train_pr_auc=0.7884, valid_acc=0.9992, valid_precision=0.7969, valid_recall=0.6711, valid_f1=0.7286, valid_roc_auc=0.9768, valid_pr_auc=0.7069
2026-08-21 23:55:34,642 - INFO - Epoch 11: new best validation PR-AUC = 0.7326
2026-08-21 23:55:34,642 - INFO - Epoch 11/50, loss=0.0023, train_acc=0.9995, train_precision=0.8715, train_recall=0.8311, train_f1=0.8508, train_roc_auc=0.9901, train_pr_auc=0.8160, valid_acc=0.9992, valid_precision=0.8167, valid_recall=0.6447, valid_f1=0.7206, valid_roc_auc=0.9868, valid_pr_auc=0.7326
2026-08-21 23:55:48,322 - INFO - Epoch 12: new best validation PR-AUC = 0.7465
2026-08-21 23:55:48,322 - INFO - Epoch 12/50, loss=0.0023, train_acc=0.9995, train_precision=0.8702, train_recall=0.8212, train_f1=0.8450, train_roc_auc=0.9890, train_pr_auc=0.8393, valid_acc=0.9992, valid_precision=0.7887, valid_recall=0.7368, valid_f1=0.7619, valid_roc_auc=0.9786, valid_pr_auc=0.7465
2026-08-21 23:56:00,969 - INFO - Epoch 13: new best validation PR-AUC = 0.7573
2026-08-21 23:56:00,969 - INFO - Epoch 13/50, loss=0.0022, train_acc=0.9995, train_precision=0.8711, train_recall=0.8278, train_f1=0.8489, train_roc_auc=0.9900, train_pr_auc=0.8455, valid_acc=0.9991, valid_precision=0.7937, valid_recall=0.6579, valid_f1=0.7194, valid_roc_auc=0.9796, valid_pr_auc=0.7573
2026-08-21 23:56:13,806 - INFO - Epoch 14/50, loss=0.0022, train_acc=0.9995, train_precision=0.8671, train_recall=0.8212, train_f1=0.8435, train_roc_auc=0.9872, train_pr_auc=0.8699, valid_acc=0.9993, valid_precision=0.9074, valid_recall=0.6447, valid_f1=0.7538, valid_roc_auc=0.9823, valid_pr_auc=0.7362
2026-08-21 23:56:27,716 - INFO - Epoch 15/50, loss=0.0021, train_acc=0.9995, train_precision=0.8780, train_recall=0.8344, train_f1=0.8557, train_roc_auc=0.9887, train_pr_auc=0.8769, valid_acc=0.9991, valid_precision=0.8136, valid_recall=0.6316, valid_f1=0.7111, valid_roc_auc=0.9778, valid_pr_auc=0.7520
2026-08-21 23:56:41,847 - INFO - Epoch 16/50, loss=0.0021, train_acc=0.9995, train_precision=0.8817, train_recall=0.8146, train_f1=0.8468, train_roc_auc=0.9894, train_pr_auc=0.8802, valid_acc=0.9992, valid_precision=0.7969, valid_recall=0.6711, valid_f1=0.7286, valid_roc_auc=0.9823, valid_pr_auc=0.7502
2026-08-21 23:56:55,528 - INFO - Epoch 17/50, loss=0.0019, train_acc=0.9996, train_precision=0.9004, train_recall=0.8377, train_f1=0.8679, train_roc_auc=0.9917, train_pr_auc=0.8963, valid_acc=0.9992, valid_precision=0.8065, valid_recall=0.6579, valid_f1=0.7246, valid_roc_auc=0.9821, valid_pr_auc=0.7550
2026-08-21 23:57:08,182 - INFO - Epoch 18: new best validation PR-AUC = 0.7596
2026-08-21 23:57:08,182 - INFO - Epoch 18/50, loss=0.0019, train_acc=0.9996, train_precision=0.9043, train_recall=0.8444, train_f1=0.8733, train_roc_auc=0.9938, train_pr_auc=0.8999, valid_acc=0.9992, valid_precision=0.8571, valid_recall=0.6316, valid_f1=0.7273, valid_roc_auc=0.9815, valid_pr_auc=0.7596
2026-08-21 23:57:20,758 - INFO - Epoch 19: new best validation PR-AUC = 0.7609
2026-08-21 23:57:20,758 - INFO - Epoch 19/50, loss=0.0018, train_acc=0.9996, train_precision=0.9170, train_recall=0.8411, train_f1=0.8774, train_roc_auc=0.9934, train_pr_auc=0.8999, valid_acc=0.9992, valid_precision=0.8197, valid_recall=0.6579, valid_f1=0.7299, valid_roc_auc=0.9805, valid_pr_auc=0.7609
2026-08-21 23:57:33,145 - INFO - Epoch 20: new best validation PR-AUC = 0.7635
2026-08-21 23:57:33,145 - INFO - Epoch 20/50, loss=0.0018, train_acc=0.9996, train_precision=0.9225, train_recall=0.8278, train_f1=0.8726, train_roc_auc=0.9938, train_pr_auc=0.9068, valid_acc=0.9992, valid_precision=0.8475, valid_recall=0.6579, valid_f1=0.7407, valid_roc_auc=0.9857, valid_pr_auc=0.7635
2026-08-21 23:57:46,012 - INFO - Epoch 21/50, loss=0.0018, train_acc=0.9996, train_precision=0.9197, train_recall=0.8344, train_f1=0.8750, train_roc_auc=0.9931, train_pr_auc=0.9097, valid_acc=0.9992, valid_precision=0.8475, valid_recall=0.6579, valid_f1=0.7407, valid_roc_auc=0.9795, valid_pr_auc=0.7595
2026-08-21 23:57:58,241 - INFO - Epoch 22: new best validation PR-AUC = 0.7653
2026-08-21 23:57:58,241 - INFO - Epoch 22/50, loss=0.0017, train_acc=0.9996, train_precision=0.9200, train_recall=0.8377, train_f1=0.8769, train_roc_auc=0.9953, train_pr_auc=0.9084, valid_acc=0.9992, valid_precision=0.8095, valid_recall=0.6711, valid_f1=0.7338, valid_roc_auc=0.9802, valid_pr_auc=0.7653
2026-08-21 23:58:10,951 - INFO - Epoch 23/50, loss=0.0016, train_acc=0.9997, train_precision=0.9225, train_recall=0.8675, train_f1=0.8942, train_roc_auc=0.9956, train_pr_auc=0.9179, valid_acc=0.9992, valid_precision=0.8254, valid_recall=0.6842, valid_f1=0.7482, valid_roc_auc=0.9796, valid_pr_auc=0.7624
2026-08-21 23:58:23,758 - INFO - Epoch 24/50, loss=0.0017, train_acc=0.9997, train_precision=0.9377, train_recall=0.8477, train_f1=0.8904, train_roc_auc=0.9950, train_pr_auc=0.9100, valid_acc=0.9993, valid_precision=0.9091, valid_recall=0.6579, valid_f1=0.7634, valid_roc_auc=0.9710, valid_pr_auc=0.7648
2026-08-21 23:58:35,466 - INFO - Epoch 25/50, loss=0.0017, train_acc=0.9996, train_precision=0.9299, train_recall=0.8344, train_f1=0.8796, train_roc_auc=0.9954, train_pr_auc=0.9140, valid_acc=0.9993, valid_precision=0.8644, valid_recall=0.6711, valid_f1=0.7556, valid_roc_auc=0.9741, valid_pr_auc=0.7626
2026-08-21 23:58:47,403 - INFO - Epoch 26/50, loss=0.0015, train_acc=0.9997, train_precision=0.9384, train_recall=0.8576, train_f1=0.8962, train_roc_auc=0.9975, train_pr_auc=0.9245, valid_acc=0.9992, valid_precision=0.8727, valid_recall=0.6316, valid_f1=0.7328, valid_roc_auc=0.9783, valid_pr_auc=0.7643
2026-08-21 23:59:00,258 - INFO - Epoch 27: new best validation PR-AUC = 0.7691
2026-08-21 23:59:00,258 - INFO - Epoch 27/50, loss=0.0014, train_acc=0.9997, train_precision=0.9455, train_recall=0.8609, train_f1=0.9012, train_roc_auc=0.9977, train_pr_auc=0.9259, valid_acc=0.9993, valid_precision=0.8525, valid_recall=0.6842, valid_f1=0.7591, valid_roc_auc=0.9809, valid_pr_auc=0.7691
2026-08-21 23:59:14,065 - INFO - Epoch 28/50, loss=0.0015, train_acc=0.9997, train_precision=0.9345, train_recall=0.8510, train_f1=0.8908, train_roc_auc=0.9974, train_pr_auc=0.9272, valid_acc=0.9994, valid_precision=0.8852, valid_recall=0.7105, valid_f1=0.7883, valid_roc_auc=0.9772, valid_pr_auc=0.7665
2026-08-21 23:59:28,066 - INFO - Epoch 29/50, loss=0.0014, train_acc=0.9997, train_precision=0.9526, train_recall=0.8642, train_f1=0.9062, train_roc_auc=0.9976, train_pr_auc=0.9301, valid_acc=0.9993, valid_precision=0.8750, valid_recall=0.6447, valid_f1=0.7424, valid_roc_auc=0.9794, valid_pr_auc=0.7688
2026-08-21 23:59:41,950 - INFO - Epoch 30: new best validation PR-AUC = 0.7709
2026-08-21 23:59:41,950 - INFO - Epoch 30/50, loss=0.0014, train_acc=0.9997, train_precision=0.9458, train_recall=0.8675, train_f1=0.9050, train_roc_auc=0.9973, train_pr_auc=0.9334, valid_acc=0.9994, valid_precision=0.9167, valid_recall=0.7237, valid_f1=0.8088, valid_roc_auc=0.9741, valid_pr_auc=0.7709
2026-08-21 23:59:54,653 - INFO - Epoch 31/50, loss=0.0014, train_acc=0.9997, train_precision=0.9453, train_recall=0.8576, train_f1=0.8993, train_roc_auc=0.9977, train_pr_auc=0.9333, valid_acc=0.9993, valid_precision=0.9038, valid_recall=0.6184, valid_f1=0.7344, valid_roc_auc=0.9615, valid_pr_auc=0.7628
2026-08-22 00:00:07,963 - INFO - Epoch 32/50, loss=0.0014, train_acc=0.9997, train_precision=0.9414, train_recall=0.8510, train_f1=0.8939, train_roc_auc=0.9973, train_pr_auc=0.9336, valid_acc=0.9993, valid_precision=0.8929, valid_recall=0.6579, valid_f1=0.7576, valid_roc_auc=0.9628, valid_pr_auc=0.7631
2026-08-22 00:00:22,074 - INFO - Epoch 33/50, loss=0.0014, train_acc=0.9997, train_precision=0.9453, train_recall=0.8576, train_f1=0.8993, train_roc_auc=0.9980, train_pr_auc=0.9319, valid_acc=0.9992, valid_precision=0.8704, valid_recall=0.6184, valid_f1=0.7231, valid_roc_auc=0.9609, valid_pr_auc=0.7527
2026-08-22 00:00:35,868 - INFO - Epoch 34/50, loss=0.0012, train_acc=0.9997, train_precision=0.9531, train_recall=0.8742, train_f1=0.9119, train_roc_auc=0.9985, train_pr_auc=0.9423, valid_acc=0.9993, valid_precision=0.8947, valid_recall=0.6711, valid_f1=0.7669, valid_roc_auc=0.9676, valid_pr_auc=0.7661
2026-08-22 00:00:50,087 - INFO - Epoch 35/50, loss=0.0012, train_acc=0.9997, train_precision=0.9527, train_recall=0.8675, train_f1=0.9081, train_roc_auc=0.9989, train_pr_auc=0.9406, valid_acc=0.9994, valid_precision=0.9138, valid_recall=0.6974, valid_f1=0.7910, valid_roc_auc=0.9725, valid_pr_auc=0.7706
2026-08-22 00:01:03,917 - INFO - Epoch 36/50, loss=0.0012, train_acc=0.9997, train_precision=0.9604, train_recall=0.8841, train_f1=0.9207, train_roc_auc=0.9989, train_pr_auc=0.9428, valid_acc=0.9993, valid_precision=0.9107, valid_recall=0.6711, valid_f1=0.7727, valid_roc_auc=0.9604, valid_pr_auc=0.7617
2026-08-22 00:01:18,036 - INFO - Epoch 37/50, loss=0.0012, train_acc=0.9997, train_precision=0.9668, train_recall=0.8675, train_f1=0.9145, train_roc_auc=0.9989, train_pr_auc=0.9450, valid_acc=0.9993, valid_precision=0.8966, valid_recall=0.6842, valid_f1=0.7761, valid_roc_auc=0.9631, valid_pr_auc=0.7657
2026-08-22 00:01:32,306 - INFO - Epoch 38/50, loss=0.0012, train_acc=0.9997, train_precision=0.9570, train_recall=0.8841, train_f1=0.9191, train_roc_auc=0.9988, train_pr_auc=0.9455, valid_acc=0.9994, valid_precision=0.9123, valid_recall=0.6842, valid_f1=0.7820, valid_roc_auc=0.9604, valid_pr_auc=0.7654
2026-08-22 00:01:46,482 - INFO - Epoch 39/50, loss=0.0012, train_acc=0.9997, train_precision=0.9564, train_recall=0.8709, train_f1=0.9116, train_roc_auc=0.9990, train_pr_auc=0.9466, valid_acc=0.9994, valid_precision=0.9138, valid_recall=0.6974, valid_f1=0.7910, valid_roc_auc=0.9626, valid_pr_auc=0.7675
2026-08-22 00:02:00,215 - INFO - Epoch 40/50, loss=0.0012, train_acc=0.9997, train_precision=0.9603, train_recall=0.8808, train_f1=0.9188, train_roc_auc=0.9991, train_pr_auc=0.9488, valid_acc=0.9994, valid_precision=0.9167, valid_recall=0.7237, valid_f1=0.8088, valid_roc_auc=0.9625, valid_pr_auc=0.7647
2026-08-22 00:02:14,174 - INFO - Epoch 41/50, loss=0.0011, train_acc=0.9997, train_precision=0.9599, train_recall=0.8709, train_f1=0.9132, train_roc_auc=0.9994, train_pr_auc=0.9489, valid_acc=0.9994, valid_precision=0.9153, valid_recall=0.7105, valid_f1=0.8000, valid_roc_auc=0.9602, valid_pr_auc=0.7664
2026-08-22 00:02:27,947 - INFO - Epoch 42/50, loss=0.0012, train_acc=0.9997, train_precision=0.9601, train_recall=0.8775, train_f1=0.9170, train_roc_auc=0.9991, train_pr_auc=0.9475, valid_acc=0.9994, valid_precision=0.9167, valid_recall=0.7237, valid_f1=0.8088, valid_roc_auc=0.9588, valid_pr_auc=0.7650
2026-08-22 00:02:40,873 - INFO - Epoch 43/50, loss=0.0011, train_acc=0.9997, train_precision=0.9570, train_recall=0.8841, train_f1=0.9191, train_roc_auc=0.9980, train_pr_auc=0.9509, valid_acc=0.9994, valid_precision=0.9153, valid_recall=0.7105, valid_f1=0.8000, valid_roc_auc=0.9594, valid_pr_auc=0.7667
2026-08-22 00:02:53,799 - INFO - Epoch 44/50, loss=0.0011, train_acc=0.9997, train_precision=0.9571, train_recall=0.8874, train_f1=0.9210, train_roc_auc=0.9992, train_pr_auc=0.9531, valid_acc=0.9994, valid_precision=0.9167, valid_recall=0.7237, valid_f1=0.8088, valid_roc_auc=0.9553, valid_pr_auc=0.7703
2026-08-22 00:03:06,804 - INFO - Epoch 45/50, loss=0.0011, train_acc=0.9997, train_precision=0.9565, train_recall=0.8742, train_f1=0.9135, train_roc_auc=0.9995, train_pr_auc=0.9513, valid_acc=0.9994, valid_precision=0.9138, valid_recall=0.6974, valid_f1=0.7910, valid_roc_auc=0.9549, valid_pr_auc=0.7649
2026-08-22 00:03:20,959 - INFO - Epoch 46/50, loss=0.0011, train_acc=0.9997, train_precision=0.9604, train_recall=0.8841, train_f1=0.9207, train_roc_auc=0.9982, train_pr_auc=0.9520, valid_acc=0.9994, valid_precision=0.9153, valid_recall=0.7105, valid_f1=0.8000, valid_roc_auc=0.9553, valid_pr_auc=0.7633
2026-08-22 00:03:34,274 - INFO - Epoch 47/50, loss=0.0011, train_acc=0.9997, train_precision=0.9603, train_recall=0.8808, train_f1=0.9188, train_roc_auc=0.9988, train_pr_auc=0.9509, valid_acc=0.9994, valid_precision=0.9167, valid_recall=0.7237, valid_f1=0.8088, valid_roc_auc=0.9544, valid_pr_auc=0.7643
2026-08-22 00:03:48,073 - INFO - Epoch 48/50, loss=0.0011, train_acc=0.9997, train_precision=0.9603, train_recall=0.8808, train_f1=0.9188, train_roc_auc=0.9995, train_pr_auc=0.9501, valid_acc=0.9994, valid_precision=0.9123, valid_recall=0.6842, valid_f1=0.7820, valid_roc_auc=0.9586, valid_pr_auc=0.7637
2026-08-22 00:04:01,070 - INFO - Epoch 49/50, loss=0.0011, train_acc=0.9998, train_precision=0.9674, train_recall=0.8841, train_f1=0.9239, train_roc_auc=0.9991, train_pr_auc=0.9500, valid_acc=0.9994, valid_precision=0.9167, valid_recall=0.7237, valid_f1=0.8088, valid_roc_auc=0.9551, valid_pr_auc=0.7662
2026-08-22 00:04:14,757 - INFO - Epoch 50/50, loss=0.0011, train_acc=0.9998, train_precision=0.9573, train_recall=0.8907, train_f1=0.9228, train_roc_auc=0.9994, train_pr_auc=0.9487, valid_acc=0.9994, valid_precision=0.9167, valid_recall=0.7237, valid_f1=0.8088, valid_roc_auc=0.9573, valid_pr_auc=0.7659
2026-08-22 00:04:14,759 - INFO - Best epoch: 30
2026-08-22 00:04:14,759 - INFO - Best validation PR-AUC: 0.7709
2026-08-22 00:04:14,759 - INFO - Fold 3 results:
2026-08-22 00:04:14,760 - INFO - accuracy: 0.9994
2026-08-22 00:04:14,760 - INFO - f1: 0.8088
2026-08-22 00:04:14,760 - INFO - pr_auc: 0.7709
2026-08-22 00:04:14,760 - INFO - precision: 0.9167
2026-08-22 00:04:14,760 - INFO - recall: 0.7237
2026-08-22 00:04:14,760 - INFO - roc_auc: 0.9741
2026-08-22 00:04:14,760 - INFO - Model saved to models/fraud_model_index_3_fold_3.pth
2026-08-22 00:04:14,762 - INFO - 
========== Fold 4/5 ==========
2026-08-22 00:04:28,444 - INFO - Epoch 1: new best validation PR-AUC = 0.6711
2026-08-22 00:04:28,444 - INFO - Epoch 1/50, loss=0.0254, train_acc=0.9919, train_precision=0.0109, train_recall=0.0430, train_f1=0.0174, train_roc_auc=0.9306, train_pr_auc=0.0485, valid_acc=0.9983, valid_precision=0.0000, valid_recall=0.0000, valid_f1=0.0000, valid_roc_auc=0.9860, valid_pr_auc=0.6711
2026-08-22 00:04:40,574 - INFO - Epoch 2: new best validation PR-AUC = 0.7161
2026-08-22 00:04:40,574 - INFO - Epoch 2/50, loss=0.0038, train_acc=0.9983, train_precision=0.0000, train_recall=0.0000, train_f1=0.0000, train_roc_auc=0.9774, train_pr_auc=0.7307, valid_acc=0.9983, valid_precision=0.0000, valid_recall=0.0000, valid_f1=0.0000, valid_roc_auc=0.9870, valid_pr_auc=0.7161
2026-08-22 00:04:54,887 - INFO - Epoch 3: new best validation PR-AUC = 0.7223
2026-08-22 00:04:54,887 - INFO - Epoch 3/50, loss=0.0035, train_acc=0.9987, train_precision=0.8526, train_recall=0.2682, train_f1=0.4081, train_roc_auc=0.9808, train_pr_auc=0.7257, valid_acc=0.9994, valid_precision=0.8289, valid_recall=0.8289, valid_f1=0.8289, valid_roc_auc=0.9841, valid_pr_auc=0.7223
2026-08-22 00:05:08,943 - INFO - Epoch 4: new best validation PR-AUC = 0.7347
2026-08-22 00:05:08,943 - INFO - Epoch 4/50, loss=0.0033, train_acc=0.9994, train_precision=0.8669, train_recall=0.7550, train_f1=0.8071, train_roc_auc=0.9828, train_pr_auc=0.7610, valid_acc=0.9994, valid_precision=0.7831, valid_recall=0.8553, valid_f1=0.8176, valid_roc_auc=0.9839, valid_pr_auc=0.7347
2026-08-22 00:05:23,105 - INFO - Epoch 5: new best validation PR-AUC = 0.7595
2026-08-22 00:05:23,105 - INFO - Epoch 5/50, loss=0.0031, train_acc=0.9994, train_precision=0.8467, train_recall=0.7682, train_f1=0.8056, train_roc_auc=0.9831, train_pr_auc=0.7417, valid_acc=0.9993, valid_precision=0.7805, valid_recall=0.8421, valid_f1=0.8101, valid_roc_auc=0.9896, valid_pr_auc=0.7595
2026-08-22 00:05:36,399 - INFO - Epoch 6/50, loss=0.0029, train_acc=0.9994, train_precision=0.8571, train_recall=0.7748, train_f1=0.8139, train_roc_auc=0.9881, train_pr_auc=0.7595, valid_acc=0.9994, valid_precision=0.8077, valid_recall=0.8289, valid_f1=0.8182, valid_roc_auc=0.9822, valid_pr_auc=0.7243
2026-08-22 00:05:50,238 - INFO - Epoch 7/50, loss=0.0029, train_acc=0.9994, train_precision=0.8459, train_recall=0.7815, train_f1=0.8124, train_roc_auc=0.9889, train_pr_auc=0.7500, valid_acc=0.9993, valid_precision=0.7711, valid_recall=0.8421, valid_f1=0.8050, valid_roc_auc=0.9879, valid_pr_auc=0.7269
2026-08-22 00:06:03,421 - INFO - Epoch 8: new best validation PR-AUC = 0.7755
2026-08-22 00:06:03,421 - INFO - Epoch 8/50, loss=0.0028, train_acc=0.9994, train_precision=0.8393, train_recall=0.7781, train_f1=0.8076, train_roc_auc=0.9881, train_pr_auc=0.7664, valid_acc=0.9994, valid_precision=0.8101, valid_recall=0.8421, valid_f1=0.8258, valid_roc_auc=0.9845, valid_pr_auc=0.7755
2026-08-22 00:06:15,164 - INFO - Epoch 9/50, loss=0.0027, train_acc=0.9994, train_precision=0.8561, train_recall=0.7881, train_f1=0.8207, train_roc_auc=0.9894, train_pr_auc=0.7708, valid_acc=0.9993, valid_precision=0.7674, valid_recall=0.8684, valid_f1=0.8148, valid_roc_auc=0.9888, valid_pr_auc=0.7596
2026-08-22 00:06:27,578 - INFO - Epoch 10/50, loss=0.0027, train_acc=0.9994, train_precision=0.8536, train_recall=0.7914, train_f1=0.8213, train_roc_auc=0.9875, train_pr_auc=0.7727, valid_acc=0.9994, valid_precision=0.8451, valid_recall=0.7895, valid_f1=0.8163, valid_roc_auc=0.9826, valid_pr_auc=0.7665
2026-08-22 00:06:40,487 - INFO - Epoch 11/50, loss=0.0027, train_acc=0.9994, train_precision=0.8577, train_recall=0.7781, train_f1=0.8160, train_roc_auc=0.9902, train_pr_auc=0.7603, valid_acc=0.9995, valid_precision=0.8514, valid_recall=0.8289, valid_f1=0.8400, valid_roc_auc=0.9851, valid_pr_auc=0.7612
2026-08-22 00:06:53,932 - INFO - Epoch 12/50, loss=0.0024, train_acc=0.9995, train_precision=0.8755, train_recall=0.7914, train_f1=0.8313, train_roc_auc=0.9936, train_pr_auc=0.7934, valid_acc=0.9994, valid_precision=0.8493, valid_recall=0.8158, valid_f1=0.8322, valid_roc_auc=0.9850, valid_pr_auc=0.7560
2026-08-22 00:07:06,851 - INFO - Epoch 13/50, loss=0.0024, train_acc=0.9994, train_precision=0.8708, train_recall=0.7815, train_f1=0.8237, train_roc_auc=0.9935, train_pr_auc=0.7886, valid_acc=0.9995, valid_precision=0.8533, valid_recall=0.8421, valid_f1=0.8477, valid_roc_auc=0.9853, valid_pr_auc=0.7583
2026-08-22 00:07:19,754 - INFO - Epoch 14: new best validation PR-AUC = 0.7909
2026-08-22 00:07:19,754 - INFO - Epoch 14/50, loss=0.0023, train_acc=0.9995, train_precision=0.8796, train_recall=0.7980, train_f1=0.8368, train_roc_auc=0.9930, train_pr_auc=0.7966, valid_acc=0.9994, valid_precision=0.8472, valid_recall=0.8026, valid_f1=0.8243, valid_roc_auc=0.9863, valid_pr_auc=0.7909
2026-08-22 00:07:31,983 - INFO - Epoch 15/50, loss=0.0023, train_acc=0.9995, train_precision=0.8791, train_recall=0.7947, train_f1=0.8348, train_roc_auc=0.9936, train_pr_auc=0.7967, valid_acc=0.9994, valid_precision=0.8289, valid_recall=0.8289, valid_f1=0.8289, valid_roc_auc=0.9837, valid_pr_auc=0.7596
2026-08-22 00:07:44,275 - INFO - Epoch 16/50, loss=0.0023, train_acc=0.9995, train_precision=0.8796, train_recall=0.7980, train_f1=0.8368, train_roc_auc=0.9934, train_pr_auc=0.7834, valid_acc=0.9995, valid_precision=0.8421, valid_recall=0.8421, valid_f1=0.8421, valid_roc_auc=0.9847, valid_pr_auc=0.7728
2026-08-22 00:07:57,759 - INFO - Epoch 17/50, loss=0.0022, train_acc=0.9995, train_precision=0.8909, train_recall=0.8113, train_f1=0.8492, train_roc_auc=0.9949, train_pr_auc=0.7943, valid_acc=0.9994, valid_precision=0.8400, valid_recall=0.8289, valid_f1=0.8344, valid_roc_auc=0.9824, valid_pr_auc=0.7784
2026-08-22 00:08:11,011 - INFO - Epoch 18/50, loss=0.0021, train_acc=0.9995, train_precision=0.8905, train_recall=0.8079, train_f1=0.8472, train_roc_auc=0.9966, train_pr_auc=0.8142, valid_acc=0.9994, valid_precision=0.8400, valid_recall=0.8289, valid_f1=0.8344, valid_roc_auc=0.9814, valid_pr_auc=0.7707
2026-08-22 00:08:25,104 - INFO - Epoch 19/50, loss=0.0020, train_acc=0.9995, train_precision=0.8967, train_recall=0.8046, train_f1=0.8482, train_roc_auc=0.9969, train_pr_auc=0.8110, valid_acc=0.9994, valid_precision=0.8493, valid_recall=0.8158, valid_f1=0.8322, valid_roc_auc=0.9828, valid_pr_auc=0.7728
2026-08-22 00:08:39,130 - INFO - Epoch 20/50, loss=0.0021, train_acc=0.9995, train_precision=0.8974, train_recall=0.8113, train_f1=0.8522, train_roc_auc=0.9957, train_pr_auc=0.7971, valid_acc=0.9994, valid_precision=0.8493, valid_recall=0.8158, valid_f1=0.8322, valid_roc_auc=0.9836, valid_pr_auc=0.7858
2026-08-22 00:08:53,166 - INFO - Epoch 21/50, loss=0.0019, train_acc=0.9995, train_precision=0.8986, train_recall=0.8212, train_f1=0.8581, train_roc_auc=0.9973, train_pr_auc=0.8057, valid_acc=0.9995, valid_precision=0.8514, valid_recall=0.8289, valid_f1=0.8400, valid_roc_auc=0.9828, valid_pr_auc=0.7833
2026-08-22 00:09:06,322 - INFO - Epoch 22/50, loss=0.0019, train_acc=0.9996, train_precision=0.9055, train_recall=0.8245, train_f1=0.8631, train_roc_auc=0.9975, train_pr_auc=0.8231, valid_acc=0.9994, valid_precision=0.8400, valid_recall=0.8289, valid_f1=0.8344, valid_roc_auc=0.9790, valid_pr_auc=0.7747
2026-08-22 00:09:20,099 - INFO - Epoch 23/50, loss=0.0019, train_acc=0.9995, train_precision=0.9011, train_recall=0.8146, train_f1=0.8557, train_roc_auc=0.9972, train_pr_auc=0.8241, valid_acc=0.9995, valid_precision=0.8421, valid_recall=0.8421, valid_f1=0.8421, valid_roc_auc=0.9823, valid_pr_auc=0.7816
2026-08-22 00:09:34,112 - INFO - Epoch 24/50, loss=0.0018, train_acc=0.9996, train_precision=0.9068, train_recall=0.8377, train_f1=0.8709, train_roc_auc=0.9978, train_pr_auc=0.8204, valid_acc=0.9994, valid_precision=0.8400, valid_recall=0.8289, valid_f1=0.8344, valid_roc_auc=0.9812, valid_pr_auc=0.7846
2026-08-22 00:09:47,962 - INFO - Epoch 25/50, loss=0.0019, train_acc=0.9996, train_precision=0.9058, train_recall=0.8278, train_f1=0.8651, train_roc_auc=0.9981, train_pr_auc=0.8271, valid_acc=0.9994, valid_precision=0.8400, valid_recall=0.8289, valid_f1=0.8344, valid_roc_auc=0.9811, valid_pr_auc=0.7833
2026-08-22 00:10:01,670 - INFO - Epoch 26/50, loss=0.0019, train_acc=0.9996, train_precision=0.9032, train_recall=0.8344, train_f1=0.8675, train_roc_auc=0.9981, train_pr_auc=0.8298, valid_acc=0.9994, valid_precision=0.8400, valid_recall=0.8289, valid_f1=0.8344, valid_roc_auc=0.9807, valid_pr_auc=0.7832
2026-08-22 00:10:14,933 - INFO - Epoch 27/50, loss=0.0018, train_acc=0.9996, train_precision=0.9032, train_recall=0.8344, train_f1=0.8675, train_roc_auc=0.9979, train_pr_auc=0.8257, valid_acc=0.9994, valid_precision=0.8400, valid_recall=0.8289, valid_f1=0.8344, valid_roc_auc=0.9789, valid_pr_auc=0.7824
2026-08-22 00:10:27,840 - INFO - Epoch 28/50, loss=0.0017, train_acc=0.9996, train_precision=0.9039, train_recall=0.8411, train_f1=0.8714, train_roc_auc=0.9987, train_pr_auc=0.8409, valid_acc=0.9994, valid_precision=0.8400, valid_recall=0.8289, valid_f1=0.8344, valid_roc_auc=0.9797, valid_pr_auc=0.7829
2026-08-22 00:10:41,657 - INFO - Epoch 29/50, loss=0.0018, train_acc=0.9996, train_precision=0.8989, train_recall=0.8245, train_f1=0.8601, train_roc_auc=0.9980, train_pr_auc=0.8333, valid_acc=0.9994, valid_precision=0.8400, valid_recall=0.8289, valid_f1=0.8344, valid_roc_auc=0.9792, valid_pr_auc=0.7823
2026-08-22 00:10:55,574 - INFO - Epoch 30/50, loss=0.0018, train_acc=0.9996, train_precision=0.9061, train_recall=0.8311, train_f1=0.8670, train_roc_auc=0.9985, train_pr_auc=0.8343, valid_acc=0.9995, valid_precision=0.8514, valid_recall=0.8289, valid_f1=0.8400, valid_roc_auc=0.9815, valid_pr_auc=0.7863
2026-08-22 00:11:08,307 - INFO - Epoch 31/50, loss=0.0020, train_acc=0.9996, train_precision=0.9061, train_recall=0.8311, train_f1=0.8670, train_roc_auc=0.9964, train_pr_auc=0.8419, valid_acc=0.9995, valid_precision=0.8514, valid_recall=0.8289, valid_f1=0.8400, valid_roc_auc=0.9802, valid_pr_auc=0.7872
2026-08-22 00:11:21,455 - INFO - Epoch 32/50, loss=0.0018, train_acc=0.9996, train_precision=0.9004, train_recall=0.8377, train_f1=0.8679, train_roc_auc=0.9979, train_pr_auc=0.8354, valid_acc=0.9995, valid_precision=0.8514, valid_recall=0.8289, valid_f1=0.8400, valid_roc_auc=0.9792, valid_pr_auc=0.7809
2026-08-22 00:11:34,174 - INFO - Epoch 33/50, loss=0.0017, train_acc=0.9996, train_precision=0.9068, train_recall=0.8377, train_f1=0.8709, train_roc_auc=0.9985, train_pr_auc=0.8384, valid_acc=0.9994, valid_precision=0.8400, valid_recall=0.8289, valid_f1=0.8344, valid_roc_auc=0.9805, valid_pr_auc=0.7810
2026-08-22 00:11:47,117 - INFO - Epoch 34/50, loss=0.0018, train_acc=0.9996, train_precision=0.9068, train_recall=0.8377, train_f1=0.8709, train_roc_auc=0.9985, train_pr_auc=0.8440, valid_acc=0.9994, valid_precision=0.8400, valid_recall=0.8289, valid_f1=0.8344, valid_roc_auc=0.9797, valid_pr_auc=0.7796
2026-08-22 00:12:00,177 - INFO - Epoch 35/50, loss=0.0018, train_acc=0.9996, train_precision=0.9058, train_recall=0.8278, train_f1=0.8651, train_roc_auc=0.9979, train_pr_auc=0.8392, valid_acc=0.9995, valid_precision=0.8514, valid_recall=0.8289, valid_f1=0.8400, valid_roc_auc=0.9798, valid_pr_auc=0.7823
2026-08-22 00:12:12,264 - INFO - Epoch 36/50, loss=0.0018, train_acc=0.9996, train_precision=0.9055, train_recall=0.8245, train_f1=0.8631, train_roc_auc=0.9967, train_pr_auc=0.8432, valid_acc=0.9994, valid_precision=0.8400, valid_recall=0.8289, valid_f1=0.8344, valid_roc_auc=0.9802, valid_pr_auc=0.7830
2026-08-22 00:12:26,096 - INFO - Epoch 37/50, loss=0.0018, train_acc=0.9996, train_precision=0.9043, train_recall=0.8444, train_f1=0.8733, train_roc_auc=0.9982, train_pr_auc=0.8371, valid_acc=0.9995, valid_precision=0.8514, valid_recall=0.8289, valid_f1=0.8400, valid_roc_auc=0.9796, valid_pr_auc=0.7802
2026-08-22 00:12:40,374 - INFO - Epoch 38/50, loss=0.0018, train_acc=0.9996, train_precision=0.9058, train_recall=0.8278, train_f1=0.8651, train_roc_auc=0.9981, train_pr_auc=0.8484, valid_acc=0.9994, valid_precision=0.8400, valid_recall=0.8289, valid_f1=0.8344, valid_roc_auc=0.9793, valid_pr_auc=0.7803
2026-08-22 00:12:54,671 - INFO - Epoch 39/50, loss=0.0018, train_acc=0.9996, train_precision=0.9065, train_recall=0.8344, train_f1=0.8690, train_roc_auc=0.9974, train_pr_auc=0.8385, valid_acc=0.9995, valid_precision=0.8514, valid_recall=0.8289, valid_f1=0.8400, valid_roc_auc=0.9789, valid_pr_auc=0.7821
2026-08-22 00:13:08,646 - INFO - Epoch 40/50, loss=0.0018, train_acc=0.9996, train_precision=0.9061, train_recall=0.8311, train_f1=0.8670, train_roc_auc=0.9978, train_pr_auc=0.8396, valid_acc=0.9995, valid_precision=0.8514, valid_recall=0.8289, valid_f1=0.8400, valid_roc_auc=0.9800, valid_pr_auc=0.7871
2026-08-22 00:13:22,870 - INFO - Epoch 41/50, loss=0.0018, train_acc=0.9996, train_precision=0.9075, train_recall=0.8444, train_f1=0.8748, train_roc_auc=0.9980, train_pr_auc=0.8351, valid_acc=0.9994, valid_precision=0.8400, valid_recall=0.8289, valid_f1=0.8344, valid_roc_auc=0.9811, valid_pr_auc=0.7830
2026-08-22 00:13:36,737 - INFO - Epoch 42/50, loss=0.0017, train_acc=0.9996, train_precision=0.9078, train_recall=0.8477, train_f1=0.8767, train_roc_auc=0.9983, train_pr_auc=0.8416, valid_acc=0.9995, valid_precision=0.8514, valid_recall=0.8289, valid_f1=0.8400, valid_roc_auc=0.9789, valid_pr_auc=0.7815
2026-08-22 00:13:51,022 - INFO - Epoch 43/50, loss=0.0018, train_acc=0.9996, train_precision=0.9065, train_recall=0.8344, train_f1=0.8690, train_roc_auc=0.9983, train_pr_auc=0.8415, valid_acc=0.9994, valid_precision=0.8400, valid_recall=0.8289, valid_f1=0.8344, valid_roc_auc=0.9786, valid_pr_auc=0.7829
2026-08-22 00:14:04,809 - INFO - Epoch 44/50, loss=0.0018, train_acc=0.9996, train_precision=0.9029, train_recall=0.8311, train_f1=0.8655, train_roc_auc=0.9975, train_pr_auc=0.8509, valid_acc=0.9995, valid_precision=0.8514, valid_recall=0.8289, valid_f1=0.8400, valid_roc_auc=0.9792, valid_pr_auc=0.7834
2026-08-22 00:14:18,483 - INFO - Epoch 45/50, loss=0.0018, train_acc=0.9996, train_precision=0.9071, train_recall=0.8411, train_f1=0.8729, train_roc_auc=0.9983, train_pr_auc=0.8340, valid_acc=0.9994, valid_precision=0.8400, valid_recall=0.8289, valid_f1=0.8344, valid_roc_auc=0.9812, valid_pr_auc=0.7814
2026-08-22 00:14:32,119 - INFO - Epoch 46/50, loss=0.0018, train_acc=0.9996, train_precision=0.9007, train_recall=0.8411, train_f1=0.8699, train_roc_auc=0.9984, train_pr_auc=0.8367, valid_acc=0.9994, valid_precision=0.8400, valid_recall=0.8289, valid_f1=0.8344, valid_roc_auc=0.9822, valid_pr_auc=0.7849
2026-08-22 00:14:44,734 - INFO - Epoch 47/50, loss=0.0018, train_acc=0.9996, train_precision=0.9061, train_recall=0.8311, train_f1=0.8670, train_roc_auc=0.9982, train_pr_auc=0.8411, valid_acc=0.9994, valid_precision=0.8400, valid_recall=0.8289, valid_f1=0.8344, valid_roc_auc=0.9810, valid_pr_auc=0.7879
2026-08-22 00:14:57,948 - INFO - Epoch 48/50, loss=0.0018, train_acc=0.9996, train_precision=0.9068, train_recall=0.8377, train_f1=0.8709, train_roc_auc=0.9979, train_pr_auc=0.8421, valid_acc=0.9995, valid_precision=0.8514, valid_recall=0.8289, valid_f1=0.8400, valid_roc_auc=0.9802, valid_pr_auc=0.7813
2026-08-22 00:15:11,526 - INFO - Epoch 49/50, loss=0.0018, train_acc=0.9996, train_precision=0.9039, train_recall=0.8411, train_f1=0.8714, train_roc_auc=0.9981, train_pr_auc=0.8305, valid_acc=0.9994, valid_precision=0.8400, valid_recall=0.8289, valid_f1=0.8344, valid_roc_auc=0.9785, valid_pr_auc=0.7793
2026-08-22 00:15:25,759 - INFO - Epoch 50/50, loss=0.0018, train_acc=0.9996, train_precision=0.9043, train_recall=0.8444, train_f1=0.8733, train_roc_auc=0.9978, train_pr_auc=0.8354, valid_acc=0.9995, valid_precision=0.8514, valid_recall=0.8289, valid_f1=0.8400, valid_roc_auc=0.9799, valid_pr_auc=0.7837
2026-08-22 00:15:25,759 - INFO - Best epoch: 14
2026-08-22 00:15:25,759 - INFO - Best validation PR-AUC: 0.7909
2026-08-22 00:15:25,759 - INFO - Fold 4 results:
2026-08-22 00:15:25,759 - INFO - accuracy: 0.9994
2026-08-22 00:15:25,759 - INFO - f1: 0.8243
2026-08-22 00:15:25,759 - INFO - pr_auc: 0.7909
2026-08-22 00:15:25,759 - INFO - precision: 0.8472
2026-08-22 00:15:25,759 - INFO - recall: 0.8026
2026-08-22 00:15:25,759 - INFO - roc_auc: 0.9863
2026-08-22 00:15:25,759 - INFO - Model saved to models/fraud_model_index_3_fold_4.pth
2026-08-22 00:15:25,775 - INFO - 
========== Fold 5/5 ==========
2026-08-22 00:15:39,502 - INFO - Epoch 1: new best validation PR-AUC = 0.7878
2026-08-22 00:15:39,502 - INFO - Epoch 1/50, loss=0.0139, train_acc=0.9983, train_precision=0.6667, train_recall=0.0066, train_f1=0.0131, train_roc_auc=0.9403, train_pr_auc=0.4811, valid_acc=0.9983, valid_precision=0.0000, valid_recall=0.0000, valid_f1=0.0000, valid_roc_auc=0.9967, valid_pr_auc=0.7878
2026-08-22 00:15:53,464 - INFO - Epoch 2/50, loss=0.0035, train_acc=0.9991, train_precision=0.8520, train_recall=0.5530, train_f1=0.6707, train_roc_auc=0.9740, train_pr_auc=0.7178, valid_acc=0.9994, valid_precision=0.8148, valid_recall=0.8684, valid_f1=0.8408, valid_roc_auc=0.9950, valid_pr_auc=0.7741
2026-08-22 00:16:07,258 - INFO - Epoch 3/50, loss=0.0032, train_acc=0.9993, train_precision=0.8233, train_recall=0.7715, train_f1=0.7966, train_roc_auc=0.9821, train_pr_auc=0.7355, valid_acc=0.9995, valid_precision=0.8333, valid_recall=0.8553, valid_f1=0.8442, valid_roc_auc=0.9965, valid_pr_auc=0.7825
2026-08-22 00:16:21,697 - INFO - Epoch 4: new best validation PR-AUC = 0.8053
2026-08-22 00:16:21,697 - INFO - Epoch 4/50, loss=0.0030, train_acc=0.9994, train_precision=0.8369, train_recall=0.7815, train_f1=0.8082, train_roc_auc=0.9826, train_pr_auc=0.7398, valid_acc=0.9995, valid_precision=0.8333, valid_recall=0.8553, valid_f1=0.8442, valid_roc_auc=0.9954, valid_pr_auc=0.8053
2026-08-22 00:16:34,684 - INFO - Epoch 5/50, loss=0.0029, train_acc=0.9994, train_precision=0.8459, train_recall=0.7815, train_f1=0.8124, train_roc_auc=0.9829, train_pr_auc=0.7534, valid_acc=0.9995, valid_precision=0.8630, valid_recall=0.8289, valid_f1=0.8456, valid_roc_auc=0.9948, valid_pr_auc=0.8016
2026-08-22 00:16:48,373 - INFO - Epoch 6/50, loss=0.0028, train_acc=0.9994, train_precision=0.8556, train_recall=0.7848, train_f1=0.8187, train_roc_auc=0.9816, train_pr_auc=0.7498, valid_acc=0.9995, valid_precision=0.8421, valid_recall=0.8421, valid_f1=0.8421, valid_roc_auc=0.9943, valid_pr_auc=0.7984
2026-08-22 00:17:01,275 - INFO - Epoch 7: new best validation PR-AUC = 0.8098
2026-08-22 00:17:01,275 - INFO - Epoch 7/50, loss=0.0028, train_acc=0.9994, train_precision=0.8448, train_recall=0.7748, train_f1=0.8083, train_roc_auc=0.9838, train_pr_auc=0.7439, valid_acc=0.9995, valid_precision=0.8442, valid_recall=0.8553, valid_f1=0.8497, valid_roc_auc=0.9973, valid_pr_auc=0.8098
2026-08-22 00:17:14,427 - INFO - Epoch 8/50, loss=0.0027, train_acc=0.9994, train_precision=0.8603, train_recall=0.7748, train_f1=0.8153, train_roc_auc=0.9859, train_pr_auc=0.7845, valid_acc=0.9995, valid_precision=0.8533, valid_recall=0.8421, valid_f1=0.8477, valid_roc_auc=0.9976, valid_pr_auc=0.8084
2026-08-22 00:17:28,087 - INFO - Epoch 9: new best validation PR-AUC = 0.8383
2026-08-22 00:17:28,087 - INFO - Epoch 9/50, loss=0.0027, train_acc=0.9994, train_precision=0.8478, train_recall=0.7748, train_f1=0.8097, train_roc_auc=0.9857, train_pr_auc=0.7630, valid_acc=0.9995, valid_precision=0.8354, valid_recall=0.8684, valid_f1=0.8516, valid_roc_auc=0.9966, valid_pr_auc=0.8383
2026-08-22 00:17:42,242 - INFO - Epoch 10: new best validation PR-AUC = 0.8540
2026-08-22 00:17:42,242 - INFO - Epoch 10/50, loss=0.0027, train_acc=0.9994, train_precision=0.8478, train_recall=0.7748, train_f1=0.8097, train_roc_auc=0.9868, train_pr_auc=0.8093, valid_acc=0.9995, valid_precision=0.8442, valid_recall=0.8553, valid_f1=0.8497, valid_roc_auc=0.9965, valid_pr_auc=0.8540
2026-08-22 00:17:55,934 - INFO - Epoch 11: new best validation PR-AUC = 0.8566
2026-08-22 00:17:55,934 - INFO - Epoch 11/50, loss=0.0026, train_acc=0.9994, train_precision=0.8582, train_recall=0.7815, train_f1=0.8180, train_roc_auc=0.9877, train_pr_auc=0.8261, valid_acc=0.9995, valid_precision=0.8857, valid_recall=0.8158, valid_f1=0.8493, valid_roc_auc=0.9951, valid_pr_auc=0.8566
2026-08-22 00:18:09,551 - INFO - Epoch 12: new best validation PR-AUC = 0.8703
2026-08-22 00:18:09,551 - INFO - Epoch 12/50, loss=0.0025, train_acc=0.9994, train_precision=0.8699, train_recall=0.7748, train_f1=0.8196, train_roc_auc=0.9862, train_pr_auc=0.8343, valid_acc=0.9995, valid_precision=0.9062, valid_recall=0.7632, valid_f1=0.8286, valid_roc_auc=0.9979, valid_pr_auc=0.8703
2026-08-22 00:18:22,449 - INFO - Epoch 13/50, loss=0.0024, train_acc=0.9994, train_precision=0.8640, train_recall=0.7781, train_f1=0.8188, train_roc_auc=0.9886, train_pr_auc=0.8512, valid_acc=0.9995, valid_precision=0.8250, valid_recall=0.8684, valid_f1=0.8462, valid_roc_auc=0.9925, valid_pr_auc=0.8620
2026-08-22 00:18:35,392 - INFO - Epoch 14: new best validation PR-AUC = 0.8785
2026-08-22 00:18:35,392 - INFO - Epoch 14/50, loss=0.0024, train_acc=0.9994, train_precision=0.8846, train_recall=0.7616, train_f1=0.8185, train_roc_auc=0.9881, train_pr_auc=0.8583, valid_acc=0.9995, valid_precision=0.8767, valid_recall=0.8421, valid_f1=0.8591, valid_roc_auc=0.9966, valid_pr_auc=0.8785
2026-08-22 00:18:49,243 - INFO - Epoch 15: new best validation PR-AUC = 0.8799
2026-08-22 00:18:49,243 - INFO - Epoch 15/50, loss=0.0023, train_acc=0.9995, train_precision=0.8996, train_recall=0.7715, train_f1=0.8307, train_roc_auc=0.9877, train_pr_auc=0.8680, valid_acc=0.9995, valid_precision=0.8462, valid_recall=0.8684, valid_f1=0.8571, valid_roc_auc=0.9958, valid_pr_auc=0.8799
2026-08-22 00:19:01,323 - INFO - Epoch 16: new best validation PR-AUC = 0.8843
2026-08-22 00:19:01,323 - INFO - Epoch 16/50, loss=0.0023, train_acc=0.9995, train_precision=0.8966, train_recall=0.7748, train_f1=0.8313, train_roc_auc=0.9883, train_pr_auc=0.8662, valid_acc=0.9995, valid_precision=0.8571, valid_recall=0.8684, valid_f1=0.8627, valid_roc_auc=0.9968, valid_pr_auc=0.8843
2026-08-22 00:19:13,901 - INFO - Epoch 17/50, loss=0.0023, train_acc=0.9995, train_precision=0.8996, train_recall=0.8013, train_f1=0.8476, train_roc_auc=0.9874, train_pr_auc=0.8701, valid_acc=0.9996, valid_precision=0.8919, valid_recall=0.8684, valid_f1=0.8800, valid_roc_auc=0.9969, valid_pr_auc=0.8836
2026-08-22 00:19:27,547 - INFO - Epoch 18/50, loss=0.0021, train_acc=0.9995, train_precision=0.9258, train_recall=0.7848, train_f1=0.8495, train_roc_auc=0.9882, train_pr_auc=0.8831, valid_acc=0.9995, valid_precision=0.8667, valid_recall=0.8553, valid_f1=0.8609, valid_roc_auc=0.9952, valid_pr_auc=0.8802
2026-08-22 00:19:41,189 - INFO - Epoch 19/50, loss=0.0022, train_acc=0.9995, train_precision=0.9035, train_recall=0.7748, train_f1=0.8342, train_roc_auc=0.9891, train_pr_auc=0.8783, valid_acc=0.9995, valid_precision=0.8442, valid_recall=0.8553, valid_f1=0.8497, valid_roc_auc=0.9870, valid_pr_auc=0.8759
2026-08-22 00:19:53,710 - INFO - Epoch 20/50, loss=0.0019, train_acc=0.9995, train_precision=0.9132, train_recall=0.8013, train_f1=0.8536, train_roc_auc=0.9928, train_pr_auc=0.8948, valid_acc=0.9996, valid_precision=0.8889, valid_recall=0.8421, valid_f1=0.8649, valid_roc_auc=0.9974, valid_pr_auc=0.8837
2026-08-22 00:20:06,516 - INFO - Epoch 21/50, loss=0.0019, train_acc=0.9996, train_precision=0.9346, train_recall=0.8046, train_f1=0.8648, train_roc_auc=0.9930, train_pr_auc=0.8983, valid_acc=0.9996, valid_precision=0.9524, valid_recall=0.7895, valid_f1=0.8633, valid_roc_auc=0.9958, valid_pr_auc=0.8805
2026-08-22 00:20:20,694 - INFO - Epoch 22: new best validation PR-AUC = 0.8868
2026-08-22 00:20:20,694 - INFO - Epoch 22/50, loss=0.0018, train_acc=0.9996, train_precision=0.9331, train_recall=0.8311, train_f1=0.8792, train_roc_auc=0.9920, train_pr_auc=0.9031, valid_acc=0.9996, valid_precision=0.9167, valid_recall=0.8684, valid_f1=0.8919, valid_roc_auc=0.9938, valid_pr_auc=0.8868
2026-08-22 00:20:33,830 - INFO - Epoch 23/50, loss=0.0018, train_acc=0.9996, train_precision=0.9401, train_recall=0.8311, train_f1=0.8822, train_roc_auc=0.9928, train_pr_auc=0.9052, valid_acc=0.9996, valid_precision=0.8784, valid_recall=0.8553, valid_f1=0.8667, valid_roc_auc=0.9962, valid_pr_auc=0.8815
2026-08-22 00:20:48,115 - INFO - Epoch 24: new best validation PR-AUC = 0.8897
2026-08-22 00:20:48,115 - INFO - Epoch 24/50, loss=0.0017, train_acc=0.9996, train_precision=0.9363, train_recall=0.8278, train_f1=0.8787, train_roc_auc=0.9939, train_pr_auc=0.9051, valid_acc=0.9996, valid_precision=0.9014, valid_recall=0.8421, valid_f1=0.8707, valid_roc_auc=0.9938, valid_pr_auc=0.8897
2026-08-22 00:21:01,293 - INFO - Epoch 25/50, loss=0.0017, train_acc=0.9997, train_precision=0.9580, train_recall=0.8311, train_f1=0.8901, train_roc_auc=0.9921, train_pr_auc=0.9093, valid_acc=0.9995, valid_precision=0.8873, valid_recall=0.8289, valid_f1=0.8571, valid_roc_auc=0.9905, valid_pr_auc=0.8834
2026-08-22 00:21:13,396 - INFO - Epoch 26: new best validation PR-AUC = 0.8949
2026-08-22 00:21:13,396 - INFO - Epoch 26/50, loss=0.0018, train_acc=0.9996, train_precision=0.9423, train_recall=0.8113, train_f1=0.8719, train_roc_auc=0.9939, train_pr_auc=0.9048, valid_acc=0.9997, valid_precision=0.9296, valid_recall=0.8684, valid_f1=0.8980, valid_roc_auc=0.9929, valid_pr_auc=0.8949
2026-08-22 00:21:25,423 - INFO - Epoch 27/50, loss=0.0016, train_acc=0.9996, train_precision=0.9496, train_recall=0.8113, train_f1=0.8750, train_roc_auc=0.9938, train_pr_auc=0.9149, valid_acc=0.9996, valid_precision=0.8701, valid_recall=0.8816, valid_f1=0.8758, valid_roc_auc=0.9957, valid_pr_auc=0.8917
2026-08-22 00:21:38,169 - INFO - Epoch 28/50, loss=0.0017, train_acc=0.9996, train_precision=0.9291, train_recall=0.8245, train_f1=0.8737, train_roc_auc=0.9940, train_pr_auc=0.9124, valid_acc=0.9995, valid_precision=0.9355, valid_recall=0.7632, valid_f1=0.8406, valid_roc_auc=0.9946, valid_pr_auc=0.8833
2026-08-22 00:21:50,776 - INFO - Epoch 29/50, loss=0.0016, train_acc=0.9996, train_precision=0.9474, train_recall=0.8344, train_f1=0.8873, train_roc_auc=0.9942, train_pr_auc=0.9134, valid_acc=0.9995, valid_precision=0.9492, valid_recall=0.7368, valid_f1=0.8296, valid_roc_auc=0.9914, valid_pr_auc=0.8871
2026-08-22 00:22:03,888 - INFO - Epoch 30/50, loss=0.0014, train_acc=0.9997, train_precision=0.9664, train_recall=0.8576, train_f1=0.9088, train_roc_auc=0.9960, train_pr_auc=0.9264, valid_acc=0.9996, valid_precision=0.9412, valid_recall=0.8421, valid_f1=0.8889, valid_roc_auc=0.9896, valid_pr_auc=0.8902
2026-08-22 00:22:18,166 - INFO - Epoch 31/50, loss=0.0015, train_acc=0.9997, train_precision=0.9586, train_recall=0.8444, train_f1=0.8979, train_roc_auc=0.9949, train_pr_auc=0.9269, valid_acc=0.9996, valid_precision=0.9403, valid_recall=0.8289, valid_f1=0.8811, valid_roc_auc=0.9945, valid_pr_auc=0.8896
2026-08-22 00:22:31,169 - INFO - Epoch 32/50, loss=0.0014, train_acc=0.9997, train_precision=0.9583, train_recall=0.8377, train_f1=0.8940, train_roc_auc=0.9954, train_pr_auc=0.9271, valid_acc=0.9996, valid_precision=0.9403, valid_recall=0.8289, valid_f1=0.8811, valid_roc_auc=0.9912, valid_pr_auc=0.8833
2026-08-22 00:22:44,291 - INFO - Epoch 33/50, loss=0.0013, train_acc=0.9997, train_precision=0.9703, train_recall=0.8642, train_f1=0.9142, train_roc_auc=0.9972, train_pr_auc=0.9354, valid_acc=0.9995, valid_precision=0.9355, valid_recall=0.7632, valid_f1=0.8406, valid_roc_auc=0.9920, valid_pr_auc=0.8917
2026-08-22 00:22:57,254 - INFO - Epoch 34/50, loss=0.0013, train_acc=0.9997, train_precision=0.9703, train_recall=0.8642, train_f1=0.9142, train_roc_auc=0.9969, train_pr_auc=0.9381, valid_acc=0.9995, valid_precision=0.9500, valid_recall=0.7500, valid_f1=0.8382, valid_roc_auc=0.9934, valid_pr_auc=0.8896
2026-08-22 00:23:09,423 - INFO - Epoch 35/50, loss=0.0013, train_acc=0.9997, train_precision=0.9596, train_recall=0.8642, train_f1=0.9094, train_roc_auc=0.9974, train_pr_auc=0.9354, valid_acc=0.9995, valid_precision=0.9508, valid_recall=0.7632, valid_f1=0.8467, valid_roc_auc=0.9908, valid_pr_auc=0.8855
2026-08-22 00:23:22,806 - INFO - Epoch 36/50, loss=0.0013, train_acc=0.9997, train_precision=0.9812, train_recall=0.8642, train_f1=0.9190, train_roc_auc=0.9972, train_pr_auc=0.9385, valid_acc=0.9996, valid_precision=0.9403, valid_recall=0.8289, valid_f1=0.8811, valid_roc_auc=0.9922, valid_pr_auc=0.8883
2026-08-22 00:23:36,759 - INFO - Epoch 37/50, loss=0.0013, train_acc=0.9997, train_precision=0.9706, train_recall=0.8742, train_f1=0.9199, train_roc_auc=0.9977, train_pr_auc=0.9385, valid_acc=0.9996, valid_precision=0.9394, valid_recall=0.8158, valid_f1=0.8732, valid_roc_auc=0.9917, valid_pr_auc=0.8916
2026-08-22 00:23:50,758 - INFO - Epoch 38/50, loss=0.0012, train_acc=0.9997, train_precision=0.9668, train_recall=0.8675, train_f1=0.9145, train_roc_auc=0.9980, train_pr_auc=0.9411, valid_acc=0.9995, valid_precision=0.9365, valid_recall=0.7763, valid_f1=0.8489, valid_roc_auc=0.9901, valid_pr_auc=0.8898
2026-08-22 00:24:03,509 - INFO - Epoch 39/50, loss=0.0012, train_acc=0.9997, train_precision=0.9811, train_recall=0.8609, train_f1=0.9171, train_roc_auc=0.9975, train_pr_auc=0.9355, valid_acc=0.9996, valid_precision=0.9403, valid_recall=0.8289, valid_f1=0.8811, valid_roc_auc=0.9931, valid_pr_auc=0.8908
2026-08-22 00:24:17,342 - INFO - Epoch 40/50, loss=0.0012, train_acc=0.9997, train_precision=0.9705, train_recall=0.8709, train_f1=0.9180, train_roc_auc=0.9980, train_pr_auc=0.9433, valid_acc=0.9996, valid_precision=0.9385, valid_recall=0.8026, valid_f1=0.8652, valid_roc_auc=0.9910, valid_pr_auc=0.8902
2026-08-22 00:24:31,398 - INFO - Epoch 41/50, loss=0.0012, train_acc=0.9998, train_precision=0.9778, train_recall=0.8742, train_f1=0.9231, train_roc_auc=0.9984, train_pr_auc=0.9419, valid_acc=0.9996, valid_precision=0.9403, valid_recall=0.8289, valid_f1=0.8811, valid_roc_auc=0.9912, valid_pr_auc=0.8908
2026-08-22 00:24:45,365 - INFO - Epoch 42/50, loss=0.0012, train_acc=0.9997, train_precision=0.9775, train_recall=0.8642, train_f1=0.9174, train_roc_auc=0.9978, train_pr_auc=0.9438, valid_acc=0.9996, valid_precision=0.9394, valid_recall=0.8158, valid_f1=0.8732, valid_roc_auc=0.9918, valid_pr_auc=0.8917
2026-08-22 00:24:58,367 - INFO - Epoch 43/50, loss=0.0012, train_acc=0.9998, train_precision=0.9778, train_recall=0.8742, train_f1=0.9231, train_roc_auc=0.9986, train_pr_auc=0.9421, valid_acc=0.9996, valid_precision=0.9394, valid_recall=0.8158, valid_f1=0.8732, valid_roc_auc=0.9915, valid_pr_auc=0.8896
2026-08-22 00:25:11,969 - INFO - Epoch 44/50, loss=0.0012, train_acc=0.9997, train_precision=0.9706, train_recall=0.8742, train_f1=0.9199, train_roc_auc=0.9986, train_pr_auc=0.9443, valid_acc=0.9995, valid_precision=0.9355, valid_recall=0.7632, valid_f1=0.8406, valid_roc_auc=0.9898, valid_pr_auc=0.8906
2026-08-22 00:25:26,157 - INFO - Epoch 45/50, loss=0.0011, train_acc=0.9998, train_precision=0.9887, train_recall=0.8709, train_f1=0.9261, train_roc_auc=0.9987, train_pr_auc=0.9471, valid_acc=0.9996, valid_precision=0.9394, valid_recall=0.8158, valid_f1=0.8732, valid_roc_auc=0.9900, valid_pr_auc=0.8905
2026-08-22 00:25:40,354 - INFO - Epoch 46/50, loss=0.0012, train_acc=0.9998, train_precision=0.9778, train_recall=0.8742, train_f1=0.9231, train_roc_auc=0.9984, train_pr_auc=0.9410, valid_acc=0.9996, valid_precision=0.9394, valid_recall=0.8158, valid_f1=0.8732, valid_roc_auc=0.9904, valid_pr_auc=0.8905
2026-08-22 00:25:53,387 - INFO - Epoch 47/50, loss=0.0011, train_acc=0.9998, train_precision=0.9777, train_recall=0.8709, train_f1=0.9212, train_roc_auc=0.9984, train_pr_auc=0.9461, valid_acc=0.9996, valid_precision=0.9385, valid_recall=0.8026, valid_f1=0.8652, valid_roc_auc=0.9903, valid_pr_auc=0.8886
2026-08-22 00:26:07,683 - INFO - Epoch 48/50, loss=0.0011, train_acc=0.9998, train_precision=0.9779, train_recall=0.8808, train_f1=0.9268, train_roc_auc=0.9989, train_pr_auc=0.9435, valid_acc=0.9996, valid_precision=0.9385, valid_recall=0.8026, valid_f1=0.8652, valid_roc_auc=0.9905, valid_pr_auc=0.8896
2026-08-22 00:26:21,858 - INFO - Epoch 49/50, loss=0.0012, train_acc=0.9998, train_precision=0.9813, train_recall=0.8709, train_f1=0.9228, train_roc_auc=0.9984, train_pr_auc=0.9438, valid_acc=0.9996, valid_precision=0.9394, valid_recall=0.8158, valid_f1=0.8732, valid_roc_auc=0.9901, valid_pr_auc=0.8901
2026-08-22 00:26:35,543 - INFO - Epoch 50/50, loss=0.0011, train_acc=0.9998, train_precision=0.9815, train_recall=0.8775, train_f1=0.9266, train_roc_auc=0.9984, train_pr_auc=0.9452, valid_acc=0.9996, valid_precision=0.9403, valid_recall=0.8289, valid_f1=0.8811, valid_roc_auc=0.9923, valid_pr_auc=0.8895
2026-08-22 00:26:35,543 - INFO - Best epoch: 26
2026-08-22 00:26:35,543 - INFO - Best validation PR-AUC: 0.8949
2026-08-22 00:26:35,543 - INFO - Fold 5 results:
2026-08-22 00:26:35,543 - INFO - accuracy: 0.9997
2026-08-22 00:26:35,543 - INFO - f1: 0.8980
2026-08-22 00:26:35,543 - INFO - pr_auc: 0.8949
2026-08-22 00:26:35,543 - INFO - precision: 0.9296
2026-08-22 00:26:35,543 - INFO - recall: 0.8684
2026-08-22 00:26:35,543 - INFO - roc_auc: 0.9929
2026-08-22 00:26:35,543 - INFO - Model saved to models/fraud_model_index_3_fold_5.pth
2026-08-22 00:26:35,543 - INFO - ================== Training Model 4 ==================
2026-08-22 00:26:35,581 - INFO - 
========== Fold 1/5 ==========
2026-08-22 00:26:48,307 - INFO - Epoch 1: new best validation PR-AUC = 0.7547
2026-08-22 00:26:48,307 - INFO - Epoch 1/50, loss=0.0092, train_acc=0.9988, train_precision=0.8455, train_recall=0.3432, train_f1=0.4883, train_roc_auc=0.9505, train_pr_auc=0.6398, valid_acc=0.9995, valid_precision=0.9062, valid_recall=0.7733, valid_f1=0.8345, valid_roc_auc=0.9703, valid_pr_auc=0.7547
2026-08-22 00:27:01,072 - INFO - Epoch 2: new best validation PR-AUC = 0.7799
2026-08-22 00:27:01,072 - INFO - Epoch 2/50, loss=0.0031, train_acc=0.9994, train_precision=0.8287, train_recall=0.7822, train_f1=0.8048, train_roc_auc=0.9837, train_pr_auc=0.7301, valid_acc=0.9995, valid_precision=0.8824, valid_recall=0.8000, valid_f1=0.8392, valid_roc_auc=0.9661, valid_pr_auc=0.7799
2026-08-22 00:27:13,780 - INFO - Epoch 3: new best validation PR-AUC = 0.8050
2026-08-22 00:27:13,780 - INFO - Epoch 3/50, loss=0.0028, train_acc=0.9994, train_precision=0.8247, train_recall=0.7921, train_f1=0.8081, train_roc_auc=0.9863, train_pr_auc=0.7214, valid_acc=0.9995, valid_precision=0.8955, valid_recall=0.8000, valid_f1=0.8451, valid_roc_auc=0.9752, valid_pr_auc=0.8050
2026-08-22 00:27:26,391 - INFO - Epoch 4: new best validation PR-AUC = 0.8143
2026-08-22 00:27:26,391 - INFO - Epoch 4/50, loss=0.0028, train_acc=0.9994, train_precision=0.8467, train_recall=0.7657, train_f1=0.8042, train_roc_auc=0.9887, train_pr_auc=0.7851, valid_acc=0.9995, valid_precision=0.8955, valid_recall=0.8000, valid_f1=0.8451, valid_roc_auc=0.9676, valid_pr_auc=0.8143
2026-08-22 00:27:39,573 - INFO - Epoch 5/50, loss=0.0027, train_acc=0.9994, train_precision=0.8525, train_recall=0.7822, train_f1=0.8158, train_roc_auc=0.9859, train_pr_auc=0.8179, valid_acc=0.9995, valid_precision=0.9091, valid_recall=0.8000, valid_f1=0.8511, valid_roc_auc=0.9662, valid_pr_auc=0.8126
2026-08-22 00:27:52,277 - INFO - Epoch 6: new best validation PR-AUC = 0.8263
2026-08-22 00:27:52,277 - INFO - Epoch 6/50, loss=0.0026, train_acc=0.9994, train_precision=0.8769, train_recall=0.7756, train_f1=0.8231, train_roc_auc=0.9908, train_pr_auc=0.8388, valid_acc=0.9995, valid_precision=0.8824, valid_recall=0.8000, valid_f1=0.8392, valid_roc_auc=0.9702, valid_pr_auc=0.8263
2026-08-22 00:28:05,886 - INFO - Epoch 7: new best validation PR-AUC = 0.8404
2026-08-22 00:28:05,886 - INFO - Epoch 7/50, loss=0.0025, train_acc=0.9994, train_precision=0.8509, train_recall=0.7723, train_f1=0.8097, train_roc_auc=0.9875, train_pr_auc=0.8444, valid_acc=0.9994, valid_precision=0.9153, valid_recall=0.7200, valid_f1=0.8060, valid_roc_auc=0.9689, valid_pr_auc=0.8404
2026-08-22 00:28:18,957 - INFO - Epoch 8/50, loss=0.0024, train_acc=0.9994, train_precision=0.8672, train_recall=0.7756, train_f1=0.8188, train_roc_auc=0.9883, train_pr_auc=0.8447, valid_acc=0.9994, valid_precision=0.9153, valid_recall=0.7200, valid_f1=0.8060, valid_roc_auc=0.9721, valid_pr_auc=0.8387
2026-08-22 00:28:31,992 - INFO - Epoch 9/50, loss=0.0023, train_acc=0.9994, train_precision=0.8635, train_recall=0.7723, train_f1=0.8153, train_roc_auc=0.9889, train_pr_auc=0.8633, valid_acc=0.9994, valid_precision=0.9286, valid_recall=0.6933, valid_f1=0.7939, valid_roc_auc=0.9759, valid_pr_auc=0.8355
2026-08-22 00:28:45,030 - INFO - Epoch 10/50, loss=0.0023, train_acc=0.9995, train_precision=0.8864, train_recall=0.7723, train_f1=0.8254, train_roc_auc=0.9911, train_pr_auc=0.8594, valid_acc=0.9995, valid_precision=0.9077, valid_recall=0.7867, valid_f1=0.8429, valid_roc_auc=0.9683, valid_pr_auc=0.8394
2026-08-22 00:28:57,609 - INFO - Epoch 11: new best validation PR-AUC = 0.8418
2026-08-22 00:28:57,609 - INFO - Epoch 11/50, loss=0.0021, train_acc=0.9995, train_precision=0.8926, train_recall=0.7954, train_f1=0.8412, train_roc_auc=0.9923, train_pr_auc=0.8791, valid_acc=0.9995, valid_precision=0.9322, valid_recall=0.7333, valid_f1=0.8209, valid_roc_auc=0.9727, valid_pr_auc=0.8418
2026-08-22 00:29:09,750 - INFO - Epoch 12: new best validation PR-AUC = 0.8479
2026-08-22 00:29:09,751 - INFO - Epoch 12/50, loss=0.0021, train_acc=0.9995, train_precision=0.9192, train_recall=0.7888, train_f1=0.8490, train_roc_auc=0.9900, train_pr_auc=0.8791, valid_acc=0.9996, valid_precision=0.9828, valid_recall=0.7600, valid_f1=0.8571, valid_roc_auc=0.9743, valid_pr_auc=0.8479
2026-08-22 00:29:21,962 - INFO - Epoch 13: new best validation PR-AUC = 0.8481
2026-08-22 00:29:21,962 - INFO - Epoch 13/50, loss=0.0020, train_acc=0.9995, train_precision=0.9167, train_recall=0.7987, train_f1=0.8536, train_roc_auc=0.9925, train_pr_auc=0.8843, valid_acc=0.9995, valid_precision=0.9492, valid_recall=0.7467, valid_f1=0.8358, valid_roc_auc=0.9761, valid_pr_auc=0.8481
2026-08-22 00:29:34,754 - INFO - Epoch 14: new best validation PR-AUC = 0.8521
2026-08-22 00:29:34,754 - INFO - Epoch 14/50, loss=0.0020, train_acc=0.9996, train_precision=0.9208, train_recall=0.8053, train_f1=0.8592, train_roc_auc=0.9932, train_pr_auc=0.8849, valid_acc=0.9995, valid_precision=0.9655, valid_recall=0.7467, valid_f1=0.8421, valid_roc_auc=0.9694, valid_pr_auc=0.8521
2026-08-22 00:29:47,129 - INFO - Epoch 15/50, loss=0.0020, train_acc=0.9996, train_precision=0.9254, train_recall=0.8185, train_f1=0.8687, train_roc_auc=0.9914, train_pr_auc=0.8895, valid_acc=0.9995, valid_precision=0.9649, valid_recall=0.7333, valid_f1=0.8333, valid_roc_auc=0.9720, valid_pr_auc=0.8443
2026-08-22 00:29:59,299 - INFO - Epoch 16/50, loss=0.0019, train_acc=0.9996, train_precision=0.9326, train_recall=0.8218, train_f1=0.8737, train_roc_auc=0.9929, train_pr_auc=0.8942, valid_acc=0.9995, valid_precision=0.9483, valid_recall=0.7333, valid_f1=0.8271, valid_roc_auc=0.9730, valid_pr_auc=0.8516
2026-08-22 00:30:11,326 - INFO - Epoch 17/50, loss=0.0019, train_acc=0.9996, train_precision=0.9356, train_recall=0.8152, train_f1=0.8713, train_roc_auc=0.9937, train_pr_auc=0.8926, valid_acc=0.9996, valid_precision=0.9242, valid_recall=0.8133, valid_f1=0.8652, valid_roc_auc=0.9635, valid_pr_auc=0.8462
2026-08-22 00:30:23,362 - INFO - Epoch 18/50, loss=0.0017, train_acc=0.9996, train_precision=0.9370, train_recall=0.8350, train_f1=0.8831, train_roc_auc=0.9937, train_pr_auc=0.9057, valid_acc=0.9996, valid_precision=0.9661, valid_recall=0.7600, valid_f1=0.8507, valid_roc_auc=0.9695, valid_pr_auc=0.8483
2026-08-22 00:30:36,165 - INFO - Epoch 19/50, loss=0.0017, train_acc=0.9996, train_precision=0.9434, train_recall=0.8251, train_f1=0.8803, train_roc_auc=0.9955, train_pr_auc=0.9094, valid_acc=0.9996, valid_precision=0.9242, valid_recall=0.8133, valid_f1=0.8652, valid_roc_auc=0.9631, valid_pr_auc=0.8490
2026-08-22 00:30:48,797 - INFO - Epoch 20/50, loss=0.0017, train_acc=0.9996, train_precision=0.9403, train_recall=0.8317, train_f1=0.8827, train_roc_auc=0.9943, train_pr_auc=0.9031, valid_acc=0.9995, valid_precision=0.9655, valid_recall=0.7467, valid_f1=0.8421, valid_roc_auc=0.9681, valid_pr_auc=0.8505
2026-08-22 00:31:01,726 - INFO - Epoch 21/50, loss=0.0016, train_acc=0.9997, train_precision=0.9519, train_recall=0.8482, train_f1=0.8970, train_roc_auc=0.9950, train_pr_auc=0.9128, valid_acc=0.9996, valid_precision=0.9825, valid_recall=0.7467, valid_f1=0.8485, valid_roc_auc=0.9643, valid_pr_auc=0.8481
2026-08-22 00:31:15,040 - INFO - Epoch 22: new best validation PR-AUC = 0.8548
2026-08-22 00:31:15,040 - INFO - Epoch 22/50, loss=0.0016, train_acc=0.9997, train_precision=0.9559, train_recall=0.8581, train_f1=0.9043, train_roc_auc=0.9952, train_pr_auc=0.9152, valid_acc=0.9996, valid_precision=1.0000, valid_recall=0.7733, valid_f1=0.8722, valid_roc_auc=0.9644, valid_pr_auc=0.8548
2026-08-22 00:31:28,126 - INFO - Epoch 23/50, loss=0.0016, train_acc=0.9997, train_precision=0.9520, train_recall=0.8515, train_f1=0.8990, train_roc_auc=0.9956, train_pr_auc=0.9161, valid_acc=0.9996, valid_precision=1.0000, valid_recall=0.7467, valid_f1=0.8550, valid_roc_auc=0.9646, valid_pr_auc=0.8532
2026-08-22 00:31:41,377 - INFO - Epoch 24: new best validation PR-AUC = 0.8554
2026-08-22 00:31:41,377 - INFO - Epoch 24/50, loss=0.0015, train_acc=0.9997, train_precision=0.9493, train_recall=0.8647, train_f1=0.9050, train_roc_auc=0.9963, train_pr_auc=0.9164, valid_acc=0.9996, valid_precision=0.9365, valid_recall=0.7867, valid_f1=0.8551, valid_roc_auc=0.9651, valid_pr_auc=0.8554
2026-08-22 00:31:53,756 - INFO - Epoch 25/50, loss=0.0015, train_acc=0.9997, train_precision=0.9596, train_recall=0.8614, train_f1=0.9078, train_roc_auc=0.9955, train_pr_auc=0.9189, valid_acc=0.9996, valid_precision=0.9365, valid_recall=0.7867, valid_f1=0.8551, valid_roc_auc=0.9639, valid_pr_auc=0.8494
2026-08-22 00:32:06,946 - INFO - Epoch 26/50, loss=0.0015, train_acc=0.9997, train_precision=0.9596, train_recall=0.8614, train_f1=0.9078, train_roc_auc=0.9955, train_pr_auc=0.9188, valid_acc=0.9996, valid_precision=1.0000, valid_recall=0.7600, valid_f1=0.8636, valid_roc_auc=0.9636, valid_pr_auc=0.8460
2026-08-22 00:32:20,464 - INFO - Epoch 27/50, loss=0.0016, train_acc=0.9997, train_precision=0.9446, train_recall=0.8449, train_f1=0.8920, train_roc_auc=0.9953, train_pr_auc=0.9165, valid_acc=0.9996, valid_precision=0.9365, valid_recall=0.7867, valid_f1=0.8551, valid_roc_auc=0.9631, valid_pr_auc=0.8514
2026-08-22 00:32:34,243 - INFO - Epoch 28/50, loss=0.0014, train_acc=0.9997, train_precision=0.9559, train_recall=0.8581, train_f1=0.9043, train_roc_auc=0.9967, train_pr_auc=0.9230, valid_acc=0.9996, valid_precision=0.9672, valid_recall=0.7867, valid_f1=0.8676, valid_roc_auc=0.9631, valid_pr_auc=0.8548
2026-08-22 00:32:47,805 - INFO - Epoch 29/50, loss=0.0014, train_acc=0.9997, train_precision=0.9667, train_recall=0.8614, train_f1=0.9110, train_roc_auc=0.9963, train_pr_auc=0.9281, valid_acc=0.9996, valid_precision=1.0000, valid_recall=0.7733, valid_f1=0.8722, valid_roc_auc=0.9589, valid_pr_auc=0.8495
2026-08-22 00:33:00,242 - INFO - Epoch 30/50, loss=0.0014, train_acc=0.9997, train_precision=0.9665, train_recall=0.8581, train_f1=0.9091, train_roc_auc=0.9965, train_pr_auc=0.9234, valid_acc=0.9996, valid_precision=0.9831, valid_recall=0.7733, valid_f1=0.8657, valid_roc_auc=0.9623, valid_pr_auc=0.8475
2026-08-22 00:33:12,410 - INFO - Epoch 31/50, loss=0.0014, train_acc=0.9997, train_precision=0.9703, train_recall=0.8614, train_f1=0.9126, train_roc_auc=0.9963, train_pr_auc=0.9269, valid_acc=0.9996, valid_precision=0.9833, valid_recall=0.7867, valid_f1=0.8741, valid_roc_auc=0.9611, valid_pr_auc=0.8508
2026-08-22 00:33:24,871 - INFO - Epoch 32/50, loss=0.0014, train_acc=0.9997, train_precision=0.9593, train_recall=0.8548, train_f1=0.9040, train_roc_auc=0.9960, train_pr_auc=0.9256, valid_acc=0.9996, valid_precision=0.9833, valid_recall=0.7867, valid_f1=0.8741, valid_roc_auc=0.9613, valid_pr_auc=0.8462
2026-08-22 00:33:37,257 - INFO - Epoch 33/50, loss=0.0014, train_acc=0.9997, train_precision=0.9663, train_recall=0.8515, train_f1=0.9053, train_roc_auc=0.9964, train_pr_auc=0.9294, valid_acc=0.9996, valid_precision=0.9672, valid_recall=0.7867, valid_f1=0.8676, valid_roc_auc=0.9603, valid_pr_auc=0.8483
2026-08-22 00:33:49,693 - INFO - Epoch 34: new best validation PR-AUC = 0.8579
2026-08-22 00:33:49,693 - INFO - Epoch 34/50, loss=0.0014, train_acc=0.9997, train_precision=0.9599, train_recall=0.8680, train_f1=0.9116, train_roc_auc=0.9969, train_pr_auc=0.9282, valid_acc=0.9996, valid_precision=1.0000, valid_recall=0.7867, valid_f1=0.8806, valid_roc_auc=0.9659, valid_pr_auc=0.8579
2026-08-22 00:34:02,034 - INFO - Epoch 35/50, loss=0.0014, train_acc=0.9997, train_precision=0.9556, train_recall=0.8515, train_f1=0.9005, train_roc_auc=0.9961, train_pr_auc=0.9279, valid_acc=0.9996, valid_precision=0.9365, valid_recall=0.7867, valid_f1=0.8551, valid_roc_auc=0.9654, valid_pr_auc=0.8501
2026-08-22 00:34:15,183 - INFO - Epoch 36/50, loss=0.0014, train_acc=0.9997, train_precision=0.9560, train_recall=0.8614, train_f1=0.9062, train_roc_auc=0.9964, train_pr_auc=0.9286, valid_acc=0.9996, valid_precision=0.9672, valid_recall=0.7867, valid_f1=0.8676, valid_roc_auc=0.9614, valid_pr_auc=0.8499
2026-08-22 00:34:27,263 - INFO - Epoch 37/50, loss=0.0013, train_acc=0.9997, train_precision=0.9601, train_recall=0.8746, train_f1=0.9154, train_roc_auc=0.9973, train_pr_auc=0.9305, valid_acc=0.9996, valid_precision=0.9833, valid_recall=0.7867, valid_f1=0.8741, valid_roc_auc=0.9609, valid_pr_auc=0.8462
2026-08-22 00:34:40,056 - INFO - Epoch 38/50, loss=0.0014, train_acc=0.9997, train_precision=0.9631, train_recall=0.8614, train_f1=0.9094, train_roc_auc=0.9960, train_pr_auc=0.9322, valid_acc=0.9996, valid_precision=0.9672, valid_recall=0.7867, valid_f1=0.8676, valid_roc_auc=0.9622, valid_pr_auc=0.8465
2026-08-22 00:34:52,624 - INFO - Epoch 39/50, loss=0.0013, train_acc=0.9997, train_precision=0.9705, train_recall=0.8680, train_f1=0.9164, train_roc_auc=0.9973, train_pr_auc=0.9299, valid_acc=0.9996, valid_precision=0.9833, valid_recall=0.7867, valid_f1=0.8741, valid_roc_auc=0.9604, valid_pr_auc=0.8473
2026-08-22 00:35:06,039 - INFO - Epoch 40/50, loss=0.0014, train_acc=0.9997, train_precision=0.9705, train_recall=0.8680, train_f1=0.9164, train_roc_auc=0.9963, train_pr_auc=0.9297, valid_acc=0.9996, valid_precision=0.9672, valid_recall=0.7867, valid_f1=0.8676, valid_roc_auc=0.9632, valid_pr_auc=0.8498
2026-08-22 00:35:19,590 - INFO - Epoch 41/50, loss=0.0014, train_acc=0.9997, train_precision=0.9594, train_recall=0.8581, train_f1=0.9059, train_roc_auc=0.9964, train_pr_auc=0.9241, valid_acc=0.9996, valid_precision=0.9672, valid_recall=0.7867, valid_f1=0.8676, valid_roc_auc=0.9601, valid_pr_auc=0.8468
2026-08-22 00:35:32,950 - INFO - Epoch 42/50, loss=0.0014, train_acc=0.9997, train_precision=0.9739, train_recall=0.8614, train_f1=0.9142, train_roc_auc=0.9967, train_pr_auc=0.9291, valid_acc=0.9996, valid_precision=0.9833, valid_recall=0.7867, valid_f1=0.8741, valid_roc_auc=0.9625, valid_pr_auc=0.8520
2026-08-22 00:35:46,605 - INFO - Epoch 43/50, loss=0.0014, train_acc=0.9997, train_precision=0.9560, train_recall=0.8614, train_f1=0.9062, train_roc_auc=0.9954, train_pr_auc=0.9274, valid_acc=0.9996, valid_precision=0.9672, valid_recall=0.7867, valid_f1=0.8676, valid_roc_auc=0.9590, valid_pr_auc=0.8450
2026-08-22 00:35:59,338 - INFO - Epoch 44/50, loss=0.0014, train_acc=0.9997, train_precision=0.9705, train_recall=0.8680, train_f1=0.9164, train_roc_auc=0.9976, train_pr_auc=0.9288, valid_acc=0.9996, valid_precision=0.9833, valid_recall=0.7867, valid_f1=0.8741, valid_roc_auc=0.9603, valid_pr_auc=0.8459
2026-08-22 00:36:12,212 - INFO - Epoch 45/50, loss=0.0014, train_acc=0.9997, train_precision=0.9703, train_recall=0.8614, train_f1=0.9126, train_roc_auc=0.9957, train_pr_auc=0.9277, valid_acc=0.9996, valid_precision=0.9672, valid_recall=0.7867, valid_f1=0.8676, valid_roc_auc=0.9603, valid_pr_auc=0.8499
2026-08-22 00:36:25,115 - INFO - Epoch 46/50, loss=0.0013, train_acc=0.9997, train_precision=0.9668, train_recall=0.8647, train_f1=0.9129, train_roc_auc=0.9969, train_pr_auc=0.9308, valid_acc=0.9996, valid_precision=0.9672, valid_recall=0.7867, valid_f1=0.8676, valid_roc_auc=0.9618, valid_pr_auc=0.8488
2026-08-22 00:36:37,916 - INFO - Epoch 47/50, loss=0.0013, train_acc=0.9997, train_precision=0.9635, train_recall=0.8713, train_f1=0.9151, train_roc_auc=0.9969, train_pr_auc=0.9295, valid_acc=0.9996, valid_precision=0.9672, valid_recall=0.7867, valid_f1=0.8676, valid_roc_auc=0.9641, valid_pr_auc=0.8521
2026-08-22 00:36:50,581 - INFO - Epoch 48/50, loss=0.0014, train_acc=0.9997, train_precision=0.9736, train_recall=0.8515, train_f1=0.9085, train_roc_auc=0.9959, train_pr_auc=0.9280, valid_acc=0.9996, valid_precision=0.9833, valid_recall=0.7867, valid_f1=0.8741, valid_roc_auc=0.9638, valid_pr_auc=0.8561
2026-08-22 00:37:03,401 - INFO - Epoch 49/50, loss=0.0014, train_acc=0.9997, train_precision=0.9665, train_recall=0.8581, train_f1=0.9091, train_roc_auc=0.9964, train_pr_auc=0.9314, valid_acc=0.9996, valid_precision=0.9672, valid_recall=0.7867, valid_f1=0.8676, valid_roc_auc=0.9629, valid_pr_auc=0.8536
2026-08-22 00:37:16,307 - INFO - Epoch 50/50, loss=0.0014, train_acc=0.9997, train_precision=0.9703, train_recall=0.8614, train_f1=0.9126, train_roc_auc=0.9965, train_pr_auc=0.9286, valid_acc=0.9996, valid_precision=0.9672, valid_recall=0.7867, valid_f1=0.8676, valid_roc_auc=0.9631, valid_pr_auc=0.8503
2026-08-22 00:37:16,307 - INFO - Best epoch: 34
2026-08-22 00:37:16,307 - INFO - Best validation PR-AUC: 0.8579
2026-08-22 00:37:16,307 - INFO - Fold 1 results:
2026-08-22 00:37:16,307 - INFO - accuracy: 0.9996
2026-08-22 00:37:16,307 - INFO - f1: 0.8806
2026-08-22 00:37:16,307 - INFO - pr_auc: 0.8579
2026-08-22 00:37:16,307 - INFO - precision: 1.0000
2026-08-22 00:37:16,307 - INFO - recall: 0.7867
2026-08-22 00:37:16,307 - INFO - roc_auc: 0.9659
2026-08-22 00:37:16,307 - INFO - Model saved to models/fraud_model_index_4_fold_1.pth
2026-08-22 00:37:16,307 - INFO - 
========== Fold 2/5 ==========
2026-08-22 00:37:29,775 - INFO - Epoch 1: new best validation PR-AUC = 0.7507
2026-08-22 00:37:29,775 - INFO - Epoch 1/50, loss=0.0093, train_acc=0.9987, train_precision=0.8269, train_recall=0.2838, train_f1=0.4226, train_roc_auc=0.9547, train_pr_auc=0.6145, valid_acc=0.9994, valid_precision=0.8571, valid_recall=0.8000, valid_f1=0.8276, valid_roc_auc=0.9665, valid_pr_auc=0.7507
2026-08-22 00:37:43,727 - INFO - Epoch 2: new best validation PR-AUC = 0.7656
2026-08-22 00:37:43,727 - INFO - Epoch 2/50, loss=0.0031, train_acc=0.9994, train_precision=0.8304, train_recall=0.7756, train_f1=0.8020, train_roc_auc=0.9844, train_pr_auc=0.7287, valid_acc=0.9995, valid_precision=0.9077, valid_recall=0.7867, valid_f1=0.8429, valid_roc_auc=0.9667, valid_pr_auc=0.7656
2026-08-22 00:37:57,593 - INFO - Epoch 3/50, loss=0.0029, train_acc=0.9994, train_precision=0.8270, train_recall=0.7888, train_f1=0.8074, train_roc_auc=0.9874, train_pr_auc=0.7537, valid_acc=0.9995, valid_precision=0.8696, valid_recall=0.8000, valid_f1=0.8333, valid_roc_auc=0.9690, valid_pr_auc=0.7639
2026-08-22 00:38:10,339 - INFO - Epoch 4: new best validation PR-AUC = 0.8144
2026-08-22 00:38:10,339 - INFO - Epoch 4/50, loss=0.0028, train_acc=0.9994, train_precision=0.8351, train_recall=0.7855, train_f1=0.8095, train_roc_auc=0.9869, train_pr_auc=0.7618, valid_acc=0.9993, valid_precision=0.9362, valid_recall=0.5867, valid_f1=0.7213, valid_roc_auc=0.9723, valid_pr_auc=0.8144
2026-08-22 00:38:23,856 - INFO - Epoch 5/50, loss=0.0027, train_acc=0.9994, train_precision=0.8440, train_recall=0.7855, train_f1=0.8137, train_roc_auc=0.9913, train_pr_auc=0.7704, valid_acc=0.9994, valid_precision=0.8889, valid_recall=0.7467, valid_f1=0.8116, valid_roc_auc=0.9758, valid_pr_auc=0.7957
2026-08-22 00:38:36,275 - INFO - Epoch 6/50, loss=0.0027, train_acc=0.9994, train_precision=0.8500, train_recall=0.7855, train_f1=0.8165, train_roc_auc=0.9894, train_pr_auc=0.7776, valid_acc=0.9994, valid_precision=0.8871, valid_recall=0.7333, valid_f1=0.8029, valid_roc_auc=0.9806, valid_pr_auc=0.8037
2026-08-22 00:38:49,244 - INFO - Epoch 7: new best validation PR-AUC = 0.8278
2026-08-22 00:38:49,244 - INFO - Epoch 7/50, loss=0.0026, train_acc=0.9994, train_precision=0.8470, train_recall=0.7855, train_f1=0.8151, train_roc_auc=0.9911, train_pr_auc=0.8188, valid_acc=0.9995, valid_precision=0.8592, valid_recall=0.8133, valid_f1=0.8356, valid_roc_auc=0.9798, valid_pr_auc=0.8278
2026-08-22 00:39:01,771 - INFO - Epoch 8: new best validation PR-AUC = 0.8443
2026-08-22 00:39:01,771 - INFO - Epoch 8/50, loss=0.0026, train_acc=0.9994, train_precision=0.8556, train_recall=0.7822, train_f1=0.8172, train_roc_auc=0.9894, train_pr_auc=0.8359, valid_acc=0.9995, valid_precision=0.8955, valid_recall=0.8000, valid_f1=0.8451, valid_roc_auc=0.9714, valid_pr_auc=0.8443
2026-08-22 00:39:15,275 - INFO - Epoch 9/50, loss=0.0025, train_acc=0.9994, train_precision=0.8587, train_recall=0.7822, train_f1=0.8187, train_roc_auc=0.9917, train_pr_auc=0.8275, valid_acc=0.9994, valid_precision=0.8788, valid_recall=0.7733, valid_f1=0.8227, valid_roc_auc=0.9765, valid_pr_auc=0.8434
2026-08-22 00:39:28,467 - INFO - Epoch 10: new best validation PR-AUC = 0.8489
2026-08-22 00:39:28,467 - INFO - Epoch 10/50, loss=0.0024, train_acc=0.9994, train_precision=0.8650, train_recall=0.7822, train_f1=0.8215, train_roc_auc=0.9921, train_pr_auc=0.8407, valid_acc=0.9995, valid_precision=0.8841, valid_recall=0.8133, valid_f1=0.8472, valid_roc_auc=0.9774, valid_pr_auc=0.8489
2026-08-22 00:39:41,727 - INFO - Epoch 11: new best validation PR-AUC = 0.8552
2026-08-22 00:39:41,727 - INFO - Epoch 11/50, loss=0.0023, train_acc=0.9994, train_precision=0.8593, train_recall=0.7657, train_f1=0.8098, train_roc_auc=0.9925, train_pr_auc=0.8583, valid_acc=0.9994, valid_precision=0.9800, valid_recall=0.6533, valid_f1=0.7840, valid_roc_auc=0.9764, valid_pr_auc=0.8552
2026-08-22 00:39:54,447 - INFO - Epoch 12/50, loss=0.0023, train_acc=0.9994, train_precision=0.8708, train_recall=0.7789, train_f1=0.8223, train_roc_auc=0.9916, train_pr_auc=0.8601, valid_acc=0.9994, valid_precision=0.9286, valid_recall=0.6933, valid_f1=0.7939, valid_roc_auc=0.9783, valid_pr_auc=0.8440
2026-08-22 00:40:07,197 - INFO - Epoch 13: new best validation PR-AUC = 0.8624
2026-08-22 00:40:07,197 - INFO - Epoch 13/50, loss=0.0022, train_acc=0.9995, train_precision=0.8959, train_recall=0.7954, train_f1=0.8427, train_roc_auc=0.9930, train_pr_auc=0.8634, valid_acc=0.9996, valid_precision=0.9254, valid_recall=0.8267, valid_f1=0.8732, valid_roc_auc=0.9793, valid_pr_auc=0.8624
2026-08-22 00:40:20,593 - INFO - Epoch 14/50, loss=0.0022, train_acc=0.9995, train_precision=0.8885, train_recall=0.7888, train_f1=0.8357, train_roc_auc=0.9950, train_pr_auc=0.8657, valid_acc=0.9995, valid_precision=0.8714, valid_recall=0.8133, valid_f1=0.8414, valid_roc_auc=0.9796, valid_pr_auc=0.8613
2026-08-22 00:40:33,808 - INFO - Epoch 15: new best validation PR-AUC = 0.8626
2026-08-22 00:40:33,808 - INFO - Epoch 15/50, loss=0.0021, train_acc=0.9995, train_precision=0.9139, train_recall=0.8053, train_f1=0.8561, train_roc_auc=0.9939, train_pr_auc=0.8717, valid_acc=0.9995, valid_precision=0.9811, valid_recall=0.6933, valid_f1=0.8125, valid_roc_auc=0.9744, valid_pr_auc=0.8626
2026-08-22 00:40:46,917 - INFO - Epoch 16/50, loss=0.0020, train_acc=0.9995, train_precision=0.8806, train_recall=0.7789, train_f1=0.8266, train_roc_auc=0.9953, train_pr_auc=0.8798, valid_acc=0.9995, valid_precision=0.9636, valid_recall=0.7067, valid_f1=0.8154, valid_roc_auc=0.9678, valid_pr_auc=0.8513
2026-08-22 00:41:00,057 - INFO - Epoch 17/50, loss=0.0020, train_acc=0.9995, train_precision=0.9038, train_recall=0.7756, train_f1=0.8348, train_roc_auc=0.9953, train_pr_auc=0.8841, valid_acc=0.9995, valid_precision=0.9048, valid_recall=0.7600, valid_f1=0.8261, valid_roc_auc=0.9733, valid_pr_auc=0.8581
2026-08-22 00:41:12,481 - INFO - Epoch 18/50, loss=0.0019, train_acc=0.9996, train_precision=0.9278, train_recall=0.8053, train_f1=0.8622, train_roc_auc=0.9959, train_pr_auc=0.8886, valid_acc=0.9995, valid_precision=0.9077, valid_recall=0.7867, valid_f1=0.8429, valid_roc_auc=0.9769, valid_pr_auc=0.8484
2026-08-22 00:41:25,872 - INFO - Epoch 19/50, loss=0.0017, train_acc=0.9996, train_precision=0.9361, train_recall=0.8218, train_f1=0.8752, train_roc_auc=0.9977, train_pr_auc=0.9057, valid_acc=0.9994, valid_precision=0.9167, valid_recall=0.7333, valid_f1=0.8148, valid_roc_auc=0.9725, valid_pr_auc=0.8439
2026-08-22 00:41:38,949 - INFO - Epoch 20/50, loss=0.0017, train_acc=0.9996, train_precision=0.9323, train_recall=0.8185, train_f1=0.8717, train_roc_auc=0.9980, train_pr_auc=0.9063, valid_acc=0.9995, valid_precision=0.9219, valid_recall=0.7867, valid_f1=0.8489, valid_roc_auc=0.9771, valid_pr_auc=0.8588
2026-08-22 00:41:52,229 - INFO - Epoch 21/50, loss=0.0016, train_acc=0.9996, train_precision=0.9283, train_recall=0.8119, train_f1=0.8662, train_roc_auc=0.9983, train_pr_auc=0.9148, valid_acc=0.9995, valid_precision=0.9048, valid_recall=0.7600, valid_f1=0.8261, valid_roc_auc=0.9707, valid_pr_auc=0.8517
2026-08-22 00:42:05,227 - INFO - Epoch 22/50, loss=0.0015, train_acc=0.9996, train_precision=0.9363, train_recall=0.8251, train_f1=0.8772, train_roc_auc=0.9978, train_pr_auc=0.9227, valid_acc=0.9995, valid_precision=0.9649, valid_recall=0.7333, valid_f1=0.8333, valid_roc_auc=0.9772, valid_pr_auc=0.8526
2026-08-22 00:42:17,190 - INFO - Epoch 23/50, loss=0.0014, train_acc=0.9997, train_precision=0.9455, train_recall=0.8581, train_f1=0.8997, train_roc_auc=0.9987, train_pr_auc=0.9268, valid_acc=0.9995, valid_precision=0.9649, valid_recall=0.7333, valid_f1=0.8333, valid_roc_auc=0.9729, valid_pr_auc=0.8527
2026-08-22 00:42:30,434 - INFO - Epoch 24/50, loss=0.0014, train_acc=0.9997, train_precision=0.9591, train_recall=0.8515, train_f1=0.9021, train_roc_auc=0.9986, train_pr_auc=0.9261, valid_acc=0.9995, valid_precision=0.9344, valid_recall=0.7600, valid_f1=0.8382, valid_roc_auc=0.9751, valid_pr_auc=0.8570
2026-08-22 00:42:42,842 - INFO - Epoch 25/50, loss=0.0013, train_acc=0.9997, train_precision=0.9665, train_recall=0.8581, train_f1=0.9091, train_roc_auc=0.9990, train_pr_auc=0.9372, valid_acc=0.9996, valid_precision=0.9825, valid_recall=0.7467, valid_f1=0.8485, valid_roc_auc=0.9764, valid_pr_auc=0.8522
2026-08-22 00:42:55,160 - INFO - Epoch 26/50, loss=0.0012, train_acc=0.9997, train_precision=0.9630, train_recall=0.8581, train_f1=0.9075, train_roc_auc=0.9994, train_pr_auc=0.9446, valid_acc=0.9996, valid_precision=0.9661, valid_recall=0.7600, valid_f1=0.8507, valid_roc_auc=0.9758, valid_pr_auc=0.8507
2026-08-22 00:43:07,083 - INFO - Epoch 27/50, loss=0.0012, train_acc=0.9997, train_precision=0.9700, train_recall=0.8548, train_f1=0.9088, train_roc_auc=0.9994, train_pr_auc=0.9417, valid_acc=0.9994, valid_precision=0.9800, valid_recall=0.6533, valid_f1=0.7840, valid_roc_auc=0.9767, valid_pr_auc=0.8276
2026-08-22 00:43:19,275 - INFO - Epoch 28/50, loss=0.0012, train_acc=0.9997, train_precision=0.9704, train_recall=0.8647, train_f1=0.9145, train_roc_auc=0.9992, train_pr_auc=0.9429, valid_acc=0.9995, valid_precision=0.9655, valid_recall=0.7467, valid_f1=0.8421, valid_roc_auc=0.9753, valid_pr_auc=0.8496
2026-08-22 00:43:32,125 - INFO - Epoch 29/50, loss=0.0012, train_acc=0.9997, train_precision=0.9669, train_recall=0.8680, train_f1=0.9148, train_roc_auc=0.9994, train_pr_auc=0.9427, valid_acc=0.9996, valid_precision=0.9825, valid_recall=0.7467, valid_f1=0.8485, valid_roc_auc=0.9736, valid_pr_auc=0.8456
2026-08-22 00:43:45,416 - INFO - Epoch 30/50, loss=0.0011, train_acc=0.9997, train_precision=0.9740, train_recall=0.8647, train_f1=0.9161, train_roc_auc=0.9995, train_pr_auc=0.9495, valid_acc=0.9995, valid_precision=0.9821, valid_recall=0.7333, valid_f1=0.8397, valid_roc_auc=0.9730, valid_pr_auc=0.8442
2026-08-22 00:43:58,259 - INFO - Epoch 31/50, loss=0.0010, train_acc=0.9997, train_precision=0.9705, train_recall=0.8680, train_f1=0.9164, train_roc_auc=0.9996, train_pr_auc=0.9518, valid_acc=0.9996, valid_precision=0.9661, valid_recall=0.7600, valid_f1=0.8507, valid_roc_auc=0.9727, valid_pr_auc=0.8481
2026-08-22 00:44:10,327 - INFO - Epoch 32/50, loss=0.0010, train_acc=0.9997, train_precision=0.9703, train_recall=0.8614, train_f1=0.9126, train_roc_auc=0.9996, train_pr_auc=0.9536, valid_acc=0.9996, valid_precision=0.9825, valid_recall=0.7467, valid_f1=0.8485, valid_roc_auc=0.9742, valid_pr_auc=0.8483
2026-08-22 00:44:23,056 - INFO - Epoch 33/50, loss=0.0011, train_acc=0.9997, train_precision=0.9735, train_recall=0.8482, train_f1=0.9065, train_roc_auc=0.9996, train_pr_auc=0.9486, valid_acc=0.9996, valid_precision=0.9828, valid_recall=0.7600, valid_f1=0.8571, valid_roc_auc=0.9732, valid_pr_auc=0.8429
2026-08-22 00:44:35,761 - INFO - Epoch 34/50, loss=0.0010, train_acc=0.9998, train_precision=0.9779, train_recall=0.8746, train_f1=0.9233, train_roc_auc=0.9996, train_pr_auc=0.9525, valid_acc=0.9995, valid_precision=0.9655, valid_recall=0.7467, valid_f1=0.8421, valid_roc_auc=0.9770, valid_pr_auc=0.8507
2026-08-22 00:44:49,217 - INFO - Epoch 35/50, loss=0.0010, train_acc=0.9997, train_precision=0.9705, train_recall=0.8680, train_f1=0.9164, train_roc_auc=0.9996, train_pr_auc=0.9539, valid_acc=0.9996, valid_precision=0.9828, valid_recall=0.7600, valid_f1=0.8571, valid_roc_auc=0.9740, valid_pr_auc=0.8462
2026-08-22 00:45:02,187 - INFO - Epoch 36/50, loss=0.0011, train_acc=0.9997, train_precision=0.9741, train_recall=0.8680, train_f1=0.9180, train_roc_auc=0.9994, train_pr_auc=0.9506, valid_acc=0.9996, valid_precision=0.9828, valid_recall=0.7600, valid_f1=0.8571, valid_roc_auc=0.9734, valid_pr_auc=0.8423
2026-08-22 00:45:15,271 - INFO - Epoch 37/50, loss=0.0010, train_acc=0.9998, train_precision=0.9778, train_recall=0.8713, train_f1=0.9215, train_roc_auc=0.9995, train_pr_auc=0.9528, valid_acc=0.9995, valid_precision=0.9821, valid_recall=0.7333, valid_f1=0.8397, valid_roc_auc=0.9721, valid_pr_auc=0.8446
2026-08-22 00:45:28,634 - INFO - Epoch 38/50, loss=0.0010, train_acc=0.9998, train_precision=0.9779, train_recall=0.8779, train_f1=0.9252, train_roc_auc=0.9994, train_pr_auc=0.9518, valid_acc=0.9996, valid_precision=0.9825, valid_recall=0.7467, valid_f1=0.8485, valid_roc_auc=0.9724, valid_pr_auc=0.8446
2026-08-22 00:45:41,716 - INFO - Epoch 39/50, loss=0.0010, train_acc=0.9997, train_precision=0.9740, train_recall=0.8647, train_f1=0.9161, train_roc_auc=0.9995, train_pr_auc=0.9517, valid_acc=0.9996, valid_precision=0.9828, valid_recall=0.7600, valid_f1=0.8571, valid_roc_auc=0.9731, valid_pr_auc=0.8470
2026-08-22 00:45:54,643 - INFO - Epoch 40/50, loss=0.0010, train_acc=0.9998, train_precision=0.9744, train_recall=0.8779, train_f1=0.9236, train_roc_auc=0.9995, train_pr_auc=0.9511, valid_acc=0.9995, valid_precision=0.9821, valid_recall=0.7333, valid_f1=0.8397, valid_roc_auc=0.9719, valid_pr_auc=0.8462
2026-08-22 00:46:07,752 - INFO - Epoch 41/50, loss=0.0010, train_acc=0.9998, train_precision=0.9779, train_recall=0.8746, train_f1=0.9233, train_roc_auc=0.9996, train_pr_auc=0.9539, valid_acc=0.9996, valid_precision=0.9828, valid_recall=0.7600, valid_f1=0.8571, valid_roc_auc=0.9726, valid_pr_auc=0.8418
2026-08-22 00:46:20,244 - INFO - Epoch 42/50, loss=0.0010, train_acc=0.9998, train_precision=0.9779, train_recall=0.8779, train_f1=0.9252, train_roc_auc=0.9995, train_pr_auc=0.9537, valid_acc=0.9996, valid_precision=0.9825, valid_recall=0.7467, valid_f1=0.8485, valid_roc_auc=0.9731, valid_pr_auc=0.8456
2026-08-22 00:46:33,078 - INFO - Epoch 43/50, loss=0.0010, train_acc=0.9998, train_precision=0.9850, train_recall=0.8647, train_f1=0.9209, train_roc_auc=0.9995, train_pr_auc=0.9552, valid_acc=0.9996, valid_precision=0.9825, valid_recall=0.7467, valid_f1=0.8485, valid_roc_auc=0.9721, valid_pr_auc=0.8468
2026-08-22 00:46:45,487 - INFO - Epoch 44/50, loss=0.0011, train_acc=0.9997, train_precision=0.9704, train_recall=0.8647, train_f1=0.9145, train_roc_auc=0.9994, train_pr_auc=0.9531, valid_acc=0.9996, valid_precision=0.9661, valid_recall=0.7600, valid_f1=0.8507, valid_roc_auc=0.9729, valid_pr_auc=0.8494
2026-08-22 00:47:01,536 - INFO - Epoch 45/50, loss=0.0010, train_acc=0.9997, train_precision=0.9706, train_recall=0.8713, train_f1=0.9183, train_roc_auc=0.9997, train_pr_auc=0.9541, valid_acc=0.9996, valid_precision=0.9825, valid_recall=0.7467, valid_f1=0.8485, valid_roc_auc=0.9731, valid_pr_auc=0.8438
2026-08-22 00:47:17,315 - INFO - Epoch 46/50, loss=0.0011, train_acc=0.9997, train_precision=0.9705, train_recall=0.8680, train_f1=0.9164, train_roc_auc=0.9995, train_pr_auc=0.9506, valid_acc=0.9996, valid_precision=0.9828, valid_recall=0.7600, valid_f1=0.8571, valid_roc_auc=0.9732, valid_pr_auc=0.8438
2026-08-22 00:47:30,085 - INFO - Epoch 47/50, loss=0.0011, train_acc=0.9998, train_precision=0.9779, train_recall=0.8779, train_f1=0.9252, train_roc_auc=0.9996, train_pr_auc=0.9482, valid_acc=0.9995, valid_precision=0.9821, valid_recall=0.7333, valid_f1=0.8397, valid_roc_auc=0.9713, valid_pr_auc=0.8411
2026-08-22 00:47:42,448 - INFO - Epoch 48/50, loss=0.0010, train_acc=0.9997, train_precision=0.9673, train_recall=0.8779, train_f1=0.9204, train_roc_auc=0.9997, train_pr_auc=0.9538, valid_acc=0.9996, valid_precision=0.9831, valid_recall=0.7733, valid_f1=0.8657, valid_roc_auc=0.9724, valid_pr_auc=0.8431
2026-08-22 00:47:55,889 - INFO - Epoch 49/50, loss=0.0010, train_acc=0.9998, train_precision=0.9778, train_recall=0.8713, train_f1=0.9215, train_roc_auc=0.9997, train_pr_auc=0.9555, valid_acc=0.9996, valid_precision=0.9831, valid_recall=0.7733, valid_f1=0.8657, valid_roc_auc=0.9695, valid_pr_auc=0.8437
2026-08-22 00:48:08,873 - INFO - Epoch 50/50, loss=0.0010, train_acc=0.9997, train_precision=0.9741, train_recall=0.8680, train_f1=0.9180, train_roc_auc=0.9996, train_pr_auc=0.9518, valid_acc=0.9996, valid_precision=0.9828, valid_recall=0.7600, valid_f1=0.8571, valid_roc_auc=0.9712, valid_pr_auc=0.8423
2026-08-22 00:48:08,873 - INFO - Best epoch: 15
2026-08-22 00:48:08,873 - INFO - Best validation PR-AUC: 0.8626
2026-08-22 00:48:08,873 - INFO - Fold 2 results:
2026-08-22 00:48:08,873 - INFO - accuracy: 0.9995
2026-08-22 00:48:08,873 - INFO - f1: 0.8125
2026-08-22 00:48:08,873 - INFO - pr_auc: 0.8626
2026-08-22 00:48:08,873 - INFO - precision: 0.9811
2026-08-22 00:48:08,873 - INFO - recall: 0.6933
2026-08-22 00:48:08,873 - INFO - roc_auc: 0.9744
2026-08-22 00:48:08,873 - INFO - Model saved to models/fraud_model_index_4_fold_2.pth
2026-08-22 00:48:08,883 - INFO - 
========== Fold 3/5 ==========
2026-08-22 00:48:22,263 - INFO - Epoch 1: new best validation PR-AUC = 0.6259
2026-08-22 00:48:22,263 - INFO - Epoch 1/50, loss=0.0158, train_acc=0.9941, train_precision=0.0293, train_recall=0.0795, train_f1=0.0428, train_roc_auc=0.9520, train_pr_auc=0.0883, valid_acc=0.9991, valid_precision=0.8696, valid_recall=0.5263, valid_f1=0.6557, valid_roc_auc=0.9754, valid_pr_auc=0.6259
2026-08-22 00:48:34,675 - INFO - Epoch 2: new best validation PR-AUC = 0.7000
2026-08-22 00:48:34,675 - INFO - Epoch 2/50, loss=0.0031, train_acc=0.9994, train_precision=0.8310, train_recall=0.7815, train_f1=0.8055, train_roc_auc=0.9737, train_pr_auc=0.7223, valid_acc=0.9991, valid_precision=0.7846, valid_recall=0.6711, valid_f1=0.7234, valid_roc_auc=0.9849, valid_pr_auc=0.7000
2026-08-22 00:48:47,717 - INFO - Epoch 3: new best validation PR-AUC = 0.7187
2026-08-22 00:48:47,717 - INFO - Epoch 3/50, loss=0.0028, train_acc=0.9994, train_precision=0.8278, train_recall=0.8278, train_f1=0.8278, train_roc_auc=0.9800, train_pr_auc=0.7701, valid_acc=0.9992, valid_precision=0.7969, valid_recall=0.6711, valid_f1=0.7286, valid_roc_auc=0.9897, valid_pr_auc=0.7187
2026-08-22 00:49:00,462 - INFO - Epoch 4/50, loss=0.0027, train_acc=0.9994, train_precision=0.8430, train_recall=0.8179, train_f1=0.8303, train_roc_auc=0.9809, train_pr_auc=0.7623, valid_acc=0.9992, valid_precision=0.8095, valid_recall=0.6711, valid_f1=0.7338, valid_roc_auc=0.9921, valid_pr_auc=0.7153
2026-08-22 00:49:13,828 - INFO - Epoch 5: new best validation PR-AUC = 0.7260
2026-08-22 00:49:13,828 - INFO - Epoch 5/50, loss=0.0026, train_acc=0.9995, train_precision=0.8522, train_recall=0.8212, train_f1=0.8364, train_roc_auc=0.9853, train_pr_auc=0.7653, valid_acc=0.9991, valid_precision=0.7937, valid_recall=0.6579, valid_f1=0.7194, valid_roc_auc=0.9803, valid_pr_auc=0.7260
2026-08-22 00:49:27,299 - INFO - Epoch 6/50, loss=0.0025, train_acc=0.9995, train_precision=0.8532, train_recall=0.8278, train_f1=0.8403, train_roc_auc=0.9858, train_pr_auc=0.7820, valid_acc=0.9991, valid_precision=0.7937, valid_recall=0.6579, valid_f1=0.7194, valid_roc_auc=0.9857, valid_pr_auc=0.7090
2026-08-22 00:49:40,732 - INFO - Epoch 7: new best validation PR-AUC = 0.7398
2026-08-22 00:49:40,732 - INFO - Epoch 7/50, loss=0.0024, train_acc=0.9995, train_precision=0.8552, train_recall=0.8212, train_f1=0.8378, train_roc_auc=0.9888, train_pr_auc=0.7950, valid_acc=0.9992, valid_precision=0.7969, valid_recall=0.6711, valid_f1=0.7286, valid_roc_auc=0.9788, valid_pr_auc=0.7398
2026-08-22 00:49:54,445 - INFO - Epoch 8: new best validation PR-AUC = 0.7473
2026-08-22 00:49:54,445 - INFO - Epoch 8/50, loss=0.0024, train_acc=0.9995, train_precision=0.8581, train_recall=0.8212, train_f1=0.8393, train_roc_auc=0.9860, train_pr_auc=0.8327, valid_acc=0.9992, valid_precision=0.7969, valid_recall=0.6711, valid_f1=0.7286, valid_roc_auc=0.9862, valid_pr_auc=0.7473
2026-08-22 00:50:07,543 - INFO - Epoch 9: new best validation PR-AUC = 0.7495
2026-08-22 00:50:07,543 - INFO - Epoch 9/50, loss=0.0025, train_acc=0.9995, train_precision=0.8706, train_recall=0.8245, train_f1=0.8469, train_roc_auc=0.9880, train_pr_auc=0.8430, valid_acc=0.9991, valid_precision=0.7846, valid_recall=0.6711, valid_f1=0.7234, valid_roc_auc=0.9894, valid_pr_auc=0.7495
2026-08-22 00:50:20,839 - INFO - Epoch 10/50, loss=0.0023, train_acc=0.9995, train_precision=0.8681, train_recall=0.8278, train_f1=0.8475, train_roc_auc=0.9889, train_pr_auc=0.8631, valid_acc=0.9992, valid_precision=0.8065, valid_recall=0.6579, valid_f1=0.7246, valid_roc_auc=0.9874, valid_pr_auc=0.7437
2026-08-22 00:50:33,397 - INFO - Epoch 11: new best validation PR-AUC = 0.7606
2026-08-22 00:50:33,397 - INFO - Epoch 11/50, loss=0.0022, train_acc=0.9995, train_precision=0.8723, train_recall=0.8146, train_f1=0.8425, train_roc_auc=0.9897, train_pr_auc=0.8658, valid_acc=0.9992, valid_precision=0.7969, valid_recall=0.6711, valid_f1=0.7286, valid_roc_auc=0.9882, valid_pr_auc=0.7606
2026-08-22 00:50:46,089 - INFO - Epoch 12/50, loss=0.0022, train_acc=0.9995, train_precision=0.8719, train_recall=0.8113, train_f1=0.8405, train_roc_auc=0.9909, train_pr_auc=0.8671, valid_acc=0.9992, valid_precision=0.8065, valid_recall=0.6579, valid_f1=0.7246, valid_roc_auc=0.9818, valid_pr_auc=0.7487
2026-08-22 00:50:59,479 - INFO - Epoch 13/50, loss=0.0022, train_acc=0.9995, train_precision=0.8799, train_recall=0.8245, train_f1=0.8513, train_roc_auc=0.9906, train_pr_auc=0.8762, valid_acc=0.9992, valid_precision=0.9524, valid_recall=0.5263, valid_f1=0.6780, valid_roc_auc=0.9888, valid_pr_auc=0.7580
2026-08-22 00:51:12,574 - INFO - Epoch 14/50, loss=0.0020, train_acc=0.9995, train_precision=0.8764, train_recall=0.7980, train_f1=0.8354, train_roc_auc=0.9899, train_pr_auc=0.8864, valid_acc=0.9991, valid_precision=0.7778, valid_recall=0.6447, valid_f1=0.7050, valid_roc_auc=0.9738, valid_pr_auc=0.7515
2026-08-22 00:51:26,047 - INFO - Epoch 15: new best validation PR-AUC = 0.7665
2026-08-22 00:51:26,047 - INFO - Epoch 15/50, loss=0.0020, train_acc=0.9995, train_precision=0.8830, train_recall=0.8245, train_f1=0.8527, train_roc_auc=0.9940, train_pr_auc=0.8896, valid_acc=0.9992, valid_precision=0.8095, valid_recall=0.6711, valid_f1=0.7338, valid_roc_auc=0.9904, valid_pr_auc=0.7665
2026-08-22 00:51:39,237 - INFO - Epoch 16/50, loss=0.0018, train_acc=0.9996, train_precision=0.9097, train_recall=0.8344, train_f1=0.8705, train_roc_auc=0.9919, train_pr_auc=0.9014, valid_acc=0.9991, valid_precision=0.9111, valid_recall=0.5395, valid_f1=0.6777, valid_roc_auc=0.9887, valid_pr_auc=0.7540
2026-08-22 00:51:52,732 - INFO - Epoch 17/50, loss=0.0018, train_acc=0.9996, train_precision=0.9239, train_recall=0.8444, train_f1=0.8824, train_roc_auc=0.9935, train_pr_auc=0.9020, valid_acc=0.9992, valid_precision=0.8167, valid_recall=0.6447, valid_f1=0.7206, valid_roc_auc=0.9853, valid_pr_auc=0.7601
2026-08-22 00:52:05,259 - INFO - Epoch 18/50, loss=0.0018, train_acc=0.9996, train_precision=0.9326, train_recall=0.8245, train_f1=0.8752, train_roc_auc=0.9947, train_pr_auc=0.9044, valid_acc=0.9992, valid_precision=0.8305, valid_recall=0.6447, valid_f1=0.7259, valid_roc_auc=0.9843, valid_pr_auc=0.7578
2026-08-22 00:52:18,292 - INFO - Epoch 19/50, loss=0.0017, train_acc=0.9996, train_precision=0.9370, train_recall=0.8377, train_f1=0.8846, train_roc_auc=0.9950, train_pr_auc=0.9113, valid_acc=0.9992, valid_precision=0.8727, valid_recall=0.6316, valid_f1=0.7328, valid_roc_auc=0.9880, valid_pr_auc=0.7605
2026-08-22 00:52:31,260 - INFO - Epoch 20/50, loss=0.0016, train_acc=0.9997, train_precision=0.9410, train_recall=0.8444, train_f1=0.8901, train_roc_auc=0.9963, train_pr_auc=0.9162, valid_acc=0.9992, valid_precision=0.8727, valid_recall=0.6316, valid_f1=0.7328, valid_roc_auc=0.9836, valid_pr_auc=0.7589
2026-08-22 00:52:44,406 - INFO - Epoch 21/50, loss=0.0016, train_acc=0.9997, train_precision=0.9414, train_recall=0.8510, train_f1=0.8939, train_roc_auc=0.9951, train_pr_auc=0.9186, valid_acc=0.9992, valid_precision=0.9000, valid_recall=0.5921, valid_f1=0.7143, valid_roc_auc=0.9880, valid_pr_auc=0.7619
2026-08-22 00:52:57,964 - INFO - Epoch 22/50, loss=0.0015, train_acc=0.9997, train_precision=0.9446, train_recall=0.8477, train_f1=0.8935, train_roc_auc=0.9975, train_pr_auc=0.9247, valid_acc=0.9992, valid_precision=0.9000, valid_recall=0.5921, valid_f1=0.7143, valid_roc_auc=0.9880, valid_pr_auc=0.7623
2026-08-22 00:53:10,706 - INFO - Epoch 23/50, loss=0.0015, train_acc=0.9997, train_precision=0.9478, train_recall=0.8411, train_f1=0.8912, train_roc_auc=0.9965, train_pr_auc=0.9261, valid_acc=0.9993, valid_precision=0.9216, valid_recall=0.6184, valid_f1=0.7402, valid_roc_auc=0.9870, valid_pr_auc=0.7620
2026-08-22 00:53:23,708 - INFO - Epoch 24/50, loss=0.0015, train_acc=0.9997, train_precision=0.9515, train_recall=0.8444, train_f1=0.8947, train_roc_auc=0.9969, train_pr_auc=0.9260, valid_acc=0.9993, valid_precision=0.8889, valid_recall=0.6316, valid_f1=0.7385, valid_roc_auc=0.9856, valid_pr_auc=0.7591
2026-08-22 00:53:36,872 - INFO - Epoch 25/50, loss=0.0014, train_acc=0.9997, train_precision=0.9520, train_recall=0.8543, train_f1=0.9005, train_roc_auc=0.9972, train_pr_auc=0.9281, valid_acc=0.9993, valid_precision=0.8889, valid_recall=0.6316, valid_f1=0.7385, valid_roc_auc=0.9851, valid_pr_auc=0.7634
2026-08-22 00:53:50,029 - INFO - Epoch 26: new best validation PR-AUC = 0.7676
2026-08-22 00:53:50,029 - INFO - Epoch 26/50, loss=0.0014, train_acc=0.9997, train_precision=0.9556, train_recall=0.8543, train_f1=0.9021, train_roc_auc=0.9979, train_pr_auc=0.9297, valid_acc=0.9993, valid_precision=0.9074, valid_recall=0.6447, valid_f1=0.7538, valid_roc_auc=0.9856, valid_pr_auc=0.7676
2026-08-22 00:54:02,830 - INFO - Epoch 27/50, loss=0.0014, train_acc=0.9997, train_precision=0.9526, train_recall=0.8642, train_f1=0.9062, train_roc_auc=0.9966, train_pr_auc=0.9307, valid_acc=0.9992, valid_precision=0.8727, valid_recall=0.6316, valid_f1=0.7328, valid_roc_auc=0.9845, valid_pr_auc=0.7644
2026-08-22 00:54:15,588 - INFO - Epoch 28/50, loss=0.0014, train_acc=0.9997, train_precision=0.9557, train_recall=0.8576, train_f1=0.9040, train_roc_auc=0.9975, train_pr_auc=0.9317, valid_acc=0.9993, valid_precision=0.9231, valid_recall=0.6316, valid_f1=0.7500, valid_roc_auc=0.9860, valid_pr_auc=0.7638
2026-08-22 00:54:27,581 - INFO - Epoch 29/50, loss=0.0014, train_acc=0.9997, train_precision=0.9594, train_recall=0.8609, train_f1=0.9075, train_roc_auc=0.9977, train_pr_auc=0.9315, valid_acc=0.9993, valid_precision=0.8889, valid_recall=0.6316, valid_f1=0.7385, valid_roc_auc=0.9851, valid_pr_auc=0.7628
2026-08-22 00:54:40,782 - INFO - Epoch 30/50, loss=0.0013, train_acc=0.9997, train_precision=0.9562, train_recall=0.8675, train_f1=0.9097, train_roc_auc=0.9981, train_pr_auc=0.9329, valid_acc=0.9993, valid_precision=0.9057, valid_recall=0.6316, valid_f1=0.7442, valid_roc_auc=0.9849, valid_pr_auc=0.7650
2026-08-22 00:54:53,824 - INFO - Epoch 31/50, loss=0.0013, train_acc=0.9997, train_precision=0.9562, train_recall=0.8675, train_f1=0.9097, train_roc_auc=0.9974, train_pr_auc=0.9350, valid_acc=0.9993, valid_precision=0.9231, valid_recall=0.6316, valid_f1=0.7500, valid_roc_auc=0.9834, valid_pr_auc=0.7667
2026-08-22 00:55:06,941 - INFO - Epoch 32/50, loss=0.0013, train_acc=0.9997, train_precision=0.9520, train_recall=0.8543, train_f1=0.9005, train_roc_auc=0.9982, train_pr_auc=0.9330, valid_acc=0.9993, valid_precision=0.9057, valid_recall=0.6316, valid_f1=0.7442, valid_roc_auc=0.9841, valid_pr_auc=0.7656
2026-08-22 00:55:19,361 - INFO - Epoch 33/50, loss=0.0014, train_acc=0.9997, train_precision=0.9522, train_recall=0.8576, train_f1=0.9024, train_roc_auc=0.9977, train_pr_auc=0.9326, valid_acc=0.9993, valid_precision=0.9231, valid_recall=0.6316, valid_f1=0.7500, valid_roc_auc=0.9848, valid_pr_auc=0.7651
2026-08-22 00:55:31,477 - INFO - Epoch 34/50, loss=0.0013, train_acc=0.9997, train_precision=0.9593, train_recall=0.8576, train_f1=0.9056, train_roc_auc=0.9976, train_pr_auc=0.9341, valid_acc=0.9993, valid_precision=0.9231, valid_recall=0.6316, valid_f1=0.7500, valid_roc_auc=0.9865, valid_pr_auc=0.7638
2026-08-22 00:55:43,370 - INFO - Epoch 35/50, loss=0.0013, train_acc=0.9997, train_precision=0.9596, train_recall=0.8642, train_f1=0.9094, train_roc_auc=0.9978, train_pr_auc=0.9332, valid_acc=0.9993, valid_precision=0.9231, valid_recall=0.6316, valid_f1=0.7500, valid_roc_auc=0.9840, valid_pr_auc=0.7642
2026-08-22 00:55:56,011 - INFO - Epoch 36/50, loss=0.0013, train_acc=0.9997, train_precision=0.9562, train_recall=0.8675, train_f1=0.9097, train_roc_auc=0.9976, train_pr_auc=0.9350, valid_acc=0.9993, valid_precision=0.9057, valid_recall=0.6316, valid_f1=0.7442, valid_roc_auc=0.9831, valid_pr_auc=0.7631
2026-08-22 00:56:09,058 - INFO - Epoch 37/50, loss=0.0013, train_acc=0.9997, train_precision=0.9635, train_recall=0.8742, train_f1=0.9167, train_roc_auc=0.9978, train_pr_auc=0.9351, valid_acc=0.9993, valid_precision=0.9231, valid_recall=0.6316, valid_f1=0.7500, valid_roc_auc=0.9843, valid_pr_auc=0.7651
2026-08-22 00:56:22,606 - INFO - Epoch 38/50, loss=0.0013, train_acc=0.9997, train_precision=0.9596, train_recall=0.8642, train_f1=0.9094, train_roc_auc=0.9986, train_pr_auc=0.9350, valid_acc=0.9993, valid_precision=0.9245, valid_recall=0.6447, valid_f1=0.7597, valid_roc_auc=0.9829, valid_pr_auc=0.7661
2026-08-22 00:56:36,075 - INFO - Epoch 39/50, loss=0.0013, train_acc=0.9997, train_precision=0.9634, train_recall=0.8709, train_f1=0.9148, train_roc_auc=0.9979, train_pr_auc=0.9365, valid_acc=0.9993, valid_precision=0.8889, valid_recall=0.6316, valid_f1=0.7385, valid_roc_auc=0.9855, valid_pr_auc=0.7629
2026-08-22 00:56:48,238 - INFO - Epoch 40/50, loss=0.0014, train_acc=0.9997, train_precision=0.9562, train_recall=0.8675, train_f1=0.9097, train_roc_auc=0.9975, train_pr_auc=0.9322, valid_acc=0.9993, valid_precision=0.9074, valid_recall=0.6447, valid_f1=0.7538, valid_roc_auc=0.9831, valid_pr_auc=0.7648
2026-08-22 00:57:00,215 - INFO - Epoch 41/50, loss=0.0012, train_acc=0.9997, train_precision=0.9599, train_recall=0.8709, train_f1=0.9132, train_roc_auc=0.9984, train_pr_auc=0.9380, valid_acc=0.9993, valid_precision=0.9091, valid_recall=0.6579, valid_f1=0.7634, valid_roc_auc=0.9825, valid_pr_auc=0.7656
2026-08-22 00:57:12,696 - INFO - Epoch 42/50, loss=0.0013, train_acc=0.9997, train_precision=0.9557, train_recall=0.8576, train_f1=0.9040, train_roc_auc=0.9982, train_pr_auc=0.9349, valid_acc=0.9993, valid_precision=0.9057, valid_recall=0.6316, valid_f1=0.7442, valid_roc_auc=0.9839, valid_pr_auc=0.7623
2026-08-22 00:57:26,258 - INFO - Epoch 43/50, loss=0.0013, train_acc=0.9997, train_precision=0.9593, train_recall=0.8576, train_f1=0.9056, train_roc_auc=0.9979, train_pr_auc=0.9339, valid_acc=0.9993, valid_precision=0.9231, valid_recall=0.6316, valid_f1=0.7500, valid_roc_auc=0.9825, valid_pr_auc=0.7646
2026-08-22 00:57:39,680 - INFO - Epoch 44/50, loss=0.0013, train_acc=0.9997, train_precision=0.9524, train_recall=0.8609, train_f1=0.9043, train_roc_auc=0.9982, train_pr_auc=0.9363, valid_acc=0.9993, valid_precision=0.9231, valid_recall=0.6316, valid_f1=0.7500, valid_roc_auc=0.9830, valid_pr_auc=0.7665
2026-08-22 00:57:52,764 - INFO - Epoch 45/50, loss=0.0013, train_acc=0.9997, train_precision=0.9591, train_recall=0.8543, train_f1=0.9037, train_roc_auc=0.9984, train_pr_auc=0.9385, valid_acc=0.9993, valid_precision=0.9057, valid_recall=0.6316, valid_f1=0.7442, valid_roc_auc=0.9858, valid_pr_auc=0.7630
2026-08-22 00:58:06,484 - INFO - Epoch 46/50, loss=0.0013, train_acc=0.9997, train_precision=0.9562, train_recall=0.8675, train_f1=0.9097, train_roc_auc=0.9970, train_pr_auc=0.9333, valid_acc=0.9993, valid_precision=0.9231, valid_recall=0.6316, valid_f1=0.7500, valid_roc_auc=0.9828, valid_pr_auc=0.7634
2026-08-22 00:58:18,640 - INFO - Epoch 47/50, loss=0.0013, train_acc=0.9997, train_precision=0.9559, train_recall=0.8609, train_f1=0.9059, train_roc_auc=0.9981, train_pr_auc=0.9335, valid_acc=0.9993, valid_precision=0.9231, valid_recall=0.6316, valid_f1=0.7500, valid_roc_auc=0.9835, valid_pr_auc=0.7633
2026-08-22 00:58:31,895 - INFO - Epoch 48/50, loss=0.0013, train_acc=0.9997, train_precision=0.9632, train_recall=0.8675, train_f1=0.9129, train_roc_auc=0.9977, train_pr_auc=0.9340, valid_acc=0.9993, valid_precision=0.9057, valid_recall=0.6316, valid_f1=0.7442, valid_roc_auc=0.9826, valid_pr_auc=0.7634
2026-08-22 00:58:45,027 - INFO - Epoch 49/50, loss=0.0013, train_acc=0.9997, train_precision=0.9594, train_recall=0.8609, train_f1=0.9075, train_roc_auc=0.9982, train_pr_auc=0.9370, valid_acc=0.9993, valid_precision=0.9057, valid_recall=0.6316, valid_f1=0.7442, valid_roc_auc=0.9836, valid_pr_auc=0.7637
2026-08-22 00:58:57,373 - INFO - Epoch 50/50, loss=0.0013, train_acc=0.9997, train_precision=0.9522, train_recall=0.8576, train_f1=0.9024, train_roc_auc=0.9977, train_pr_auc=0.9354, valid_acc=0.9993, valid_precision=0.9231, valid_recall=0.6316, valid_f1=0.7500, valid_roc_auc=0.9833, valid_pr_auc=0.7642
2026-08-22 00:58:57,373 - INFO - Best epoch: 26
2026-08-22 00:58:57,373 - INFO - Best validation PR-AUC: 0.7676
2026-08-22 00:58:57,373 - INFO - Fold 3 results:
2026-08-22 00:58:57,373 - INFO - accuracy: 0.9993
2026-08-22 00:58:57,373 - INFO - f1: 0.7538
2026-08-22 00:58:57,373 - INFO - pr_auc: 0.7676
2026-08-22 00:58:57,373 - INFO - precision: 0.9074
2026-08-22 00:58:57,373 - INFO - recall: 0.6447
2026-08-22 00:58:57,373 - INFO - roc_auc: 0.9856
2026-08-22 00:58:57,373 - INFO - Model saved to models/fraud_model_index_4_fold_3.pth
2026-08-22 00:58:57,389 - INFO - 
========== Fold 4/5 ==========
2026-08-22 00:59:10,914 - INFO - Epoch 1: new best validation PR-AUC = 0.7525
2026-08-22 00:59:10,914 - INFO - Epoch 1/50, loss=0.0105, train_acc=0.9983, train_precision=0.5000, train_recall=0.1954, train_f1=0.2810, train_roc_auc=0.9459, train_pr_auc=0.3620, valid_acc=0.9994, valid_precision=0.8267, valid_recall=0.8158, valid_f1=0.8212, valid_roc_auc=0.9911, valid_pr_auc=0.7525
2026-08-22 00:59:24,520 - INFO - Epoch 2: new best validation PR-AUC = 0.7643
2026-08-22 00:59:24,520 - INFO - Epoch 2/50, loss=0.0033, train_acc=0.9994, train_precision=0.8473, train_recall=0.7715, train_f1=0.8076, train_roc_auc=0.9787, train_pr_auc=0.7099, valid_acc=0.9994, valid_precision=0.8025, valid_recall=0.8553, valid_f1=0.8280, valid_roc_auc=0.9896, valid_pr_auc=0.7643
2026-08-22 00:59:38,233 - INFO - Epoch 3/50, loss=0.0030, train_acc=0.9994, train_precision=0.8440, train_recall=0.7881, train_f1=0.8151, train_roc_auc=0.9808, train_pr_auc=0.7477, valid_acc=0.9993, valid_precision=0.7778, valid_recall=0.8289, valid_f1=0.8025, valid_roc_auc=0.9775, valid_pr_auc=0.7395
2026-08-22 00:59:51,002 - INFO - Epoch 4/50, loss=0.0029, train_acc=0.9994, train_precision=0.8509, train_recall=0.7748, train_f1=0.8111, train_roc_auc=0.9853, train_pr_auc=0.7580, valid_acc=0.9994, valid_precision=0.7975, valid_recall=0.8289, valid_f1=0.8129, valid_roc_auc=0.9828, valid_pr_auc=0.7629
2026-08-22 01:00:03,704 - INFO - Epoch 5: new best validation PR-AUC = 0.7938
2026-08-22 01:00:03,704 - INFO - Epoch 5/50, loss=0.0028, train_acc=0.9994, train_precision=0.8587, train_recall=0.7848, train_f1=0.8201, train_roc_auc=0.9849, train_pr_auc=0.7417, valid_acc=0.9994, valid_precision=0.8493, valid_recall=0.8158, valid_f1=0.8322, valid_roc_auc=0.9832, valid_pr_auc=0.7938
2026-08-22 01:00:16,411 - INFO - Epoch 6: new best validation PR-AUC = 0.8233
2026-08-22 01:00:16,411 - INFO - Epoch 6/50, loss=0.0028, train_acc=0.9994, train_precision=0.8535, train_recall=0.7715, train_f1=0.8104, train_roc_auc=0.9848, train_pr_auc=0.7619, valid_acc=0.9994, valid_precision=0.8000, valid_recall=0.8421, valid_f1=0.8205, valid_roc_auc=0.9841, valid_pr_auc=0.8233
2026-08-22 01:00:29,363 - INFO - Epoch 7: new best validation PR-AUC = 0.8271
2026-08-22 01:00:29,363 - INFO - Epoch 7/50, loss=0.0028, train_acc=0.9994, train_precision=0.8484, train_recall=0.7781, train_f1=0.8117, train_roc_auc=0.9852, train_pr_auc=0.7623, valid_acc=0.9994, valid_precision=0.8400, valid_recall=0.8289, valid_f1=0.8344, valid_roc_auc=0.9875, valid_pr_auc=0.8271
2026-08-22 01:00:41,590 - INFO - Epoch 8: new best validation PR-AUC = 0.8339
2026-08-22 01:00:41,590 - INFO - Epoch 8/50, loss=0.0027, train_acc=0.9994, train_precision=0.8582, train_recall=0.7815, train_f1=0.8180, train_roc_auc=0.9864, train_pr_auc=0.7552, valid_acc=0.9994, valid_precision=0.8025, valid_recall=0.8553, valid_f1=0.8280, valid_roc_auc=0.9912, valid_pr_auc=0.8339
2026-08-22 01:00:53,935 - INFO - Epoch 9: new best validation PR-AUC = 0.8539
2026-08-22 01:00:53,935 - INFO - Epoch 9/50, loss=0.0027, train_acc=0.9994, train_precision=0.8571, train_recall=0.7748, train_f1=0.8139, train_roc_auc=0.9859, train_pr_auc=0.7825, valid_acc=0.9995, valid_precision=0.8611, valid_recall=0.8158, valid_f1=0.8378, valid_roc_auc=0.9872, valid_pr_auc=0.8539
2026-08-22 01:01:07,368 - INFO - Epoch 10: new best validation PR-AUC = 0.8778
2026-08-22 01:01:07,368 - INFO - Epoch 10/50, loss=0.0026, train_acc=0.9994, train_precision=0.8577, train_recall=0.7781, train_f1=0.8160, train_roc_auc=0.9867, train_pr_auc=0.7956, valid_acc=0.9994, valid_precision=0.8125, valid_recall=0.8553, valid_f1=0.8333, valid_roc_auc=0.9864, valid_pr_auc=0.8778
2026-08-22 01:01:20,659 - INFO - Epoch 11/50, loss=0.0025, train_acc=0.9995, train_precision=0.8691, train_recall=0.7914, train_f1=0.8284, train_roc_auc=0.9903, train_pr_auc=0.8101, valid_acc=0.9994, valid_precision=0.8000, valid_recall=0.8421, valid_f1=0.8205, valid_roc_auc=0.9862, valid_pr_auc=0.8774
2026-08-22 01:01:33,789 - INFO - Epoch 12: new best validation PR-AUC = 0.8847
2026-08-22 01:01:33,789 - INFO - Epoch 12/50, loss=0.0025, train_acc=0.9994, train_precision=0.8769, train_recall=0.7781, train_f1=0.8246, train_roc_auc=0.9897, train_pr_auc=0.8291, valid_acc=0.9994, valid_precision=0.8025, valid_recall=0.8553, valid_f1=0.8280, valid_roc_auc=0.9825, valid_pr_auc=0.8847
2026-08-22 01:01:47,126 - INFO - Epoch 13/50, loss=0.0024, train_acc=0.9995, train_precision=0.8612, train_recall=0.8013, train_f1=0.8302, train_roc_auc=0.9923, train_pr_auc=0.8362, valid_acc=0.9994, valid_precision=0.7901, valid_recall=0.8421, valid_f1=0.8153, valid_roc_auc=0.9826, valid_pr_auc=0.8690
2026-08-22 01:02:00,283 - INFO - Epoch 14/50, loss=0.0024, train_acc=0.9994, train_precision=0.8708, train_recall=0.7815, train_f1=0.8237, train_roc_auc=0.9899, train_pr_auc=0.8494, valid_acc=0.9994, valid_precision=0.8101, valid_recall=0.8421, valid_f1=0.8258, valid_roc_auc=0.9793, valid_pr_auc=0.8821
2026-08-22 01:02:12,427 - INFO - Epoch 15/50, loss=0.0024, train_acc=0.9995, train_precision=0.8876, train_recall=0.7848, train_f1=0.8330, train_roc_auc=0.9902, train_pr_auc=0.8482, valid_acc=0.9995, valid_precision=0.8514, valid_recall=0.8289, valid_f1=0.8400, valid_roc_auc=0.9839, valid_pr_auc=0.8602
2026-08-22 01:02:24,663 - INFO - Epoch 16/50, loss=0.0021, train_acc=0.9995, train_precision=0.9261, train_recall=0.7881, train_f1=0.8515, train_roc_auc=0.9925, train_pr_auc=0.8678, valid_acc=0.9995, valid_precision=0.9655, valid_recall=0.7368, valid_f1=0.8358, valid_roc_auc=0.9852, valid_pr_auc=0.8798
2026-08-22 01:02:37,709 - INFO - Epoch 17/50, loss=0.0020, train_acc=0.9996, train_precision=0.9170, train_recall=0.8046, train_f1=0.8571, train_roc_auc=0.9945, train_pr_auc=0.8877, valid_acc=0.9994, valid_precision=0.8125, valid_recall=0.8553, valid_f1=0.8333, valid_roc_auc=0.9822, valid_pr_auc=0.8771
2026-08-22 01:02:51,099 - INFO - Epoch 18/50, loss=0.0019, train_acc=0.9995, train_precision=0.9129, train_recall=0.7980, train_f1=0.8516, train_roc_auc=0.9936, train_pr_auc=0.8896, valid_acc=0.9995, valid_precision=0.9206, valid_recall=0.7632, valid_f1=0.8345, valid_roc_auc=0.9801, valid_pr_auc=0.8634
2026-08-22 01:03:03,968 - INFO - Epoch 19/50, loss=0.0018, train_acc=0.9996, train_precision=0.9316, train_recall=0.8113, train_f1=0.8673, train_roc_auc=0.9952, train_pr_auc=0.8978, valid_acc=0.9996, valid_precision=0.9275, valid_recall=0.8421, valid_f1=0.8828, valid_roc_auc=0.9805, valid_pr_auc=0.8758
2026-08-22 01:03:16,737 - INFO - Epoch 20/50, loss=0.0017, train_acc=0.9996, train_precision=0.9427, train_recall=0.8179, train_f1=0.8759, train_roc_auc=0.9963, train_pr_auc=0.9032, valid_acc=0.9996, valid_precision=0.9275, valid_recall=0.8421, valid_f1=0.8828, valid_roc_auc=0.9771, valid_pr_auc=0.8729
2026-08-22 01:03:29,311 - INFO - Epoch 21/50, loss=0.0017, train_acc=0.9996, train_precision=0.9432, train_recall=0.8245, train_f1=0.8799, train_roc_auc=0.9968, train_pr_auc=0.9026, valid_acc=0.9996, valid_precision=0.9014, valid_recall=0.8421, valid_f1=0.8707, valid_roc_auc=0.9737, valid_pr_auc=0.8737
2026-08-22 01:03:43,121 - INFO - Epoch 22/50, loss=0.0016, train_acc=0.9997, train_precision=0.9615, train_recall=0.8278, train_f1=0.8897, train_roc_auc=0.9957, train_pr_auc=0.9112, valid_acc=0.9996, valid_precision=0.9143, valid_recall=0.8421, valid_f1=0.8767, valid_roc_auc=0.9766, valid_pr_auc=0.8744
2026-08-22 01:03:55,906 - INFO - Epoch 23/50, loss=0.0016, train_acc=0.9996, train_precision=0.9430, train_recall=0.8212, train_f1=0.8779, train_roc_auc=0.9971, train_pr_auc=0.9139, valid_acc=0.9996, valid_precision=0.9143, valid_recall=0.8421, valid_f1=0.8767, valid_roc_auc=0.9752, valid_pr_auc=0.8691
2026-08-22 01:04:08,051 - INFO - Epoch 24/50, loss=0.0015, train_acc=0.9997, train_precision=0.9656, train_recall=0.8377, train_f1=0.8972, train_roc_auc=0.9964, train_pr_auc=0.9200, valid_acc=0.9996, valid_precision=0.9143, valid_recall=0.8421, valid_f1=0.8767, valid_roc_auc=0.9699, valid_pr_auc=0.8714
2026-08-22 01:04:20,617 - INFO - Epoch 25/50, loss=0.0015, train_acc=0.9997, train_precision=0.9615, train_recall=0.8278, train_f1=0.8897, train_roc_auc=0.9970, train_pr_auc=0.9226, valid_acc=0.9996, valid_precision=0.9014, valid_recall=0.8421, valid_f1=0.8707, valid_roc_auc=0.9710, valid_pr_auc=0.8670
2026-08-22 01:04:34,119 - INFO - Epoch 26/50, loss=0.0015, train_acc=0.9997, train_precision=0.9582, train_recall=0.8344, train_f1=0.8920, train_roc_auc=0.9973, train_pr_auc=0.9261, valid_acc=0.9996, valid_precision=0.9275, valid_recall=0.8421, valid_f1=0.8828, valid_roc_auc=0.9702, valid_pr_auc=0.8687
2026-08-22 01:04:47,154 - INFO - Epoch 27/50, loss=0.0015, train_acc=0.9997, train_precision=0.9654, train_recall=0.8311, train_f1=0.8932, train_roc_auc=0.9970, train_pr_auc=0.9212, valid_acc=0.9996, valid_precision=0.9143, valid_recall=0.8421, valid_f1=0.8767, valid_roc_auc=0.9701, valid_pr_auc=0.8687
2026-08-22 01:04:59,834 - INFO - Epoch 28/50, loss=0.0014, train_acc=0.9997, train_precision=0.9696, train_recall=0.8444, train_f1=0.9027, train_roc_auc=0.9976, train_pr_auc=0.9255, valid_acc=0.9996, valid_precision=0.9275, valid_recall=0.8421, valid_f1=0.8828, valid_roc_auc=0.9673, valid_pr_auc=0.8675
2026-08-22 01:05:15,639 - INFO - Epoch 29/50, loss=0.0014, train_acc=0.9997, train_precision=0.9660, train_recall=0.8477, train_f1=0.9030, train_roc_auc=0.9986, train_pr_auc=0.9267, valid_acc=0.9996, valid_precision=0.9275, valid_recall=0.8421, valid_f1=0.8828, valid_roc_auc=0.9684, valid_pr_auc=0.8673
2026-08-22 01:05:35,811 - INFO - Epoch 30/50, loss=0.0014, train_acc=0.9997, train_precision=0.9692, train_recall=0.8344, train_f1=0.8968, train_roc_auc=0.9978, train_pr_auc=0.9301, valid_acc=0.9996, valid_precision=0.9275, valid_recall=0.8421, valid_f1=0.8828, valid_roc_auc=0.9665, valid_pr_auc=0.8649
2026-08-22 01:05:47,805 - INFO - Epoch 31/50, loss=0.0014, train_acc=0.9997, train_precision=0.9511, train_recall=0.8377, train_f1=0.8908, train_roc_auc=0.9976, train_pr_auc=0.9292, valid_acc=0.9996, valid_precision=0.9275, valid_recall=0.8421, valid_f1=0.8828, valid_roc_auc=0.9676, valid_pr_auc=0.8672
2026-08-22 01:06:00,245 - INFO - Epoch 32/50, loss=0.0015, train_acc=0.9997, train_precision=0.9731, train_recall=0.8377, train_f1=0.9004, train_roc_auc=0.9973, train_pr_auc=0.9240, valid_acc=0.9996, valid_precision=0.9143, valid_recall=0.8421, valid_f1=0.8767, valid_roc_auc=0.9683, valid_pr_auc=0.8685
2026-08-22 01:06:12,408 - INFO - Epoch 33/50, loss=0.0014, train_acc=0.9997, train_precision=0.9623, train_recall=0.8444, train_f1=0.8995, train_roc_auc=0.9975, train_pr_auc=0.9272, valid_acc=0.9996, valid_precision=0.9143, valid_recall=0.8421, valid_f1=0.8767, valid_roc_auc=0.9675, valid_pr_auc=0.8678
2026-08-22 01:06:23,843 - INFO - Epoch 34/50, loss=0.0013, train_acc=0.9997, train_precision=0.9586, train_recall=0.8444, train_f1=0.8979, train_roc_auc=0.9984, train_pr_auc=0.9331, valid_acc=0.9996, valid_precision=0.9275, valid_recall=0.8421, valid_f1=0.8828, valid_roc_auc=0.9700, valid_pr_auc=0.8680
2026-08-22 01:06:35,545 - INFO - Epoch 35/50, loss=0.0014, train_acc=0.9997, train_precision=0.9696, train_recall=0.8444, train_f1=0.9027, train_roc_auc=0.9982, train_pr_auc=0.9324, valid_acc=0.9996, valid_precision=0.9275, valid_recall=0.8421, valid_f1=0.8828, valid_roc_auc=0.9666, valid_pr_auc=0.8655
2026-08-22 01:06:47,342 - INFO - Epoch 36/50, loss=0.0014, train_acc=0.9997, train_precision=0.9698, train_recall=0.8510, train_f1=0.9065, train_roc_auc=0.9976, train_pr_auc=0.9338, valid_acc=0.9996, valid_precision=0.9143, valid_recall=0.8421, valid_f1=0.8767, valid_roc_auc=0.9678, valid_pr_auc=0.8681
2026-08-22 01:07:00,280 - INFO - Epoch 37/50, loss=0.0014, train_acc=0.9997, train_precision=0.9698, train_recall=0.8510, train_f1=0.9065, train_roc_auc=0.9970, train_pr_auc=0.9304, valid_acc=0.9996, valid_precision=0.9275, valid_recall=0.8421, valid_f1=0.8828, valid_roc_auc=0.9666, valid_pr_auc=0.8668
2026-08-22 01:07:13,025 - INFO - Epoch 38/50, loss=0.0014, train_acc=0.9997, train_precision=0.9583, train_recall=0.8377, train_f1=0.8940, train_roc_auc=0.9979, train_pr_auc=0.9283, valid_acc=0.9996, valid_precision=0.9275, valid_recall=0.8421, valid_f1=0.8828, valid_roc_auc=0.9674, valid_pr_auc=0.8686
2026-08-22 01:07:25,947 - INFO - Epoch 39/50, loss=0.0014, train_acc=0.9997, train_precision=0.9729, train_recall=0.8311, train_f1=0.8964, train_roc_auc=0.9979, train_pr_auc=0.9282, valid_acc=0.9996, valid_precision=0.9275, valid_recall=0.8421, valid_f1=0.8828, valid_roc_auc=0.9659, valid_pr_auc=0.8650
2026-08-22 01:07:38,283 - INFO - Epoch 40/50, loss=0.0014, train_acc=0.9997, train_precision=0.9768, train_recall=0.8377, train_f1=0.9020, train_roc_auc=0.9984, train_pr_auc=0.9291, valid_acc=0.9996, valid_precision=0.9275, valid_recall=0.8421, valid_f1=0.8828, valid_roc_auc=0.9689, valid_pr_auc=0.8686
2026-08-22 01:07:51,043 - INFO - Epoch 41/50, loss=0.0014, train_acc=0.9997, train_precision=0.9698, train_recall=0.8510, train_f1=0.9065, train_roc_auc=0.9979, train_pr_auc=0.9291, valid_acc=0.9996, valid_precision=0.9275, valid_recall=0.8421, valid_f1=0.8828, valid_roc_auc=0.9658, valid_pr_auc=0.8665
2026-08-22 01:08:03,826 - INFO - Epoch 42/50, loss=0.0014, train_acc=0.9997, train_precision=0.9733, train_recall=0.8444, train_f1=0.9043, train_roc_auc=0.9978, train_pr_auc=0.9320, valid_acc=0.9996, valid_precision=0.9275, valid_recall=0.8421, valid_f1=0.8828, valid_roc_auc=0.9682, valid_pr_auc=0.8669
2026-08-22 01:08:16,756 - INFO - Epoch 43/50, loss=0.0014, train_acc=0.9997, train_precision=0.9621, train_recall=0.8411, train_f1=0.8975, train_roc_auc=0.9977, train_pr_auc=0.9345, valid_acc=0.9996, valid_precision=0.9275, valid_recall=0.8421, valid_f1=0.8828, valid_roc_auc=0.9672, valid_pr_auc=0.8674
2026-08-22 01:08:30,669 - INFO - Epoch 44/50, loss=0.0013, train_acc=0.9997, train_precision=0.9698, train_recall=0.8510, train_f1=0.9065, train_roc_auc=0.9981, train_pr_auc=0.9311, valid_acc=0.9996, valid_precision=0.9143, valid_recall=0.8421, valid_f1=0.8767, valid_roc_auc=0.9684, valid_pr_auc=0.8667
2026-08-22 01:08:44,210 - INFO - Epoch 45/50, loss=0.0013, train_acc=0.9997, train_precision=0.9695, train_recall=0.8411, train_f1=0.9007, train_roc_auc=0.9982, train_pr_auc=0.9348, valid_acc=0.9996, valid_precision=0.9143, valid_recall=0.8421, valid_f1=0.8767, valid_roc_auc=0.9669, valid_pr_auc=0.8671
2026-08-22 01:08:57,437 - INFO - Epoch 46/50, loss=0.0014, train_acc=0.9997, train_precision=0.9659, train_recall=0.8444, train_f1=0.9011, train_roc_auc=0.9978, train_pr_auc=0.9312, valid_acc=0.9996, valid_precision=0.9143, valid_recall=0.8421, valid_f1=0.8767, valid_roc_auc=0.9687, valid_pr_auc=0.8687
2026-08-22 01:09:09,584 - INFO - Epoch 47/50, loss=0.0014, train_acc=0.9997, train_precision=0.9620, train_recall=0.8377, train_f1=0.8956, train_roc_auc=0.9982, train_pr_auc=0.9305, valid_acc=0.9996, valid_precision=0.9275, valid_recall=0.8421, valid_f1=0.8828, valid_roc_auc=0.9699, valid_pr_auc=0.8709
2026-08-22 01:09:21,445 - INFO - Epoch 48/50, loss=0.0014, train_acc=0.9997, train_precision=0.9696, train_recall=0.8444, train_f1=0.9027, train_roc_auc=0.9974, train_pr_auc=0.9328, valid_acc=0.9996, valid_precision=0.9275, valid_recall=0.8421, valid_f1=0.8828, valid_roc_auc=0.9692, valid_pr_auc=0.8738
2026-08-22 01:09:33,504 - INFO - Epoch 49/50, loss=0.0013, train_acc=0.9997, train_precision=0.9696, train_recall=0.8444, train_f1=0.9027, train_roc_auc=0.9984, train_pr_auc=0.9338, valid_acc=0.9996, valid_precision=0.9275, valid_recall=0.8421, valid_f1=0.8828, valid_roc_auc=0.9669, valid_pr_auc=0.8685
2026-08-22 01:09:45,698 - INFO - Epoch 50/50, loss=0.0013, train_acc=0.9997, train_precision=0.9733, train_recall=0.8444, train_f1=0.9043, train_roc_auc=0.9984, train_pr_auc=0.9322, valid_acc=0.9996, valid_precision=0.9275, valid_recall=0.8421, valid_f1=0.8828, valid_roc_auc=0.9666, valid_pr_auc=0.8676
2026-08-22 01:09:45,698 - INFO - Best epoch: 12
2026-08-22 01:09:45,698 - INFO - Best validation PR-AUC: 0.8847
2026-08-22 01:09:45,698 - INFO - Fold 4 results:
2026-08-22 01:09:45,698 - INFO - accuracy: 0.9994
2026-08-22 01:09:45,698 - INFO - f1: 0.8280
2026-08-22 01:09:45,698 - INFO - pr_auc: 0.8847
2026-08-22 01:09:45,698 - INFO - precision: 0.8025
2026-08-22 01:09:45,698 - INFO - recall: 0.8553
2026-08-22 01:09:45,698 - INFO - roc_auc: 0.9825
2026-08-22 01:09:45,698 - INFO - Model saved to models/fraud_model_index_4_fold_4.pth
2026-08-22 01:09:45,698 - INFO - 
========== Fold 5/5 ==========
2026-08-22 01:09:58,265 - INFO - Epoch 1: new best validation PR-AUC = 0.7532
2026-08-22 01:09:58,265 - INFO - Epoch 1/50, loss=0.0121, train_acc=0.9971, train_precision=0.1246, train_recall=0.1225, train_f1=0.1235, train_roc_auc=0.9447, train_pr_auc=0.1529, valid_acc=0.9994, valid_precision=0.8101, valid_recall=0.8421, valid_f1=0.8258, valid_roc_auc=0.9880, valid_pr_auc=0.7532
2026-08-22 01:10:10,838 - INFO - Epoch 2: new best validation PR-AUC = 0.7681
2026-08-22 01:10:10,838 - INFO - Epoch 2/50, loss=0.0033, train_acc=0.9994, train_precision=0.8462, train_recall=0.7649, train_f1=0.8035, train_roc_auc=0.9801, train_pr_auc=0.7195, valid_acc=0.9994, valid_precision=0.8148, valid_recall=0.8684, valid_f1=0.8408, valid_roc_auc=0.9866, valid_pr_auc=0.7681
2026-08-22 01:10:23,153 - INFO - Epoch 3: new best validation PR-AUC = 0.8040
2026-08-22 01:10:23,153 - INFO - Epoch 3/50, loss=0.0031, train_acc=0.9994, train_precision=0.8345, train_recall=0.7682, train_f1=0.8000, train_roc_auc=0.9790, train_pr_auc=0.7170, valid_acc=0.9994, valid_precision=0.8312, valid_recall=0.8421, valid_f1=0.8366, valid_roc_auc=0.9927, valid_pr_auc=0.8040
2026-08-22 01:10:34,891 - INFO - Epoch 4: new best validation PR-AUC = 0.8335
2026-08-22 01:10:34,891 - INFO - Epoch 4/50, loss=0.0029, train_acc=0.9994, train_precision=0.8431, train_recall=0.7649, train_f1=0.8021, train_roc_auc=0.9796, train_pr_auc=0.7576, valid_acc=0.9995, valid_precision=0.8333, valid_recall=0.8553, valid_f1=0.8442, valid_roc_auc=0.9940, valid_pr_auc=0.8335
2026-08-22 01:10:47,095 - INFO - Epoch 5/50, loss=0.0029, train_acc=0.9994, train_precision=0.8400, train_recall=0.7649, train_f1=0.8007, train_roc_auc=0.9826, train_pr_auc=0.7735, valid_acc=0.9995, valid_precision=0.8250, valid_recall=0.8684, valid_f1=0.8462, valid_roc_auc=0.9940, valid_pr_auc=0.8242
2026-08-22 01:11:02,855 - INFO - Epoch 6: new best validation PR-AUC = 0.8502
2026-08-22 01:11:02,856 - INFO - Epoch 6/50, loss=0.0028, train_acc=0.9994, train_precision=0.8478, train_recall=0.7748, train_f1=0.8097, train_roc_auc=0.9850, train_pr_auc=0.7869, valid_acc=0.9995, valid_precision=0.8421, valid_recall=0.8421, valid_f1=0.8421, valid_roc_auc=0.9966, valid_pr_auc=0.8502
2026-08-22 01:11:15,710 - INFO - Epoch 7: new best validation PR-AUC = 0.8620
2026-08-22 01:11:15,710 - INFO - Epoch 7/50, loss=0.0027, train_acc=0.9994, train_precision=0.8608, train_recall=0.7781, train_f1=0.8174, train_roc_auc=0.9863, train_pr_auc=0.8176, valid_acc=0.9995, valid_precision=0.8442, valid_recall=0.8553, valid_f1=0.8497, valid_roc_auc=0.9977, valid_pr_auc=0.8620
2026-08-22 01:11:28,740 - INFO - Epoch 8: new best validation PR-AUC = 0.8714
2026-08-22 01:11:28,740 - INFO - Epoch 8/50, loss=0.0027, train_acc=0.9994, train_precision=0.8357, train_recall=0.7748, train_f1=0.8041, train_roc_auc=0.9835, train_pr_auc=0.8321, valid_acc=0.9995, valid_precision=0.9355, valid_recall=0.7632, valid_f1=0.8406, valid_roc_auc=0.9944, valid_pr_auc=0.8714
2026-08-22 01:11:42,354 - INFO - Epoch 9: new best validation PR-AUC = 0.8856
2026-08-22 01:11:42,354 - INFO - Epoch 9/50, loss=0.0026, train_acc=0.9994, train_precision=0.8467, train_recall=0.7682, train_f1=0.8056, train_roc_auc=0.9841, train_pr_auc=0.8354, valid_acc=0.9995, valid_precision=0.8171, valid_recall=0.8816, valid_f1=0.8481, valid_roc_auc=0.9955, valid_pr_auc=0.8856
2026-08-22 01:11:55,871 - INFO - Epoch 10/50, loss=0.0025, train_acc=0.9994, train_precision=0.8614, train_recall=0.7616, train_f1=0.8084, train_roc_auc=0.9873, train_pr_auc=0.8458, valid_acc=0.9996, valid_precision=0.9000, valid_recall=0.8289, valid_f1=0.8630, valid_roc_auc=0.9961, valid_pr_auc=0.8816
2026-08-22 01:12:08,414 - INFO - Epoch 11/50, loss=0.0026, train_acc=0.9994, train_precision=0.8662, train_recall=0.7715, train_f1=0.8161, train_roc_auc=0.9850, train_pr_auc=0.8443, valid_acc=0.9995, valid_precision=0.8354, valid_recall=0.8684, valid_f1=0.8516, valid_roc_auc=0.9966, valid_pr_auc=0.8790
2026-08-22 01:12:21,728 - INFO - Epoch 12/50, loss=0.0024, train_acc=0.9995, train_precision=0.8931, train_recall=0.7748, train_f1=0.8298, train_roc_auc=0.9869, train_pr_auc=0.8502, valid_acc=0.9993, valid_precision=0.9600, valid_recall=0.6316, valid_f1=0.7619, valid_roc_auc=0.9966, valid_pr_auc=0.8772
2026-08-22 01:12:35,209 - INFO - Epoch 13/50, loss=0.0022, train_acc=0.9995, train_precision=0.8985, train_recall=0.7914, train_f1=0.8415, train_roc_auc=0.9905, train_pr_auc=0.8739, valid_acc=0.9995, valid_precision=0.8649, valid_recall=0.8421, valid_f1=0.8533, valid_roc_auc=0.9968, valid_pr_auc=0.8838
2026-08-22 01:12:48,824 - INFO - Epoch 14: new best validation PR-AUC = 0.8873
2026-08-22 01:12:48,824 - INFO - Epoch 14/50, loss=0.0021, train_acc=0.9995, train_precision=0.9186, train_recall=0.7848, train_f1=0.8464, train_roc_auc=0.9918, train_pr_auc=0.8752, valid_acc=0.9996, valid_precision=0.9028, valid_recall=0.8553, valid_f1=0.8784, valid_roc_auc=0.9978, valid_pr_auc=0.8873
2026-08-22 01:13:01,547 - INFO - Epoch 15: new best validation PR-AUC = 0.8877
2026-08-22 01:13:01,547 - INFO - Epoch 15/50, loss=0.0021, train_acc=0.9995, train_precision=0.9258, train_recall=0.7848, train_f1=0.8495, train_roc_auc=0.9928, train_pr_auc=0.8821, valid_acc=0.9996, valid_precision=0.9028, valid_recall=0.8553, valid_f1=0.8784, valid_roc_auc=0.9980, valid_pr_auc=0.8877
2026-08-22 01:13:15,226 - INFO - Epoch 16/50, loss=0.0021, train_acc=0.9996, train_precision=0.9077, train_recall=0.8146, train_f1=0.8586, train_roc_auc=0.9914, train_pr_auc=0.8832, valid_acc=0.9996, valid_precision=0.8800, valid_recall=0.8684, valid_f1=0.8742, valid_roc_auc=0.9959, valid_pr_auc=0.8865
2026-08-22 01:13:28,848 - INFO - Epoch 17/50, loss=0.0020, train_acc=0.9995, train_precision=0.9195, train_recall=0.7947, train_f1=0.8526, train_roc_auc=0.9929, train_pr_auc=0.8862, valid_acc=0.9996, valid_precision=0.9538, valid_recall=0.8158, valid_f1=0.8794, valid_roc_auc=0.9956, valid_pr_auc=0.8867
2026-08-22 01:13:42,547 - INFO - Epoch 18: new best validation PR-AUC = 0.8883
2026-08-22 01:13:42,547 - INFO - Epoch 18/50, loss=0.0019, train_acc=0.9996, train_precision=0.9269, train_recall=0.7980, train_f1=0.8577, train_roc_auc=0.9933, train_pr_auc=0.8909, valid_acc=0.9996, valid_precision=0.9143, valid_recall=0.8421, valid_f1=0.8767, valid_roc_auc=0.9961, valid_pr_auc=0.8883
2026-08-22 01:13:56,112 - INFO - Epoch 19/50, loss=0.0019, train_acc=0.9996, train_precision=0.9286, train_recall=0.8179, train_f1=0.8697, train_roc_auc=0.9934, train_pr_auc=0.8926, valid_acc=0.9996, valid_precision=0.8919, valid_recall=0.8684, valid_f1=0.8800, valid_roc_auc=0.9962, valid_pr_auc=0.8856
2026-08-22 01:14:09,459 - INFO - Epoch 20/50, loss=0.0018, train_acc=0.9996, train_precision=0.9356, train_recall=0.8179, train_f1=0.8728, train_roc_auc=0.9936, train_pr_auc=0.8983, valid_acc=0.9996, valid_precision=0.9143, valid_recall=0.8421, valid_f1=0.8767, valid_roc_auc=0.9949, valid_pr_auc=0.8816
2026-08-22 01:14:22,303 - INFO - Epoch 21/50, loss=0.0018, train_acc=0.9996, train_precision=0.9387, train_recall=0.8113, train_f1=0.8703, train_roc_auc=0.9950, train_pr_auc=0.8961, valid_acc=0.9996, valid_precision=0.8800, valid_recall=0.8684, valid_f1=0.8742, valid_roc_auc=0.9945, valid_pr_auc=0.8797
2026-08-22 01:14:35,055 - INFO - Epoch 22: new best validation PR-AUC = 0.8888
2026-08-22 01:14:35,055 - INFO - Epoch 22/50, loss=0.0017, train_acc=0.9996, train_precision=0.9470, train_recall=0.8278, train_f1=0.8834, train_roc_auc=0.9964, train_pr_auc=0.9069, valid_acc=0.9996, valid_precision=0.9286, valid_recall=0.8553, valid_f1=0.8904, valid_roc_auc=0.9965, valid_pr_auc=0.8888
2026-08-22 01:14:47,528 - INFO - Epoch 23/50, loss=0.0016, train_acc=0.9997, train_precision=0.9556, train_recall=0.8543, train_f1=0.9021, train_roc_auc=0.9964, train_pr_auc=0.9133, valid_acc=0.9996, valid_precision=0.8684, valid_recall=0.8684, valid_f1=0.8684, valid_roc_auc=0.9949, valid_pr_auc=0.8867
2026-08-22 01:14:59,760 - INFO - Epoch 24/50, loss=0.0017, train_acc=0.9997, train_precision=0.9513, train_recall=0.8411, train_f1=0.8928, train_roc_auc=0.9956, train_pr_auc=0.9093, valid_acc=0.9996, valid_precision=0.9412, valid_recall=0.8421, valid_f1=0.8889, valid_roc_auc=0.9954, valid_pr_auc=0.8874
2026-08-22 01:15:12,916 - INFO - Epoch 25/50, loss=0.0016, train_acc=0.9996, train_precision=0.9575, train_recall=0.8212, train_f1=0.8841, train_roc_auc=0.9970, train_pr_auc=0.9126, valid_acc=0.9996, valid_precision=0.9286, valid_recall=0.8553, valid_f1=0.8904, valid_roc_auc=0.9948, valid_pr_auc=0.8872
2026-08-22 01:15:26,104 - INFO - Epoch 26/50, loss=0.0015, train_acc=0.9997, train_precision=0.9627, train_recall=0.8543, train_f1=0.9053, train_roc_auc=0.9972, train_pr_auc=0.9215, valid_acc=0.9997, valid_precision=0.9429, valid_recall=0.8684, valid_f1=0.9041, valid_roc_auc=0.9953, valid_pr_auc=0.8888
2026-08-22 01:15:39,592 - INFO - Epoch 27: new best validation PR-AUC = 0.8900
2026-08-22 01:15:39,592 - INFO - Epoch 27/50, loss=0.0015, train_acc=0.9997, train_precision=0.9623, train_recall=0.8444, train_f1=0.8995, train_roc_auc=0.9972, train_pr_auc=0.9217, valid_acc=0.9997, valid_precision=0.9559, valid_recall=0.8553, valid_f1=0.9028, valid_roc_auc=0.9963, valid_pr_auc=0.8900
2026-08-22 01:15:52,755 - INFO - Epoch 28: new best validation PR-AUC = 0.8924
2026-08-22 01:15:52,755 - INFO - Epoch 28/50, loss=0.0014, train_acc=0.9997, train_precision=0.9692, train_recall=0.8344, train_f1=0.8968, train_roc_auc=0.9975, train_pr_auc=0.9233, valid_acc=0.9997, valid_precision=0.9420, valid_recall=0.8553, valid_f1=0.8966, valid_roc_auc=0.9958, valid_pr_auc=0.8924
2026-08-22 01:16:05,536 - INFO - Epoch 29/50, loss=0.0015, train_acc=0.9997, train_precision=0.9659, train_recall=0.8444, train_f1=0.9011, train_roc_auc=0.9968, train_pr_auc=0.9249, valid_acc=0.9996, valid_precision=0.9833, valid_recall=0.7763, valid_f1=0.8676, valid_roc_auc=0.9950, valid_pr_auc=0.8874
2026-08-22 01:16:18,092 - INFO - Epoch 30/50, loss=0.0015, train_acc=0.9997, train_precision=0.9699, train_recall=0.8543, train_f1=0.9085, train_roc_auc=0.9977, train_pr_auc=0.9190, valid_acc=0.9997, valid_precision=0.9420, valid_recall=0.8553, valid_f1=0.8966, valid_roc_auc=0.9934, valid_pr_auc=0.8886
2026-08-22 01:16:31,000 - INFO - Epoch 31/50, loss=0.0014, train_acc=0.9997, train_precision=0.9698, train_recall=0.8510, train_f1=0.9065, train_roc_auc=0.9981, train_pr_auc=0.9268, valid_acc=0.9997, valid_precision=0.9552, valid_recall=0.8421, valid_f1=0.8951, valid_roc_auc=0.9952, valid_pr_auc=0.8900
2026-08-22 01:16:44,547 - INFO - Epoch 32/50, loss=0.0014, train_acc=0.9997, train_precision=0.9734, train_recall=0.8477, train_f1=0.9062, train_roc_auc=0.9984, train_pr_auc=0.9269, valid_acc=0.9997, valid_precision=0.9559, valid_recall=0.8553, valid_f1=0.9028, valid_roc_auc=0.9932, valid_pr_auc=0.8895
2026-08-22 01:16:56,596 - INFO - Epoch 33/50, loss=0.0013, train_acc=0.9997, train_precision=0.9703, train_recall=0.8642, train_f1=0.9142, train_roc_auc=0.9984, train_pr_auc=0.9290, valid_acc=0.9997, valid_precision=0.9420, valid_recall=0.8553, valid_f1=0.8966, valid_roc_auc=0.9927, valid_pr_auc=0.8893
2026-08-22 01:17:09,404 - INFO - Epoch 34/50, loss=0.0013, train_acc=0.9997, train_precision=0.9700, train_recall=0.8576, train_f1=0.9104, train_roc_auc=0.9984, train_pr_auc=0.9298, valid_acc=0.9997, valid_precision=0.9559, valid_recall=0.8553, valid_f1=0.9028, valid_roc_auc=0.9944, valid_pr_auc=0.8881
2026-08-22 01:17:23,015 - INFO - Epoch 35/50, loss=0.0013, train_acc=0.9997, train_precision=0.9741, train_recall=0.8709, train_f1=0.9196, train_roc_auc=0.9984, train_pr_auc=0.9303, valid_acc=0.9997, valid_precision=0.9559, valid_recall=0.8553, valid_f1=0.9028, valid_roc_auc=0.9935, valid_pr_auc=0.8871
2026-08-22 01:17:36,806 - INFO - Epoch 36/50, loss=0.0013, train_acc=0.9998, train_precision=0.9850, train_recall=0.8675, train_f1=0.9225, train_roc_auc=0.9977, train_pr_auc=0.9351, valid_acc=0.9997, valid_precision=0.9559, valid_recall=0.8553, valid_f1=0.9028, valid_roc_auc=0.9937, valid_pr_auc=0.8891
2026-08-22 01:17:50,518 - INFO - Epoch 37/50, loss=0.0013, train_acc=0.9997, train_precision=0.9662, train_recall=0.8510, train_f1=0.9049, train_roc_auc=0.9984, train_pr_auc=0.9298, valid_acc=0.9997, valid_precision=0.9692, valid_recall=0.8289, valid_f1=0.8936, valid_roc_auc=0.9942, valid_pr_auc=0.8876
2026-08-22 01:18:03,296 - INFO - Epoch 38/50, loss=0.0013, train_acc=0.9998, train_precision=0.9813, train_recall=0.8709, train_f1=0.9228, train_roc_auc=0.9982, train_pr_auc=0.9341, valid_acc=0.9997, valid_precision=0.9559, valid_recall=0.8553, valid_f1=0.9028, valid_roc_auc=0.9924, valid_pr_auc=0.8887
2026-08-22 01:18:17,154 - INFO - Epoch 39/50, loss=0.0012, train_acc=0.9997, train_precision=0.9774, train_recall=0.8609, train_f1=0.9155, train_roc_auc=0.9988, train_pr_auc=0.9371, valid_acc=0.9997, valid_precision=0.9559, valid_recall=0.8553, valid_f1=0.9028, valid_roc_auc=0.9937, valid_pr_auc=0.8894
2026-08-22 01:18:30,414 - INFO - Epoch 40/50, loss=0.0013, train_acc=0.9997, train_precision=0.9739, train_recall=0.8642, train_f1=0.9158, train_roc_auc=0.9964, train_pr_auc=0.9318, valid_acc=0.9997, valid_precision=0.9692, valid_recall=0.8289, valid_f1=0.8936, valid_roc_auc=0.9950, valid_pr_auc=0.8869
2026-08-22 01:18:43,007 - INFO - Epoch 41/50, loss=0.0013, train_acc=0.9997, train_precision=0.9773, train_recall=0.8543, train_f1=0.9117, train_roc_auc=0.9989, train_pr_auc=0.9335, valid_acc=0.9997, valid_precision=0.9559, valid_recall=0.8553, valid_f1=0.9028, valid_roc_auc=0.9942, valid_pr_auc=0.8898
2026-08-22 01:18:55,645 - INFO - Epoch 42/50, loss=0.0012, train_acc=0.9997, train_precision=0.9774, train_recall=0.8576, train_f1=0.9136, train_roc_auc=0.9988, train_pr_auc=0.9378, valid_acc=0.9997, valid_precision=0.9559, valid_recall=0.8553, valid_f1=0.9028, valid_roc_auc=0.9929, valid_pr_auc=0.8887
2026-08-22 01:19:07,559 - INFO - Epoch 43/50, loss=0.0013, train_acc=0.9998, train_precision=0.9813, train_recall=0.8709, train_f1=0.9228, train_roc_auc=0.9987, train_pr_auc=0.9336, valid_acc=0.9997, valid_precision=0.9559, valid_recall=0.8553, valid_f1=0.9028, valid_roc_auc=0.9938, valid_pr_auc=0.8901
2026-08-22 01:19:19,838 - INFO - Epoch 44/50, loss=0.0012, train_acc=0.9997, train_precision=0.9811, train_recall=0.8609, train_f1=0.9171, train_roc_auc=0.9987, train_pr_auc=0.9396, valid_acc=0.9997, valid_precision=0.9559, valid_recall=0.8553, valid_f1=0.9028, valid_roc_auc=0.9929, valid_pr_auc=0.8882
2026-08-22 01:19:32,066 - INFO - Epoch 45/50, loss=0.0013, train_acc=0.9997, train_precision=0.9668, train_recall=0.8675, train_f1=0.9145, train_roc_auc=0.9986, train_pr_auc=0.9354, valid_acc=0.9997, valid_precision=0.9559, valid_recall=0.8553, valid_f1=0.9028, valid_roc_auc=0.9931, valid_pr_auc=0.8885
2026-08-22 01:19:44,755 - INFO - Epoch 46/50, loss=0.0013, train_acc=0.9997, train_precision=0.9667, train_recall=0.8642, train_f1=0.9126, train_roc_auc=0.9985, train_pr_auc=0.9356, valid_acc=0.9997, valid_precision=0.9559, valid_recall=0.8553, valid_f1=0.9028, valid_roc_auc=0.9935, valid_pr_auc=0.8901
2026-08-22 01:19:57,405 - INFO - Epoch 47/50, loss=0.0013, train_acc=0.9998, train_precision=0.9778, train_recall=0.8742, train_f1=0.9231, train_roc_auc=0.9981, train_pr_auc=0.9358, valid_acc=0.9997, valid_precision=0.9559, valid_recall=0.8553, valid_f1=0.9028, valid_roc_auc=0.9946, valid_pr_auc=0.8879
2026-08-22 01:20:09,901 - INFO - Epoch 48/50, loss=0.0012, train_acc=0.9997, train_precision=0.9741, train_recall=0.8709, train_f1=0.9196, train_roc_auc=0.9985, train_pr_auc=0.9366, valid_acc=0.9997, valid_precision=0.9559, valid_recall=0.8553, valid_f1=0.9028, valid_roc_auc=0.9959, valid_pr_auc=0.8894
2026-08-22 01:20:22,162 - INFO - Epoch 49/50, loss=0.0013, train_acc=0.9997, train_precision=0.9706, train_recall=0.8742, train_f1=0.9199, train_roc_auc=0.9983, train_pr_auc=0.9356, valid_acc=0.9997, valid_precision=0.9559, valid_recall=0.8553, valid_f1=0.9028, valid_roc_auc=0.9935, valid_pr_auc=0.8856
2026-08-22 01:20:34,291 - INFO - Epoch 50/50, loss=0.0012, train_acc=0.9998, train_precision=0.9777, train_recall=0.8709, train_f1=0.9212, train_roc_auc=0.9982, train_pr_auc=0.9382, valid_acc=0.9997, valid_precision=0.9559, valid_recall=0.8553, valid_f1=0.9028, valid_roc_auc=0.9943, valid_pr_auc=0.8891
2026-08-22 01:20:34,294 - INFO - Best epoch: 28
2026-08-22 01:20:34,294 - INFO - Best validation PR-AUC: 0.8924
2026-08-22 01:20:34,294 - INFO - Fold 5 results:
2026-08-22 01:20:34,294 - INFO - accuracy: 0.9997
2026-08-22 01:20:34,294 - INFO - f1: 0.8966
2026-08-22 01:20:34,294 - INFO - pr_auc: 0.8924
2026-08-22 01:20:34,294 - INFO - precision: 0.9420
2026-08-22 01:20:34,294 - INFO - recall: 0.8553
2026-08-22 01:20:34,294 - INFO - roc_auc: 0.9958
2026-08-22 01:20:34,294 - INFO - Model saved to models/fraud_model_index_4_fold_5.pth
2026-08-22 01:20:34,294 - INFO - 

=======================Training X_train_time_scaled_iso_score=============================


2026-08-22 01:20:34,294 - INFO - ================== Training Model 0 ==================
2026-08-22 01:20:34,341 - INFO - 
========== Fold 1/5 ==========
2026-08-22 01:20:46,278 - INFO - Epoch 1: new best validation PR-AUC = 0.7321
2026-08-22 01:20:46,278 - INFO - Epoch 1/50, loss=0.0300, train_acc=0.9970, train_precision=0.0000, train_recall=0.0000, train_f1=0.0000, train_roc_auc=0.9224, train_pr_auc=0.0472, valid_acc=0.9983, valid_precision=0.0000, valid_recall=0.0000, valid_f1=0.0000, valid_roc_auc=0.9621, valid_pr_auc=0.7321
2026-08-22 01:20:58,915 - INFO - Epoch 2: new best validation PR-AUC = 0.7506
2026-08-22 01:20:58,915 - INFO - Epoch 2/50, loss=0.0039, train_acc=0.9983, train_precision=0.0000, train_recall=0.0000, train_f1=0.0000, train_roc_auc=0.9817, train_pr_auc=0.7057, valid_acc=0.9983, valid_precision=0.0000, valid_recall=0.0000, valid_f1=0.0000, valid_roc_auc=0.9618, valid_pr_auc=0.7506
2026-08-22 01:21:11,885 - INFO - Epoch 3/50, loss=0.0035, train_acc=0.9983, train_precision=0.6000, train_recall=0.0099, train_f1=0.0195, train_roc_auc=0.9810, train_pr_auc=0.7082, valid_acc=0.9983, valid_precision=0.0000, valid_recall=0.0000, valid_f1=0.0000, valid_roc_auc=0.9677, valid_pr_auc=0.7487
2026-08-22 01:21:24,272 - INFO - Epoch 4: new best validation PR-AUC = 0.7561
2026-08-22 01:21:24,272 - INFO - Epoch 4/50, loss=0.0032, train_acc=0.9993, train_precision=0.8477, train_recall=0.6799, train_f1=0.7546, train_roc_auc=0.9859, train_pr_auc=0.7436, valid_acc=0.9994, valid_precision=0.8966, valid_recall=0.6933, valid_f1=0.7820, valid_roc_auc=0.9686, valid_pr_auc=0.7561
2026-08-22 01:21:37,792 - INFO - Epoch 5: new best validation PR-AUC = 0.7734
2026-08-22 01:21:37,792 - INFO - Epoch 5/50, loss=0.0030, train_acc=0.9994, train_precision=0.8470, train_recall=0.7855, train_f1=0.8151, train_roc_auc=0.9853, train_pr_auc=0.7259, valid_acc=0.9995, valid_precision=0.8824, valid_recall=0.8000, valid_f1=0.8392, valid_roc_auc=0.9693, valid_pr_auc=0.7734
2026-08-22 01:21:51,325 - INFO - Epoch 6: new best validation PR-AUC = 0.7745
2026-08-22 01:21:51,325 - INFO - Epoch 6/50, loss=0.0029, train_acc=0.9994, train_precision=0.8386, train_recall=0.7888, train_f1=0.8129, train_roc_auc=0.9888, train_pr_auc=0.7561, valid_acc=0.9995, valid_precision=0.8824, valid_recall=0.8000, valid_f1=0.8392, valid_roc_auc=0.9725, valid_pr_auc=0.7745
2026-08-22 01:22:04,679 - INFO - Epoch 7: new best validation PR-AUC = 0.7803
2026-08-22 01:22:04,679 - INFO - Epoch 7/50, loss=0.0028, train_acc=0.9994, train_precision=0.8421, train_recall=0.7921, train_f1=0.8163, train_roc_auc=0.9870, train_pr_auc=0.7523, valid_acc=0.9995, valid_precision=0.9091, valid_recall=0.8000, valid_f1=0.8511, valid_roc_auc=0.9687, valid_pr_auc=0.7803
2026-08-22 01:22:18,644 - INFO - Epoch 8: new best validation PR-AUC = 0.7886
2026-08-22 01:22:18,644 - INFO - Epoch 8/50, loss=0.0027, train_acc=0.9994, train_precision=0.8345, train_recall=0.7822, train_f1=0.8075, train_roc_auc=0.9894, train_pr_auc=0.7725, valid_acc=0.9995, valid_precision=0.9077, valid_recall=0.7867, valid_f1=0.8429, valid_roc_auc=0.9785, valid_pr_auc=0.7886
2026-08-22 01:22:31,500 - INFO - Epoch 9: new best validation PR-AUC = 0.7897
2026-08-22 01:22:31,500 - INFO - Epoch 9/50, loss=0.0027, train_acc=0.9994, train_precision=0.8415, train_recall=0.7888, train_f1=0.8143, train_roc_auc=0.9884, train_pr_auc=0.7480, valid_acc=0.9995, valid_precision=0.8955, valid_recall=0.8000, valid_f1=0.8451, valid_roc_auc=0.9769, valid_pr_auc=0.7897
2026-08-22 01:22:43,713 - INFO - Epoch 10: new best validation PR-AUC = 0.7936
2026-08-22 01:22:43,713 - INFO - Epoch 10/50, loss=0.0026, train_acc=0.9994, train_precision=0.8386, train_recall=0.7888, train_f1=0.8129, train_roc_auc=0.9895, train_pr_auc=0.7714, valid_acc=0.9995, valid_precision=0.8955, valid_recall=0.8000, valid_f1=0.8451, valid_roc_auc=0.9670, valid_pr_auc=0.7936
2026-08-22 01:22:55,821 - INFO - Epoch 11: new best validation PR-AUC = 0.8014
2026-08-22 01:22:55,821 - INFO - Epoch 11/50, loss=0.0026, train_acc=0.9994, train_precision=0.8415, train_recall=0.7888, train_f1=0.8143, train_roc_auc=0.9885, train_pr_auc=0.7701, valid_acc=0.9995, valid_precision=0.9077, valid_recall=0.7867, valid_f1=0.8429, valid_roc_auc=0.9719, valid_pr_auc=0.8014
2026-08-22 01:23:09,186 - INFO - Epoch 12/50, loss=0.0025, train_acc=0.9994, train_precision=0.8505, train_recall=0.7888, train_f1=0.8185, train_roc_auc=0.9906, train_pr_auc=0.7833, valid_acc=0.9993, valid_precision=0.9057, valid_recall=0.6400, valid_f1=0.7500, valid_roc_auc=0.9742, valid_pr_auc=0.7917
2026-08-22 01:23:24,361 - INFO - Epoch 13/50, loss=0.0025, train_acc=0.9994, train_precision=0.8566, train_recall=0.7888, train_f1=0.8213, train_roc_auc=0.9895, train_pr_auc=0.7851, valid_acc=0.9995, valid_precision=0.8824, valid_recall=0.8000, valid_f1=0.8392, valid_roc_auc=0.9739, valid_pr_auc=0.7843
2026-08-22 01:23:38,414 - INFO - Epoch 14/50, loss=0.0025, train_acc=0.9994, train_precision=0.8546, train_recall=0.7954, train_f1=0.8239, train_roc_auc=0.9901, train_pr_auc=0.7912, valid_acc=0.9995, valid_precision=0.9077, valid_recall=0.7867, valid_f1=0.8429, valid_roc_auc=0.9734, valid_pr_auc=0.7934
2026-08-22 01:23:52,715 - INFO - Epoch 15/50, loss=0.0024, train_acc=0.9995, train_precision=0.8674, train_recall=0.7987, train_f1=0.8316, train_roc_auc=0.9919, train_pr_auc=0.7979, valid_acc=0.9995, valid_precision=0.9091, valid_recall=0.8000, valid_f1=0.8511, valid_roc_auc=0.9733, valid_pr_auc=0.7993
2026-08-22 01:24:06,171 - INFO - Epoch 16: new best validation PR-AUC = 0.8034
2026-08-22 01:24:06,171 - INFO - Epoch 16/50, loss=0.0024, train_acc=0.9995, train_precision=0.8710, train_recall=0.8020, train_f1=0.8351, train_roc_auc=0.9914, train_pr_auc=0.8059, valid_acc=0.9995, valid_precision=0.9091, valid_recall=0.8000, valid_f1=0.8511, valid_roc_auc=0.9734, valid_pr_auc=0.8034
2026-08-22 01:24:20,440 - INFO - Epoch 17: new best validation PR-AUC = 0.8036
2026-08-22 01:24:20,440 - INFO - Epoch 17/50, loss=0.0023, train_acc=0.9995, train_precision=0.8768, train_recall=0.7987, train_f1=0.8359, train_roc_auc=0.9921, train_pr_auc=0.8112, valid_acc=0.9995, valid_precision=0.9077, valid_recall=0.7867, valid_f1=0.8429, valid_roc_auc=0.9715, valid_pr_auc=0.8036
2026-08-22 01:24:34,165 - INFO - Epoch 18: new best validation PR-AUC = 0.8065
2026-08-22 01:24:34,165 - INFO - Epoch 18/50, loss=0.0023, train_acc=0.9995, train_precision=0.8685, train_recall=0.8284, train_f1=0.8480, train_roc_auc=0.9913, train_pr_auc=0.7982, valid_acc=0.9995, valid_precision=0.9180, valid_recall=0.7467, valid_f1=0.8235, valid_roc_auc=0.9731, valid_pr_auc=0.8065
2026-08-22 01:24:46,484 - INFO - Epoch 19/50, loss=0.0023, train_acc=0.9995, train_precision=0.8723, train_recall=0.8119, train_f1=0.8410, train_roc_auc=0.9923, train_pr_auc=0.8044, valid_acc=0.9995, valid_precision=0.9091, valid_recall=0.8000, valid_f1=0.8511, valid_roc_auc=0.9720, valid_pr_auc=0.8026
2026-08-22 01:24:59,116 - INFO - Epoch 20: new best validation PR-AUC = 0.8107
2026-08-22 01:24:59,116 - INFO - Epoch 20/50, loss=0.0023, train_acc=0.9995, train_precision=0.8845, train_recall=0.8086, train_f1=0.8448, train_roc_auc=0.9933, train_pr_auc=0.8082, valid_acc=0.9995, valid_precision=0.9062, valid_recall=0.7733, valid_f1=0.8345, valid_roc_auc=0.9670, valid_pr_auc=0.8107
2026-08-22 01:25:11,998 - INFO - Epoch 21/50, loss=0.0022, train_acc=0.9995, train_precision=0.8754, train_recall=0.8119, train_f1=0.8425, train_roc_auc=0.9925, train_pr_auc=0.8199, valid_acc=0.9995, valid_precision=0.9077, valid_recall=0.7867, valid_f1=0.8429, valid_roc_auc=0.9693, valid_pr_auc=0.8095
2026-08-22 01:25:24,983 - INFO - Epoch 22: new best validation PR-AUC = 0.8127
2026-08-22 01:25:24,983 - INFO - Epoch 22/50, loss=0.0022, train_acc=0.9995, train_precision=0.8781, train_recall=0.8086, train_f1=0.8419, train_roc_auc=0.9931, train_pr_auc=0.8378, valid_acc=0.9995, valid_precision=0.9048, valid_recall=0.7600, valid_f1=0.8261, valid_roc_auc=0.9668, valid_pr_auc=0.8127
2026-08-22 01:25:37,902 - INFO - Epoch 23: new best validation PR-AUC = 0.8237
2026-08-22 01:25:37,902 - INFO - Epoch 23/50, loss=0.0022, train_acc=0.9995, train_precision=0.8693, train_recall=0.8119, train_f1=0.8396, train_roc_auc=0.9952, train_pr_auc=0.8471, valid_acc=0.9995, valid_precision=0.8971, valid_recall=0.8133, valid_f1=0.8531, valid_roc_auc=0.9700, valid_pr_auc=0.8237
2026-08-22 01:25:50,856 - INFO - Epoch 24: new best validation PR-AUC = 0.8293
2026-08-22 01:25:50,856 - INFO - Epoch 24/50, loss=0.0022, train_acc=0.9995, train_precision=0.8754, train_recall=0.8119, train_f1=0.8425, train_roc_auc=0.9919, train_pr_auc=0.8645, valid_acc=0.9995, valid_precision=0.9219, valid_recall=0.7867, valid_f1=0.8489, valid_roc_auc=0.9671, valid_pr_auc=0.8293
2026-08-22 01:26:04,058 - INFO - Epoch 25: new best validation PR-AUC = 0.8318
2026-08-22 01:26:04,058 - INFO - Epoch 25/50, loss=0.0022, train_acc=0.9995, train_precision=0.8746, train_recall=0.8284, train_f1=0.8508, train_roc_auc=0.9927, train_pr_auc=0.8683, valid_acc=0.9995, valid_precision=0.9077, valid_recall=0.7867, valid_f1=0.8429, valid_roc_auc=0.9691, valid_pr_auc=0.8318
2026-08-22 01:26:17,009 - INFO - Epoch 26/50, loss=0.0021, train_acc=0.9995, train_precision=0.8723, train_recall=0.8119, train_f1=0.8410, train_roc_auc=0.9934, train_pr_auc=0.8755, valid_acc=0.9995, valid_precision=0.9219, valid_recall=0.7867, valid_f1=0.8489, valid_roc_auc=0.9652, valid_pr_auc=0.8315
2026-08-22 01:26:30,291 - INFO - Epoch 27/50, loss=0.0021, train_acc=0.9995, train_precision=0.8724, train_recall=0.8350, train_f1=0.8533, train_roc_auc=0.9937, train_pr_auc=0.8823, valid_acc=0.9995, valid_precision=0.9206, valid_recall=0.7733, valid_f1=0.8406, valid_roc_auc=0.9645, valid_pr_auc=0.8312
2026-08-22 01:26:43,493 - INFO - Epoch 28: new best validation PR-AUC = 0.8413
2026-08-22 01:26:43,493 - INFO - Epoch 28/50, loss=0.0020, train_acc=0.9995, train_precision=0.8865, train_recall=0.8251, train_f1=0.8547, train_roc_auc=0.9947, train_pr_auc=0.8831, valid_acc=0.9996, valid_precision=0.9231, valid_recall=0.8000, valid_f1=0.8571, valid_roc_auc=0.9722, valid_pr_auc=0.8413
2026-08-22 01:26:56,777 - INFO - Epoch 29/50, loss=0.0020, train_acc=0.9995, train_precision=0.8905, train_recall=0.8317, train_f1=0.8601, train_roc_auc=0.9939, train_pr_auc=0.8854, valid_acc=0.9995, valid_precision=0.9194, valid_recall=0.7600, valid_f1=0.8321, valid_roc_auc=0.9657, valid_pr_auc=0.8399
2026-08-22 01:27:09,586 - INFO - Epoch 30: new best validation PR-AUC = 0.8462
2026-08-22 01:27:09,586 - INFO - Epoch 30/50, loss=0.0020, train_acc=0.9995, train_precision=0.8857, train_recall=0.8185, train_f1=0.8508, train_roc_auc=0.9936, train_pr_auc=0.8837, valid_acc=0.9994, valid_precision=0.9608, valid_recall=0.6533, valid_f1=0.7778, valid_roc_auc=0.9647, valid_pr_auc=0.8462
2026-08-22 01:27:22,176 - INFO - Epoch 31/50, loss=0.0020, train_acc=0.9995, train_precision=0.9048, train_recall=0.8152, train_f1=0.8576, train_roc_auc=0.9949, train_pr_auc=0.8876, valid_acc=0.9995, valid_precision=0.9333, valid_recall=0.7467, valid_f1=0.8296, valid_roc_auc=0.9692, valid_pr_auc=0.8437
2026-08-22 01:27:35,287 - INFO - Epoch 32/50, loss=0.0020, train_acc=0.9996, train_precision=0.9022, train_recall=0.8218, train_f1=0.8601, train_roc_auc=0.9949, train_pr_auc=0.8912, valid_acc=0.9995, valid_precision=0.9355, valid_recall=0.7733, valid_f1=0.8467, valid_roc_auc=0.9780, valid_pr_auc=0.8427
2026-08-22 01:27:47,991 - INFO - Epoch 33: new best validation PR-AUC = 0.8481
2026-08-22 01:27:47,991 - INFO - Epoch 33/50, loss=0.0019, train_acc=0.9996, train_precision=0.9222, train_recall=0.8218, train_f1=0.8691, train_roc_auc=0.9946, train_pr_auc=0.8956, valid_acc=0.9995, valid_precision=0.9344, valid_recall=0.7600, valid_f1=0.8382, valid_roc_auc=0.9678, valid_pr_auc=0.8481
2026-08-22 01:28:01,584 - INFO - Epoch 34: new best validation PR-AUC = 0.8517
2026-08-22 01:28:01,584 - INFO - Epoch 34/50, loss=0.0019, train_acc=0.9996, train_precision=0.9375, train_recall=0.8416, train_f1=0.8870, train_roc_auc=0.9940, train_pr_auc=0.8991, valid_acc=0.9996, valid_precision=0.9508, valid_recall=0.7733, valid_f1=0.8529, valid_roc_auc=0.9689, valid_pr_auc=0.8517
2026-08-22 01:28:15,240 - INFO - Epoch 35/50, loss=0.0019, train_acc=0.9996, train_precision=0.9084, train_recall=0.8185, train_f1=0.8611, train_roc_auc=0.9947, train_pr_auc=0.9010, valid_acc=0.9995, valid_precision=0.9091, valid_recall=0.8000, valid_f1=0.8511, valid_roc_auc=0.9692, valid_pr_auc=0.8435
2026-08-22 01:28:29,276 - INFO - Epoch 36/50, loss=0.0019, train_acc=0.9996, train_precision=0.9323, train_recall=0.8185, train_f1=0.8717, train_roc_auc=0.9934, train_pr_auc=0.9024, valid_acc=0.9996, valid_precision=0.9231, valid_recall=0.8000, valid_f1=0.8571, valid_roc_auc=0.9658, valid_pr_auc=0.8299
2026-08-22 01:28:43,214 - INFO - Epoch 37/50, loss=0.0019, train_acc=0.9996, train_precision=0.9259, train_recall=0.8251, train_f1=0.8726, train_roc_auc=0.9955, train_pr_auc=0.8970, valid_acc=0.9995, valid_precision=0.9219, valid_recall=0.7867, valid_f1=0.8489, valid_roc_auc=0.9638, valid_pr_auc=0.8488
2026-08-22 01:28:57,150 - INFO - Epoch 38/50, loss=0.0017, train_acc=0.9997, train_precision=0.9380, train_recall=0.8482, train_f1=0.8908, train_roc_auc=0.9960, train_pr_auc=0.9103, valid_acc=0.9995, valid_precision=0.9500, valid_recall=0.7600, valid_f1=0.8444, valid_roc_auc=0.9641, valid_pr_auc=0.8376
2026-08-22 01:29:11,110 - INFO - Epoch 39: new best validation PR-AUC = 0.8541
2026-08-22 01:29:11,110 - INFO - Epoch 39/50, loss=0.0017, train_acc=0.9997, train_precision=0.9449, train_recall=0.8482, train_f1=0.8939, train_roc_auc=0.9959, train_pr_auc=0.9137, valid_acc=0.9996, valid_precision=0.9365, valid_recall=0.7867, valid_f1=0.8551, valid_roc_auc=0.9698, valid_pr_auc=0.8541
2026-08-22 01:29:25,332 - INFO - Epoch 40/50, loss=0.0017, train_acc=0.9996, train_precision=0.9377, train_recall=0.8449, train_f1=0.8889, train_roc_auc=0.9960, train_pr_auc=0.9125, valid_acc=0.9996, valid_precision=0.9365, valid_recall=0.7867, valid_f1=0.8551, valid_roc_auc=0.9664, valid_pr_auc=0.8524
2026-08-22 01:29:39,650 - INFO - Epoch 41/50, loss=0.0016, train_acc=0.9997, train_precision=0.9412, train_recall=0.8449, train_f1=0.8904, train_roc_auc=0.9967, train_pr_auc=0.9213, valid_acc=0.9996, valid_precision=0.9831, valid_recall=0.7733, valid_f1=0.8657, valid_roc_auc=0.9605, valid_pr_auc=0.8499
2026-08-22 01:29:53,484 - INFO - Epoch 42/50, loss=0.0016, train_acc=0.9997, train_precision=0.9588, train_recall=0.8449, train_f1=0.8982, train_roc_auc=0.9966, train_pr_auc=0.9231, valid_acc=0.9995, valid_precision=0.9219, valid_recall=0.7867, valid_f1=0.8489, valid_roc_auc=0.9588, valid_pr_auc=0.8518
2026-08-22 01:30:06,430 - INFO - Epoch 43/50, loss=0.0015, train_acc=0.9997, train_precision=0.9631, train_recall=0.8614, train_f1=0.9094, train_roc_auc=0.9974, train_pr_auc=0.9237, valid_acc=0.9996, valid_precision=0.9831, valid_recall=0.7733, valid_f1=0.8657, valid_roc_auc=0.9645, valid_pr_auc=0.8507
2026-08-22 01:30:19,529 - INFO - Epoch 44/50, loss=0.0016, train_acc=0.9997, train_precision=0.9520, train_recall=0.8515, train_f1=0.8990, train_roc_auc=0.9969, train_pr_auc=0.9224, valid_acc=0.9996, valid_precision=0.9672, valid_recall=0.7867, valid_f1=0.8676, valid_roc_auc=0.9665, valid_pr_auc=0.8521
2026-08-22 01:30:32,603 - INFO - Epoch 45: new best validation PR-AUC = 0.8551
2026-08-22 01:30:32,603 - INFO - Epoch 45/50, loss=0.0015, train_acc=0.9997, train_precision=0.9593, train_recall=0.8548, train_f1=0.9040, train_roc_auc=0.9962, train_pr_auc=0.9299, valid_acc=0.9996, valid_precision=0.9833, valid_recall=0.7867, valid_f1=0.8741, valid_roc_auc=0.9649, valid_pr_auc=0.8551
2026-08-22 01:30:45,479 - INFO - Epoch 46/50, loss=0.0015, train_acc=0.9997, train_precision=0.9699, train_recall=0.8515, train_f1=0.9069, train_roc_auc=0.9957, train_pr_auc=0.9283, valid_acc=0.9996, valid_precision=0.9516, valid_recall=0.7867, valid_f1=0.8613, valid_roc_auc=0.9614, valid_pr_auc=0.8534
2026-08-22 01:30:58,335 - INFO - Epoch 47/50, loss=0.0015, train_acc=0.9997, train_precision=0.9732, train_recall=0.8383, train_f1=0.9007, train_roc_auc=0.9965, train_pr_auc=0.9265, valid_acc=0.9996, valid_precision=0.9231, valid_recall=0.8000, valid_f1=0.8571, valid_roc_auc=0.9584, valid_pr_auc=0.8514
2026-08-22 01:31:12,431 - INFO - Epoch 48/50, loss=0.0015, train_acc=0.9997, train_precision=0.9588, train_recall=0.8449, train_f1=0.8982, train_roc_auc=0.9971, train_pr_auc=0.9270, valid_acc=0.9996, valid_precision=0.9828, valid_recall=0.7600, valid_f1=0.8571, valid_roc_auc=0.9586, valid_pr_auc=0.8509
2026-08-22 01:31:26,766 - INFO - Epoch 49/50, loss=0.0015, train_acc=0.9997, train_precision=0.9663, train_recall=0.8515, train_f1=0.9053, train_roc_auc=0.9983, train_pr_auc=0.9284, valid_acc=0.9996, valid_precision=0.9833, valid_recall=0.7867, valid_f1=0.8741, valid_roc_auc=0.9607, valid_pr_auc=0.8520
2026-08-22 01:31:40,843 - INFO - Epoch 50/50, loss=0.0014, train_acc=0.9997, train_precision=0.9562, train_recall=0.8647, train_f1=0.9081, train_roc_auc=0.9976, train_pr_auc=0.9301, valid_acc=0.9996, valid_precision=0.9833, valid_recall=0.7867, valid_f1=0.8741, valid_roc_auc=0.9611, valid_pr_auc=0.8512
2026-08-22 01:31:40,843 - INFO - Best epoch: 45
2026-08-22 01:31:40,843 - INFO - Best validation PR-AUC: 0.8551
2026-08-22 01:31:40,843 - INFO - Fold 1 results:
2026-08-22 01:31:40,843 - INFO - accuracy: 0.9996
2026-08-22 01:31:40,843 - INFO - f1: 0.8741
2026-08-22 01:31:40,843 - INFO - pr_auc: 0.8551
2026-08-22 01:31:40,843 - INFO - precision: 0.9833
2026-08-22 01:31:40,843 - INFO - recall: 0.7867
2026-08-22 01:31:40,843 - INFO - roc_auc: 0.9649
2026-08-22 01:31:40,843 - INFO - Model saved to models/fraud_model_index_0_fold_1.pth
2026-08-22 01:31:40,843 - INFO - 
========== Fold 2/5 ==========
2026-08-22 01:31:55,124 - INFO - Epoch 1: new best validation PR-AUC = 0.7730
2026-08-22 01:31:55,124 - INFO - Epoch 1/50, loss=0.0302, train_acc=0.9969, train_precision=0.0218, train_recall=0.0198, train_f1=0.0208, train_roc_auc=0.9247, train_pr_auc=0.0343, valid_acc=0.9983, valid_precision=0.0000, valid_recall=0.0000, valid_f1=0.0000, valid_roc_auc=0.9778, valid_pr_auc=0.7730
2026-08-22 01:32:07,054 - INFO - Epoch 2/50, loss=0.0040, train_acc=0.9983, train_precision=0.0000, train_recall=0.0000, train_f1=0.0000, train_roc_auc=0.9778, train_pr_auc=0.7054, valid_acc=0.9983, valid_precision=0.0000, valid_recall=0.0000, valid_f1=0.0000, valid_roc_auc=0.9658, valid_pr_auc=0.7564
2026-08-22 01:32:19,014 - INFO - Epoch 3: new best validation PR-AUC = 0.7780
2026-08-22 01:32:19,014 - INFO - Epoch 3/50, loss=0.0033, train_acc=0.9990, train_precision=0.8614, train_recall=0.4719, train_f1=0.6098, train_roc_auc=0.9831, train_pr_auc=0.7349, valid_acc=0.9994, valid_precision=0.9000, valid_recall=0.7200, valid_f1=0.8000, valid_roc_auc=0.9662, valid_pr_auc=0.7780
2026-08-22 01:32:32,307 - INFO - Epoch 4/50, loss=0.0030, train_acc=0.9994, train_precision=0.8392, train_recall=0.7921, train_f1=0.8149, train_roc_auc=0.9889, train_pr_auc=0.7530, valid_acc=0.9994, valid_precision=0.8636, valid_recall=0.7600, valid_f1=0.8085, valid_roc_auc=0.9753, valid_pr_auc=0.7523
2026-08-22 01:32:46,110 - INFO - Epoch 5: new best validation PR-AUC = 0.7861
2026-08-22 01:32:46,110 - INFO - Epoch 5/50, loss=0.0028, train_acc=0.9994, train_precision=0.8375, train_recall=0.7822, train_f1=0.8089, train_roc_auc=0.9905, train_pr_auc=0.7390, valid_acc=0.9994, valid_precision=0.8529, valid_recall=0.7733, valid_f1=0.8112, valid_roc_auc=0.9764, valid_pr_auc=0.7861
2026-08-22 01:32:59,512 - INFO - Epoch 6: new best validation PR-AUC = 0.7994
2026-08-22 01:32:59,512 - INFO - Epoch 6/50, loss=0.0027, train_acc=0.9994, train_precision=0.8392, train_recall=0.7921, train_f1=0.8149, train_roc_auc=0.9896, train_pr_auc=0.7632, valid_acc=0.9994, valid_precision=0.9107, valid_recall=0.6800, valid_f1=0.7786, valid_roc_auc=0.9790, valid_pr_auc=0.7994
2026-08-22 01:33:11,537 - INFO - Epoch 7/50, loss=0.0027, train_acc=0.9994, train_precision=0.8470, train_recall=0.7855, train_f1=0.8151, train_roc_auc=0.9903, train_pr_auc=0.7652, valid_acc=0.9994, valid_precision=0.8571, valid_recall=0.8000, valid_f1=0.8276, valid_roc_auc=0.9792, valid_pr_auc=0.7615
2026-08-22 01:33:23,658 - INFO - Epoch 8: new best validation PR-AUC = 0.8139
2026-08-22 01:33:23,658 - INFO - Epoch 8/50, loss=0.0026, train_acc=0.9994, train_precision=0.8536, train_recall=0.7888, train_f1=0.8199, train_roc_auc=0.9909, train_pr_auc=0.7819, valid_acc=0.9994, valid_precision=0.8676, valid_recall=0.7867, valid_f1=0.8252, valid_roc_auc=0.9769, valid_pr_auc=0.8139
2026-08-22 01:33:36,665 - INFO - Epoch 9: new best validation PR-AUC = 0.8308
2026-08-22 01:33:36,665 - INFO - Epoch 9/50, loss=0.0026, train_acc=0.9994, train_precision=0.8597, train_recall=0.7888, train_f1=0.8227, train_roc_auc=0.9911, train_pr_auc=0.7847, valid_acc=0.9995, valid_precision=0.8611, valid_recall=0.8267, valid_f1=0.8435, valid_roc_auc=0.9762, valid_pr_auc=0.8308
2026-08-22 01:33:50,793 - INFO - Epoch 10: new best validation PR-AUC = 0.8330
2026-08-22 01:33:50,793 - INFO - Epoch 10/50, loss=0.0025, train_acc=0.9994, train_precision=0.8451, train_recall=0.7921, train_f1=0.8177, train_roc_auc=0.9910, train_pr_auc=0.8291, valid_acc=0.9995, valid_precision=0.9048, valid_recall=0.7600, valid_f1=0.8261, valid_roc_auc=0.9754, valid_pr_auc=0.8330
2026-08-22 01:34:04,716 - INFO - Epoch 11/50, loss=0.0025, train_acc=0.9994, train_precision=0.8612, train_recall=0.7987, train_f1=0.8288, train_roc_auc=0.9928, train_pr_auc=0.8377, valid_acc=0.9994, valid_precision=0.9000, valid_recall=0.7200, valid_f1=0.8000, valid_roc_auc=0.9725, valid_pr_auc=0.8225
2026-08-22 01:34:18,253 - INFO - Epoch 12: new best validation PR-AUC = 0.8407
2026-08-22 01:34:18,253 - INFO - Epoch 12/50, loss=0.0025, train_acc=0.9995, train_precision=0.8759, train_recall=0.7921, train_f1=0.8319, train_roc_auc=0.9917, train_pr_auc=0.8318, valid_acc=0.9994, valid_precision=0.9138, valid_recall=0.7067, valid_f1=0.7970, valid_roc_auc=0.9769, valid_pr_auc=0.8407
2026-08-22 01:34:31,995 - INFO - Epoch 13/50, loss=0.0024, train_acc=0.9995, train_precision=0.8679, train_recall=0.8020, train_f1=0.8336, train_roc_auc=0.9919, train_pr_auc=0.8472, valid_acc=0.9994, valid_precision=0.8871, valid_recall=0.7333, valid_f1=0.8029, valid_roc_auc=0.9754, valid_pr_auc=0.8354
2026-08-22 01:34:44,397 - INFO - Epoch 14: new best validation PR-AUC = 0.8470
2026-08-22 01:34:44,397 - INFO - Epoch 14/50, loss=0.0024, train_acc=0.9995, train_precision=0.8648, train_recall=0.8020, train_f1=0.8322, train_roc_auc=0.9916, train_pr_auc=0.8511, valid_acc=0.9994, valid_precision=0.9016, valid_recall=0.7333, valid_f1=0.8088, valid_roc_auc=0.9780, valid_pr_auc=0.8470
2026-08-22 01:34:57,385 - INFO - Epoch 15/50, loss=0.0023, train_acc=0.9995, train_precision=0.8700, train_recall=0.7954, train_f1=0.8310, train_roc_auc=0.9910, train_pr_auc=0.8617, valid_acc=0.9994, valid_precision=0.8852, valid_recall=0.7200, valid_f1=0.7941, valid_roc_auc=0.9772, valid_pr_auc=0.8433
2026-08-22 01:35:10,619 - INFO - Epoch 16: new best validation PR-AUC = 0.8537
2026-08-22 01:35:10,619 - INFO - Epoch 16/50, loss=0.0022, train_acc=0.9994, train_precision=0.8597, train_recall=0.7888, train_f1=0.8227, train_roc_auc=0.9944, train_pr_auc=0.8633, valid_acc=0.9995, valid_precision=0.8806, valid_recall=0.7867, valid_f1=0.8310, valid_roc_auc=0.9774, valid_pr_auc=0.8537
2026-08-22 01:35:23,759 - INFO - Epoch 17: new best validation PR-AUC = 0.8601
2026-08-22 01:35:23,759 - INFO - Epoch 17/50, loss=0.0023, train_acc=0.9995, train_precision=0.8819, train_recall=0.7888, train_f1=0.8328, train_roc_auc=0.9925, train_pr_auc=0.8668, valid_acc=0.9994, valid_precision=0.9286, valid_recall=0.6933, valid_f1=0.7939, valid_roc_auc=0.9775, valid_pr_auc=0.8601
2026-08-22 01:35:36,594 - INFO - Epoch 18/50, loss=0.0022, train_acc=0.9995, train_precision=0.8750, train_recall=0.7855, train_f1=0.8278, train_roc_auc=0.9919, train_pr_auc=0.8695, valid_acc=0.9995, valid_precision=0.8824, valid_recall=0.8000, valid_f1=0.8392, valid_roc_auc=0.9705, valid_pr_auc=0.8484
2026-08-22 01:35:48,843 - INFO - Epoch 19/50, loss=0.0022, train_acc=0.9995, train_precision=0.8700, train_recall=0.7954, train_f1=0.8310, train_roc_auc=0.9941, train_pr_auc=0.8708, valid_acc=0.9994, valid_precision=0.9464, valid_recall=0.7067, valid_f1=0.8092, valid_roc_auc=0.9763, valid_pr_auc=0.8536
2026-08-22 01:36:01,945 - INFO - Epoch 20/50, loss=0.0021, train_acc=0.9995, train_precision=0.8926, train_recall=0.7954, train_f1=0.8412, train_roc_auc=0.9937, train_pr_auc=0.8755, valid_acc=0.9994, valid_precision=0.9464, valid_recall=0.7067, valid_f1=0.8092, valid_roc_auc=0.9730, valid_pr_auc=0.8480
2026-08-22 01:36:14,812 - INFO - Epoch 21/50, loss=0.0020, train_acc=0.9995, train_precision=0.8885, train_recall=0.7888, train_f1=0.8357, train_roc_auc=0.9949, train_pr_auc=0.8808, valid_acc=0.9994, valid_precision=0.9615, valid_recall=0.6667, valid_f1=0.7874, valid_roc_auc=0.9822, valid_pr_auc=0.8561
2026-08-22 01:36:28,022 - INFO - Epoch 22/50, loss=0.0019, train_acc=0.9995, train_precision=0.8982, train_recall=0.8152, train_f1=0.8547, train_roc_auc=0.9950, train_pr_auc=0.8910, valid_acc=0.9994, valid_precision=0.9444, valid_recall=0.6800, valid_f1=0.7907, valid_roc_auc=0.9825, valid_pr_auc=0.8566
2026-08-22 01:36:41,067 - INFO - Epoch 23/50, loss=0.0019, train_acc=0.9995, train_precision=0.9198, train_recall=0.7954, train_f1=0.8531, train_roc_auc=0.9945, train_pr_auc=0.8928, valid_acc=0.9994, valid_precision=0.9310, valid_recall=0.7200, valid_f1=0.8120, valid_roc_auc=0.9776, valid_pr_auc=0.8555
2026-08-22 01:36:54,380 - INFO - Epoch 24/50, loss=0.0018, train_acc=0.9996, train_precision=0.9294, train_recall=0.8251, train_f1=0.8741, train_roc_auc=0.9958, train_pr_auc=0.9004, valid_acc=0.9994, valid_precision=0.9455, valid_recall=0.6933, valid_f1=0.8000, valid_roc_auc=0.9812, valid_pr_auc=0.8569
2026-08-22 01:37:08,276 - INFO - Epoch 25: new best validation PR-AUC = 0.8621
2026-08-22 01:37:08,276 - INFO - Epoch 25/50, loss=0.0018, train_acc=0.9996, train_precision=0.9392, train_recall=0.8152, train_f1=0.8728, train_roc_auc=0.9949, train_pr_auc=0.9046, valid_acc=0.9995, valid_precision=0.9344, valid_recall=0.7600, valid_f1=0.8382, valid_roc_auc=0.9804, valid_pr_auc=0.8621
2026-08-22 01:37:22,397 - INFO - Epoch 26/50, loss=0.0018, train_acc=0.9996, train_precision=0.9389, train_recall=0.8119, train_f1=0.8708, train_roc_auc=0.9962, train_pr_auc=0.9031, valid_acc=0.9995, valid_precision=0.9636, valid_recall=0.7067, valid_f1=0.8154, valid_roc_auc=0.9808, valid_pr_auc=0.8599
2026-08-22 01:37:36,829 - INFO - Epoch 27: new best validation PR-AUC = 0.8626
2026-08-22 01:37:36,829 - INFO - Epoch 27/50, loss=0.0017, train_acc=0.9996, train_precision=0.9278, train_recall=0.8053, train_f1=0.8622, train_roc_auc=0.9965, train_pr_auc=0.9121, valid_acc=0.9995, valid_precision=0.9333, valid_recall=0.7467, valid_f1=0.8296, valid_roc_auc=0.9826, valid_pr_auc=0.8626
2026-08-22 01:37:49,008 - INFO - Epoch 28/50, loss=0.0017, train_acc=0.9996, train_precision=0.9540, train_recall=0.8218, train_f1=0.8830, train_roc_auc=0.9962, train_pr_auc=0.9117, valid_acc=0.9995, valid_precision=0.9180, valid_recall=0.7467, valid_f1=0.8235, valid_roc_auc=0.9822, valid_pr_auc=0.8582
2026-08-22 01:38:01,363 - INFO - Epoch 29/50, loss=0.0017, train_acc=0.9996, train_precision=0.9466, train_recall=0.8185, train_f1=0.8779, train_roc_auc=0.9957, train_pr_auc=0.9107, valid_acc=0.9994, valid_precision=0.9455, valid_recall=0.6933, valid_f1=0.8000, valid_roc_auc=0.9786, valid_pr_auc=0.8550
2026-08-22 01:38:15,587 - INFO - Epoch 30: new best validation PR-AUC = 0.8631
2026-08-22 01:38:15,587 - INFO - Epoch 30/50, loss=0.0017, train_acc=0.9996, train_precision=0.9577, train_recall=0.8218, train_f1=0.8845, train_roc_auc=0.9969, train_pr_auc=0.9095, valid_acc=0.9995, valid_precision=0.9492, valid_recall=0.7467, valid_f1=0.8358, valid_roc_auc=0.9813, valid_pr_auc=0.8631
2026-08-22 01:38:27,639 - INFO - Epoch 31/50, loss=0.0017, train_acc=0.9996, train_precision=0.9394, train_recall=0.8185, train_f1=0.8748, train_roc_auc=0.9967, train_pr_auc=0.9069, valid_acc=0.9995, valid_precision=0.9194, valid_recall=0.7600, valid_f1=0.8321, valid_roc_auc=0.9803, valid_pr_auc=0.8607
2026-08-22 01:38:41,363 - INFO - Epoch 32/50, loss=0.0017, train_acc=0.9996, train_precision=0.9459, train_recall=0.8086, train_f1=0.8719, train_roc_auc=0.9974, train_pr_auc=0.9108, valid_acc=0.9995, valid_precision=0.9492, valid_recall=0.7467, valid_f1=0.8358, valid_roc_auc=0.9819, valid_pr_auc=0.8543
2026-08-22 01:38:55,499 - INFO - Epoch 33/50, loss=0.0017, train_acc=0.9996, train_precision=0.9544, train_recall=0.8284, train_f1=0.8869, train_roc_auc=0.9970, train_pr_auc=0.9111, valid_acc=0.9995, valid_precision=0.9636, valid_recall=0.7067, valid_f1=0.8154, valid_roc_auc=0.9823, valid_pr_auc=0.8591
2026-08-22 01:39:08,718 - INFO - Epoch 34/50, loss=0.0016, train_acc=0.9996, train_precision=0.9574, train_recall=0.8152, train_f1=0.8806, train_roc_auc=0.9962, train_pr_auc=0.9215, valid_acc=0.9995, valid_precision=0.9483, valid_recall=0.7333, valid_f1=0.8271, valid_roc_auc=0.9816, valid_pr_auc=0.8610
2026-08-22 01:39:21,583 - INFO - Epoch 35/50, loss=0.0015, train_acc=0.9996, train_precision=0.9509, train_recall=0.8317, train_f1=0.8873, train_roc_auc=0.9970, train_pr_auc=0.9224, valid_acc=0.9995, valid_precision=0.9474, valid_recall=0.7200, valid_f1=0.8182, valid_roc_auc=0.9823, valid_pr_auc=0.8625
2026-08-22 01:39:34,394 - INFO - Epoch 36/50, loss=0.0015, train_acc=0.9997, train_precision=0.9653, train_recall=0.8251, train_f1=0.8897, train_roc_auc=0.9974, train_pr_auc=0.9235, valid_acc=0.9994, valid_precision=0.9032, valid_recall=0.7467, valid_f1=0.8175, valid_roc_auc=0.9802, valid_pr_auc=0.8610
2026-08-22 01:39:48,105 - INFO - Epoch 37: new best validation PR-AUC = 0.8653
2026-08-22 01:39:48,105 - INFO - Epoch 37/50, loss=0.0015, train_acc=0.9997, train_precision=0.9545, train_recall=0.8317, train_f1=0.8889, train_roc_auc=0.9973, train_pr_auc=0.9241, valid_acc=0.9995, valid_precision=0.9483, valid_recall=0.7333, valid_f1=0.8271, valid_roc_auc=0.9817, valid_pr_auc=0.8653
2026-08-22 01:40:01,256 - INFO - Epoch 38/50, loss=0.0015, train_acc=0.9997, train_precision=0.9663, train_recall=0.8515, train_f1=0.9053, train_roc_auc=0.9972, train_pr_auc=0.9234, valid_acc=0.9995, valid_precision=0.9649, valid_recall=0.7333, valid_f1=0.8333, valid_roc_auc=0.9832, valid_pr_auc=0.8631
2026-08-22 01:40:14,993 - INFO - Epoch 39/50, loss=0.0016, train_acc=0.9997, train_precision=0.9620, train_recall=0.8350, train_f1=0.8940, train_roc_auc=0.9971, train_pr_auc=0.9171, valid_acc=0.9995, valid_precision=0.9492, valid_recall=0.7467, valid_f1=0.8358, valid_roc_auc=0.9820, valid_pr_auc=0.8617
2026-08-22 01:40:29,165 - INFO - Epoch 40/50, loss=0.0015, train_acc=0.9997, train_precision=0.9582, train_recall=0.8317, train_f1=0.8905, train_roc_auc=0.9961, train_pr_auc=0.9224, valid_acc=0.9995, valid_precision=0.9483, valid_recall=0.7333, valid_f1=0.8271, valid_roc_auc=0.9816, valid_pr_auc=0.8642
2026-08-22 01:40:43,237 - INFO - Epoch 41/50, loss=0.0014, train_acc=0.9997, train_precision=0.9624, train_recall=0.8449, train_f1=0.8998, train_roc_auc=0.9977, train_pr_auc=0.9290, valid_acc=0.9995, valid_precision=0.9649, valid_recall=0.7333, valid_f1=0.8333, valid_roc_auc=0.9818, valid_pr_auc=0.8638
2026-08-22 01:40:56,761 - INFO - Epoch 42: new best validation PR-AUC = 0.8656
2026-08-22 01:40:56,761 - INFO - Epoch 42/50, loss=0.0015, train_acc=0.9997, train_precision=0.9655, train_recall=0.8317, train_f1=0.8936, train_roc_auc=0.9971, train_pr_auc=0.9268, valid_acc=0.9995, valid_precision=0.9643, valid_recall=0.7200, valid_f1=0.8244, valid_roc_auc=0.9817, valid_pr_auc=0.8656
2026-08-22 01:41:10,220 - INFO - Epoch 43/50, loss=0.0015, train_acc=0.9997, train_precision=0.9585, train_recall=0.8383, train_f1=0.8944, train_roc_auc=0.9981, train_pr_auc=0.9252, valid_acc=0.9995, valid_precision=0.9649, valid_recall=0.7333, valid_f1=0.8333, valid_roc_auc=0.9825, valid_pr_auc=0.8645
2026-08-22 01:41:24,406 - INFO - Epoch 44/50, loss=0.0015, train_acc=0.9997, train_precision=0.9697, train_recall=0.8449, train_f1=0.9030, train_roc_auc=0.9975, train_pr_auc=0.9244, valid_acc=0.9995, valid_precision=0.9483, valid_recall=0.7333, valid_f1=0.8271, valid_roc_auc=0.9823, valid_pr_auc=0.8641
2026-08-22 01:41:37,383 - INFO - Epoch 45/50, loss=0.0015, train_acc=0.9997, train_precision=0.9659, train_recall=0.8416, train_f1=0.8995, train_roc_auc=0.9974, train_pr_auc=0.9241, valid_acc=0.9995, valid_precision=0.9649, valid_recall=0.7333, valid_f1=0.8333, valid_roc_auc=0.9818, valid_pr_auc=0.8656
2026-08-22 01:41:51,519 - INFO - Epoch 46/50, loss=0.0014, train_acc=0.9997, train_precision=0.9590, train_recall=0.8482, train_f1=0.9002, train_roc_auc=0.9982, train_pr_auc=0.9254, valid_acc=0.9995, valid_precision=0.9643, valid_recall=0.7200, valid_f1=0.8244, valid_roc_auc=0.9802, valid_pr_auc=0.8636
2026-08-22 01:42:05,455 - INFO - Epoch 47/50, loss=0.0014, train_acc=0.9997, train_precision=0.9768, train_recall=0.8350, train_f1=0.9004, train_roc_auc=0.9984, train_pr_auc=0.9290, valid_acc=0.9994, valid_precision=0.9464, valid_recall=0.7067, valid_f1=0.8092, valid_roc_auc=0.9808, valid_pr_auc=0.8637
2026-08-22 01:42:19,078 - INFO - Epoch 48/50, loss=0.0015, train_acc=0.9997, train_precision=0.9520, train_recall=0.8515, train_f1=0.8990, train_roc_auc=0.9969, train_pr_auc=0.9225, valid_acc=0.9995, valid_precision=0.9649, valid_recall=0.7333, valid_f1=0.8333, valid_roc_auc=0.9817, valid_pr_auc=0.8635
2026-08-22 01:42:30,855 - INFO - Epoch 49/50, loss=0.0015, train_acc=0.9997, train_precision=0.9658, train_recall=0.8383, train_f1=0.8975, train_roc_auc=0.9964, train_pr_auc=0.9276, valid_acc=0.9995, valid_precision=0.9483, valid_recall=0.7333, valid_f1=0.8271, valid_roc_auc=0.9791, valid_pr_auc=0.8630
2026-08-22 01:42:42,701 - INFO - Epoch 50/50, loss=0.0014, train_acc=0.9997, train_precision=0.9515, train_recall=0.8416, train_f1=0.8932, train_roc_auc=0.9977, train_pr_auc=0.9275, valid_acc=0.9995, valid_precision=0.9649, valid_recall=0.7333, valid_f1=0.8333, valid_roc_auc=0.9817, valid_pr_auc=0.8638
2026-08-22 01:42:42,701 - INFO - Best epoch: 42
2026-08-22 01:42:42,701 - INFO - Best validation PR-AUC: 0.8656
2026-08-22 01:42:42,701 - INFO - Fold 2 results:
2026-08-22 01:42:42,701 - INFO - accuracy: 0.9995
2026-08-22 01:42:42,701 - INFO - f1: 0.8244
2026-08-22 01:42:42,701 - INFO - pr_auc: 0.8656
2026-08-22 01:42:42,701 - INFO - precision: 0.9643
2026-08-22 01:42:42,701 - INFO - recall: 0.7200
2026-08-22 01:42:42,701 - INFO - roc_auc: 0.9817
2026-08-22 01:42:42,701 - INFO - Model saved to models/fraud_model_index_0_fold_2.pth
2026-08-22 01:42:42,701 - INFO - 
========== Fold 3/5 ==========
2026-08-22 01:42:54,977 - INFO - Epoch 1: new best validation PR-AUC = 0.5880
2026-08-22 01:42:54,977 - INFO - Epoch 1/50, loss=0.0317, train_acc=0.9957, train_precision=0.0161, train_recall=0.0265, train_f1=0.0200, train_roc_auc=0.9363, train_pr_auc=0.0487, valid_acc=0.9983, valid_precision=0.0000, valid_recall=0.0000, valid_f1=0.0000, valid_roc_auc=0.9597, valid_pr_auc=0.5880
2026-08-22 01:43:08,730 - INFO - Epoch 2: new best validation PR-AUC = 0.6959
2026-08-22 01:43:08,730 - INFO - Epoch 2/50, loss=0.0036, train_acc=0.9983, train_precision=0.0000, train_recall=0.0000, train_f1=0.0000, train_roc_auc=0.9759, train_pr_auc=0.7512, valid_acc=0.9983, valid_precision=0.0000, valid_recall=0.0000, valid_f1=0.0000, valid_roc_auc=0.9823, valid_pr_auc=0.6959
2026-08-22 01:43:23,077 - INFO - Epoch 3/50, loss=0.0033, train_acc=0.9985, train_precision=0.8913, train_recall=0.1358, train_f1=0.2356, train_roc_auc=0.9811, train_pr_auc=0.7633, valid_acc=0.9983, valid_precision=0.0000, valid_recall=0.0000, valid_f1=0.0000, valid_roc_auc=0.9809, valid_pr_auc=0.6816
2026-08-22 01:43:37,104 - INFO - Epoch 4: new best validation PR-AUC = 0.7076
2026-08-22 01:43:37,104 - INFO - Epoch 4/50, loss=0.0030, train_acc=0.9994, train_precision=0.8655, train_recall=0.7881, train_f1=0.8250, train_roc_auc=0.9847, train_pr_auc=0.7491, valid_acc=0.9991, valid_precision=0.7937, valid_recall=0.6579, valid_f1=0.7194, valid_roc_auc=0.9897, valid_pr_auc=0.7076
2026-08-22 01:43:51,346 - INFO - Epoch 5/50, loss=0.0028, train_acc=0.9995, train_precision=0.8562, train_recall=0.8278, train_f1=0.8418, train_roc_auc=0.9850, train_pr_auc=0.7407, valid_acc=0.9992, valid_precision=0.8704, valid_recall=0.6184, valid_f1=0.7231, valid_roc_auc=0.9821, valid_pr_auc=0.7044
2026-08-22 01:44:03,748 - INFO - Epoch 6/50, loss=0.0027, train_acc=0.9995, train_precision=0.8662, train_recall=0.8146, train_f1=0.8396, train_roc_auc=0.9872, train_pr_auc=0.7672, valid_acc=0.9991, valid_precision=0.7937, valid_recall=0.6579, valid_f1=0.7194, valid_roc_auc=0.9791, valid_pr_auc=0.6814
2026-08-22 01:44:15,427 - INFO - Epoch 7: new best validation PR-AUC = 0.7177
2026-08-22 01:44:15,427 - INFO - Epoch 7/50, loss=0.0026, train_acc=0.9995, train_precision=0.8503, train_recall=0.8278, train_f1=0.8389, train_roc_auc=0.9844, train_pr_auc=0.7610, valid_acc=0.9992, valid_precision=0.8846, valid_recall=0.6053, valid_f1=0.7188, valid_roc_auc=0.9842, valid_pr_auc=0.7177
2026-08-22 01:44:29,255 - INFO - Epoch 8: new best validation PR-AUC = 0.7183
2026-08-22 01:44:29,255 - INFO - Epoch 8/50, loss=0.0026, train_acc=0.9995, train_precision=0.8641, train_recall=0.8212, train_f1=0.8421, train_roc_auc=0.9873, train_pr_auc=0.7631, valid_acc=0.9992, valid_precision=0.8095, valid_recall=0.6711, valid_f1=0.7338, valid_roc_auc=0.9867, valid_pr_auc=0.7183
2026-08-22 01:44:42,973 - INFO - Epoch 9/50, loss=0.0025, train_acc=0.9995, train_precision=0.8651, train_recall=0.8278, train_f1=0.8460, train_roc_auc=0.9879, train_pr_auc=0.7864, valid_acc=0.9988, valid_precision=0.9259, valid_recall=0.3289, valid_f1=0.4854, valid_roc_auc=0.9833, valid_pr_auc=0.7006
2026-08-22 01:44:56,959 - INFO - Epoch 10: new best validation PR-AUC = 0.7184
2026-08-22 01:44:56,959 - INFO - Epoch 10/50, loss=0.0025, train_acc=0.9995, train_precision=0.8576, train_recall=0.8179, train_f1=0.8373, train_roc_auc=0.9880, train_pr_auc=0.7761, valid_acc=0.9993, valid_precision=0.8909, valid_recall=0.6447, valid_f1=0.7481, valid_roc_auc=0.9791, valid_pr_auc=0.7184
2026-08-22 01:45:08,993 - INFO - Epoch 11: new best validation PR-AUC = 0.7215
2026-08-22 01:45:08,993 - INFO - Epoch 11/50, loss=0.0024, train_acc=0.9995, train_precision=0.8636, train_recall=0.8179, train_f1=0.8401, train_roc_auc=0.9885, train_pr_auc=0.7800, valid_acc=0.9992, valid_precision=0.8571, valid_recall=0.6316, valid_f1=0.7273, valid_roc_auc=0.9839, valid_pr_auc=0.7215
2026-08-22 01:45:21,762 - INFO - Epoch 12/50, loss=0.0024, train_acc=0.9995, train_precision=0.8706, train_recall=0.8245, train_f1=0.8469, train_roc_auc=0.9901, train_pr_auc=0.7999, valid_acc=0.9992, valid_precision=0.7969, valid_recall=0.6711, valid_f1=0.7286, valid_roc_auc=0.9801, valid_pr_auc=0.7125
2026-08-22 01:45:34,875 - INFO - Epoch 13: new best validation PR-AUC = 0.7284
2026-08-22 01:45:34,875 - INFO - Epoch 13/50, loss=0.0023, train_acc=0.9995, train_precision=0.8586, train_recall=0.8245, train_f1=0.8412, train_roc_auc=0.9917, train_pr_auc=0.8021, valid_acc=0.9992, valid_precision=0.8125, valid_recall=0.6842, valid_f1=0.7429, valid_roc_auc=0.9860, valid_pr_auc=0.7284
2026-08-22 01:45:46,804 - INFO - Epoch 14/50, loss=0.0024, train_acc=0.9995, train_precision=0.8732, train_recall=0.8212, train_f1=0.8464, train_roc_auc=0.9888, train_pr_auc=0.7884, valid_acc=0.9992, valid_precision=0.8333, valid_recall=0.6579, valid_f1=0.7353, valid_roc_auc=0.9816, valid_pr_auc=0.7139
2026-08-22 01:45:59,114 - INFO - Epoch 15/50, loss=0.0024, train_acc=0.9995, train_precision=0.8711, train_recall=0.8278, train_f1=0.8489, train_roc_auc=0.9903, train_pr_auc=0.8072, valid_acc=0.9992, valid_precision=0.7969, valid_recall=0.6711, valid_f1=0.7286, valid_roc_auc=0.9808, valid_pr_auc=0.7222
2026-08-22 01:46:11,182 - INFO - Epoch 16/50, loss=0.0023, train_acc=0.9995, train_precision=0.8671, train_recall=0.8212, train_f1=0.8435, train_roc_auc=0.9894, train_pr_auc=0.8123, valid_acc=0.9992, valid_precision=0.7969, valid_recall=0.6711, valid_f1=0.7286, valid_roc_auc=0.9839, valid_pr_auc=0.6946
2026-08-22 01:46:24,485 - INFO - Epoch 17/50, loss=0.0022, train_acc=0.9995, train_precision=0.8576, train_recall=0.8377, train_f1=0.8476, train_roc_auc=0.9925, train_pr_auc=0.7947, valid_acc=0.9992, valid_precision=0.8475, valid_recall=0.6579, valid_f1=0.7407, valid_roc_auc=0.9816, valid_pr_auc=0.7177
2026-08-22 01:46:37,510 - INFO - Epoch 18: new best validation PR-AUC = 0.7407
2026-08-22 01:46:37,510 - INFO - Epoch 18/50, loss=0.0022, train_acc=0.9995, train_precision=0.8720, train_recall=0.8344, train_f1=0.8528, train_roc_auc=0.9925, train_pr_auc=0.8113, valid_acc=0.9993, valid_precision=0.8621, valid_recall=0.6579, valid_f1=0.7463, valid_roc_auc=0.9853, valid_pr_auc=0.7407
2026-08-22 01:46:50,659 - INFO - Epoch 19: new best validation PR-AUC = 0.7411
2026-08-22 01:46:50,659 - INFO - Epoch 19/50, loss=0.0021, train_acc=0.9995, train_precision=0.8799, train_recall=0.8245, train_f1=0.8513, train_roc_auc=0.9920, train_pr_auc=0.8423, valid_acc=0.9992, valid_precision=0.8361, valid_recall=0.6711, valid_f1=0.7445, valid_roc_auc=0.9851, valid_pr_auc=0.7411
2026-08-22 01:47:04,106 - INFO - Epoch 20/50, loss=0.0021, train_acc=0.9995, train_precision=0.8711, train_recall=0.8278, train_f1=0.8489, train_roc_auc=0.9931, train_pr_auc=0.8467, valid_acc=0.9992, valid_precision=0.8065, valid_recall=0.6579, valid_f1=0.7246, valid_roc_auc=0.9810, valid_pr_auc=0.7331
2026-08-22 01:47:17,787 - INFO - Epoch 21: new best validation PR-AUC = 0.7487
2026-08-22 01:47:17,787 - INFO - Epoch 21/50, loss=0.0021, train_acc=0.9995, train_precision=0.8754, train_recall=0.8377, train_f1=0.8562, train_roc_auc=0.9929, train_pr_auc=0.8617, valid_acc=0.9992, valid_precision=0.8254, valid_recall=0.6842, valid_f1=0.7482, valid_roc_auc=0.9868, valid_pr_auc=0.7487
2026-08-22 01:47:29,763 - INFO - Epoch 22/50, loss=0.0021, train_acc=0.9995, train_precision=0.8785, train_recall=0.8377, train_f1=0.8576, train_roc_auc=0.9937, train_pr_auc=0.8643, valid_acc=0.9991, valid_precision=0.7937, valid_recall=0.6579, valid_f1=0.7194, valid_roc_auc=0.9806, valid_pr_auc=0.7361
2026-08-22 01:47:41,703 - INFO - Epoch 23: new best validation PR-AUC = 0.7513
2026-08-22 01:47:41,703 - INFO - Epoch 23/50, loss=0.0021, train_acc=0.9995, train_precision=0.8785, train_recall=0.8377, train_f1=0.8576, train_roc_auc=0.9913, train_pr_auc=0.8766, valid_acc=0.9992, valid_precision=0.8475, valid_recall=0.6579, valid_f1=0.7407, valid_roc_auc=0.9834, valid_pr_auc=0.7513
2026-08-22 01:47:53,956 - INFO - Epoch 24/50, loss=0.0020, train_acc=0.9995, train_precision=0.8811, train_recall=0.8344, train_f1=0.8571, train_roc_auc=0.9928, train_pr_auc=0.8782, valid_acc=0.9992, valid_precision=0.7969, valid_recall=0.6711, valid_f1=0.7286, valid_roc_auc=0.9830, valid_pr_auc=0.7512
2026-08-22 01:48:06,772 - INFO - Epoch 25: new best validation PR-AUC = 0.7601
2026-08-22 01:48:06,772 - INFO - Epoch 25/50, loss=0.0020, train_acc=0.9995, train_precision=0.8780, train_recall=0.8344, train_f1=0.8557, train_roc_auc=0.9930, train_pr_auc=0.8866, valid_acc=0.9993, valid_precision=0.8644, valid_recall=0.6711, valid_f1=0.7556, valid_roc_auc=0.9873, valid_pr_auc=0.7601
2026-08-22 01:48:19,691 - INFO - Epoch 26: new best validation PR-AUC = 0.7665
2026-08-22 01:48:19,691 - INFO - Epoch 26/50, loss=0.0020, train_acc=0.9996, train_precision=0.8955, train_recall=0.8510, train_f1=0.8727, train_roc_auc=0.9920, train_pr_auc=0.8868, valid_acc=0.9993, valid_precision=0.8772, valid_recall=0.6579, valid_f1=0.7519, valid_roc_auc=0.9837, valid_pr_auc=0.7665
2026-08-22 01:48:32,705 - INFO - Epoch 27/50, loss=0.0019, train_acc=0.9996, train_precision=0.9000, train_recall=0.8344, train_f1=0.8660, train_roc_auc=0.9941, train_pr_auc=0.8921, valid_acc=0.9993, valid_precision=0.9057, valid_recall=0.6316, valid_f1=0.7442, valid_roc_auc=0.9771, valid_pr_auc=0.7493
2026-08-22 01:48:45,890 - INFO - Epoch 28/50, loss=0.0019, train_acc=0.9996, train_precision=0.9143, train_recall=0.8477, train_f1=0.8797, train_roc_auc=0.9922, train_pr_auc=0.8930, valid_acc=0.9992, valid_precision=0.8226, valid_recall=0.6711, valid_f1=0.7391, valid_roc_auc=0.9836, valid_pr_auc=0.7563
2026-08-22 01:48:58,860 - INFO - Epoch 29/50, loss=0.0020, train_acc=0.9996, train_precision=0.9097, train_recall=0.8344, train_f1=0.8705, train_roc_auc=0.9932, train_pr_auc=0.8905, valid_acc=0.9992, valid_precision=0.8361, valid_recall=0.6711, valid_f1=0.7445, valid_roc_auc=0.9795, valid_pr_auc=0.7594
2026-08-22 01:49:10,866 - INFO - Epoch 30/50, loss=0.0018, train_acc=0.9996, train_precision=0.9200, train_recall=0.8377, train_f1=0.8769, train_roc_auc=0.9951, train_pr_auc=0.9044, valid_acc=0.9993, valid_precision=0.9107, valid_recall=0.6711, valid_f1=0.7727, valid_roc_auc=0.9820, valid_pr_auc=0.7624
2026-08-22 01:49:25,030 - INFO - Epoch 31: new best validation PR-AUC = 0.7686
2026-08-22 01:49:25,030 - INFO - Epoch 31/50, loss=0.0018, train_acc=0.9996, train_precision=0.9140, train_recall=0.8444, train_f1=0.8778, train_roc_auc=0.9952, train_pr_auc=0.9015, valid_acc=0.9993, valid_precision=0.8793, valid_recall=0.6711, valid_f1=0.7612, valid_roc_auc=0.9830, valid_pr_auc=0.7686
2026-08-22 01:49:39,204 - INFO - Epoch 32/50, loss=0.0018, train_acc=0.9996, train_precision=0.9217, train_recall=0.8576, train_f1=0.8885, train_roc_auc=0.9946, train_pr_auc=0.9068, valid_acc=0.9993, valid_precision=0.9259, valid_recall=0.6579, valid_f1=0.7692, valid_roc_auc=0.9814, valid_pr_auc=0.7676
2026-08-22 01:49:53,595 - INFO - Epoch 33/50, loss=0.0017, train_acc=0.9996, train_precision=0.9307, train_recall=0.8444, train_f1=0.8854, train_roc_auc=0.9954, train_pr_auc=0.9078, valid_acc=0.9993, valid_precision=0.9091, valid_recall=0.6579, valid_f1=0.7634, valid_roc_auc=0.9760, valid_pr_auc=0.7572
2026-08-22 01:50:07,161 - INFO - Epoch 34: new best validation PR-AUC = 0.7721
2026-08-22 01:50:07,161 - INFO - Epoch 34/50, loss=0.0017, train_acc=0.9996, train_precision=0.9273, train_recall=0.8444, train_f1=0.8839, train_roc_auc=0.9948, train_pr_auc=0.9106, valid_acc=0.9994, valid_precision=0.9273, valid_recall=0.6711, valid_f1=0.7786, valid_roc_auc=0.9802, valid_pr_auc=0.7721
2026-08-22 01:50:21,254 - INFO - Epoch 35/50, loss=0.0018, train_acc=0.9996, train_precision=0.9273, train_recall=0.8444, train_f1=0.8839, train_roc_auc=0.9960, train_pr_auc=0.9052, valid_acc=0.9993, valid_precision=0.8929, valid_recall=0.6579, valid_f1=0.7576, valid_roc_auc=0.9824, valid_pr_auc=0.7607
2026-08-22 01:50:34,683 - INFO - Epoch 36: new best validation PR-AUC = 0.7764
2026-08-22 01:50:34,683 - INFO - Epoch 36/50, loss=0.0018, train_acc=0.9996, train_precision=0.9200, train_recall=0.8377, train_f1=0.8769, train_roc_auc=0.9953, train_pr_auc=0.9076, valid_acc=0.9993, valid_precision=0.8947, valid_recall=0.6711, valid_f1=0.7669, valid_roc_auc=0.9811, valid_pr_auc=0.7764
2026-08-22 01:50:47,464 - INFO - Epoch 37/50, loss=0.0017, train_acc=0.9997, train_precision=0.9451, train_recall=0.8543, train_f1=0.8974, train_roc_auc=0.9937, train_pr_auc=0.9167, valid_acc=0.9993, valid_precision=0.8500, valid_recall=0.6711, valid_f1=0.7500, valid_roc_auc=0.9823, valid_pr_auc=0.7711
2026-08-22 01:51:00,557 - INFO - Epoch 38/50, loss=0.0017, train_acc=0.9996, train_precision=0.9373, train_recall=0.8411, train_f1=0.8866, train_roc_auc=0.9946, train_pr_auc=0.9164, valid_acc=0.9993, valid_precision=0.8947, valid_recall=0.6711, valid_f1=0.7669, valid_roc_auc=0.9810, valid_pr_auc=0.7668
2026-08-22 01:51:13,888 - INFO - Epoch 39: new best validation PR-AUC = 0.7772
2026-08-22 01:51:13,888 - INFO - Epoch 39/50, loss=0.0017, train_acc=0.9996, train_precision=0.9278, train_recall=0.8510, train_f1=0.8877, train_roc_auc=0.9942, train_pr_auc=0.9164, valid_acc=0.9993, valid_precision=0.9107, valid_recall=0.6711, valid_f1=0.7727, valid_roc_auc=0.9836, valid_pr_auc=0.7772
2026-08-22 01:51:27,127 - INFO - Epoch 40/50, loss=0.0017, train_acc=0.9997, train_precision=0.9515, train_recall=0.8444, train_f1=0.8947, train_roc_auc=0.9948, train_pr_auc=0.9171, valid_acc=0.9993, valid_precision=0.8667, valid_recall=0.6842, valid_f1=0.7647, valid_roc_auc=0.9849, valid_pr_auc=0.7731
2026-08-22 01:51:40,244 - INFO - Epoch 41/50, loss=0.0017, train_acc=0.9997, train_precision=0.9350, train_recall=0.8576, train_f1=0.8946, train_roc_auc=0.9954, train_pr_auc=0.9133, valid_acc=0.9993, valid_precision=0.8947, valid_recall=0.6711, valid_f1=0.7669, valid_roc_auc=0.9841, valid_pr_auc=0.7675
2026-08-22 01:51:53,413 - INFO - Epoch 42/50, loss=0.0016, train_acc=0.9997, train_precision=0.9382, train_recall=0.8543, train_f1=0.8943, train_roc_auc=0.9957, train_pr_auc=0.9162, valid_acc=0.9994, valid_precision=0.8871, valid_recall=0.7237, valid_f1=0.7971, valid_roc_auc=0.9826, valid_pr_auc=0.7767
2026-08-22 01:52:06,459 - INFO - Epoch 43/50, loss=0.0016, train_acc=0.9997, train_precision=0.9384, train_recall=0.8576, train_f1=0.8962, train_roc_auc=0.9967, train_pr_auc=0.9192, valid_acc=0.9994, valid_precision=0.9016, valid_recall=0.7237, valid_f1=0.8029, valid_roc_auc=0.9792, valid_pr_auc=0.7747
2026-08-22 01:52:20,515 - INFO - Epoch 44/50, loss=0.0016, train_acc=0.9997, train_precision=0.9414, train_recall=0.8510, train_f1=0.8939, train_roc_auc=0.9969, train_pr_auc=0.9197, valid_acc=0.9993, valid_precision=0.8966, valid_recall=0.6842, valid_f1=0.7761, valid_roc_auc=0.9835, valid_pr_auc=0.7770
2026-08-22 01:52:34,594 - INFO - Epoch 45/50, loss=0.0016, train_acc=0.9997, train_precision=0.9382, train_recall=0.8543, train_f1=0.8943, train_roc_auc=0.9962, train_pr_auc=0.9206, valid_acc=0.9993, valid_precision=0.8793, valid_recall=0.6711, valid_f1=0.7612, valid_roc_auc=0.9827, valid_pr_auc=0.7721
2026-08-22 01:52:48,673 - INFO - Epoch 46/50, loss=0.0015, train_acc=0.9996, train_precision=0.9375, train_recall=0.8444, train_f1=0.8885, train_roc_auc=0.9964, train_pr_auc=0.9285, valid_acc=0.9993, valid_precision=0.8947, valid_recall=0.6711, valid_f1=0.7669, valid_roc_auc=0.9822, valid_pr_auc=0.7762
2026-08-22 01:53:02,019 - INFO - Epoch 47/50, loss=0.0015, train_acc=0.9997, train_precision=0.9624, train_recall=0.8477, train_f1=0.9014, train_roc_auc=0.9960, train_pr_auc=0.9289, valid_acc=0.9994, valid_precision=0.9000, valid_recall=0.7105, valid_f1=0.7941, valid_roc_auc=0.9811, valid_pr_auc=0.7760
2026-08-22 01:53:16,211 - INFO - Epoch 48/50, loss=0.0015, train_acc=0.9997, train_precision=0.9600, train_recall=0.8742, train_f1=0.9151, train_roc_auc=0.9967, train_pr_auc=0.9285, valid_acc=0.9993, valid_precision=0.8929, valid_recall=0.6579, valid_f1=0.7576, valid_roc_auc=0.9819, valid_pr_auc=0.7724
2026-08-22 01:53:30,449 - INFO - Epoch 49/50, loss=0.0015, train_acc=0.9997, train_precision=0.9560, train_recall=0.8642, train_f1=0.9078, train_roc_auc=0.9956, train_pr_auc=0.9265, valid_acc=0.9994, valid_precision=0.9000, valid_recall=0.7105, valid_f1=0.7941, valid_roc_auc=0.9810, valid_pr_auc=0.7759
2026-08-22 01:53:44,687 - INFO - Epoch 50/50, loss=0.0015, train_acc=0.9997, train_precision=0.9524, train_recall=0.8609, train_f1=0.9043, train_roc_auc=0.9964, train_pr_auc=0.9264, valid_acc=0.9994, valid_precision=0.9000, valid_recall=0.7105, valid_f1=0.7941, valid_roc_auc=0.9820, valid_pr_auc=0.7770
2026-08-22 01:53:44,687 - INFO - Best epoch: 39
2026-08-22 01:53:44,687 - INFO - Best validation PR-AUC: 0.7772
2026-08-22 01:53:44,687 - INFO - Fold 3 results:
2026-08-22 01:53:44,687 - INFO - accuracy: 0.9993
2026-08-22 01:53:44,687 - INFO - f1: 0.7727
2026-08-22 01:53:44,687 - INFO - pr_auc: 0.7772
2026-08-22 01:53:44,693 - INFO - precision: 0.9107
2026-08-22 01:53:44,693 - INFO - recall: 0.6711
2026-08-22 01:53:44,693 - INFO - roc_auc: 0.9836
2026-08-22 01:53:44,693 - INFO - Model saved to models/fraud_model_index_0_fold_3.pth
2026-08-22 01:53:44,693 - INFO - 
========== Fold 4/5 ==========
2026-08-22 01:53:58,770 - INFO - Epoch 1: new best validation PR-AUC = 0.7113
2026-08-22 01:53:58,770 - INFO - Epoch 1/50, loss=0.0350, train_acc=0.9933, train_precision=0.0128, train_recall=0.0397, train_f1=0.0193, train_roc_auc=0.9193, train_pr_auc=0.0387, valid_acc=0.9983, valid_precision=0.0000, valid_recall=0.0000, valid_f1=0.0000, valid_roc_auc=0.9734, valid_pr_auc=0.7113
2026-08-22 01:54:10,807 - INFO - Epoch 2: new best validation PR-AUC = 0.7278
2026-08-22 01:54:10,807 - INFO - Epoch 2/50, loss=0.0040, train_acc=0.9983, train_precision=0.0000, train_recall=0.0000, train_f1=0.0000, train_roc_auc=0.9701, train_pr_auc=0.7353, valid_acc=0.9983, valid_precision=0.0000, valid_recall=0.0000, valid_f1=0.0000, valid_roc_auc=0.9659, valid_pr_auc=0.7278
2026-08-22 01:54:22,912 - INFO - Epoch 3: new best validation PR-AUC = 0.7316
2026-08-22 01:54:22,912 - INFO - Epoch 3/50, loss=0.0035, train_acc=0.9984, train_precision=0.8214, train_recall=0.0762, train_f1=0.1394, train_roc_auc=0.9785, train_pr_auc=0.7336, valid_acc=0.9992, valid_precision=0.8197, valid_recall=0.6579, valid_f1=0.7299, valid_roc_auc=0.9875, valid_pr_auc=0.7316
2026-08-22 01:54:34,959 - INFO - Epoch 4/50, loss=0.0033, train_acc=0.9993, train_precision=0.8640, train_recall=0.7152, train_f1=0.7826, train_roc_auc=0.9868, train_pr_auc=0.7433, valid_acc=0.9994, valid_precision=0.8077, valid_recall=0.8289, valid_f1=0.8182, valid_roc_auc=0.9777, valid_pr_auc=0.7258
2026-08-22 01:54:48,927 - INFO - Epoch 5: new best validation PR-AUC = 0.7456
2026-08-22 01:54:48,927 - INFO - Epoch 5/50, loss=0.0031, train_acc=0.9994, train_precision=0.8551, train_recall=0.7815, train_f1=0.8166, train_roc_auc=0.9851, train_pr_auc=0.7501, valid_acc=0.9994, valid_precision=0.8077, valid_recall=0.8289, valid_f1=0.8182, valid_roc_auc=0.9812, valid_pr_auc=0.7456
2026-08-22 01:55:01,366 - INFO - Epoch 6/50, loss=0.0030, train_acc=0.9994, train_precision=0.8652, train_recall=0.7649, train_f1=0.8120, train_roc_auc=0.9846, train_pr_auc=0.7608, valid_acc=0.9994, valid_precision=0.8289, valid_recall=0.8289, valid_f1=0.8289, valid_roc_auc=0.9884, valid_pr_auc=0.7422
2026-08-22 01:55:13,245 - INFO - Epoch 7/50, loss=0.0029, train_acc=0.9994, train_precision=0.8603, train_recall=0.7748, train_f1=0.8153, train_roc_auc=0.9847, train_pr_auc=0.7451, valid_acc=0.9994, valid_precision=0.7901, valid_recall=0.8421, valid_f1=0.8153, valid_roc_auc=0.9860, valid_pr_auc=0.7403
2026-08-22 01:55:24,975 - INFO - Epoch 8/50, loss=0.0028, train_acc=0.9994, train_precision=0.8635, train_recall=0.7748, train_f1=0.8168, train_roc_auc=0.9879, train_pr_auc=0.7720, valid_acc=0.9994, valid_precision=0.7831, valid_recall=0.8553, valid_f1=0.8176, valid_roc_auc=0.9891, valid_pr_auc=0.7256
2026-08-22 01:55:37,582 - INFO - Epoch 9: new best validation PR-AUC = 0.7520
2026-08-22 01:55:37,582 - INFO - Epoch 9/50, loss=0.0026, train_acc=0.9994, train_precision=0.8623, train_recall=0.7881, train_f1=0.8235, train_roc_auc=0.9897, train_pr_auc=0.7600, valid_acc=0.9994, valid_precision=0.8312, valid_recall=0.8421, valid_f1=0.8366, valid_roc_auc=0.9880, valid_pr_auc=0.7520
2026-08-22 01:55:50,753 - INFO - Epoch 10: new best validation PR-AUC = 0.7632
2026-08-22 01:55:50,753 - INFO - Epoch 10/50, loss=0.0026, train_acc=0.9994, train_precision=0.8704, train_recall=0.7781, train_f1=0.8217, train_roc_auc=0.9888, train_pr_auc=0.7754, valid_acc=0.9994, valid_precision=0.8312, valid_recall=0.8421, valid_f1=0.8366, valid_roc_auc=0.9879, valid_pr_auc=0.7632
2026-08-22 01:56:03,733 - INFO - Epoch 11/50, loss=0.0026, train_acc=0.9994, train_precision=0.8672, train_recall=0.7781, train_f1=0.8202, train_roc_auc=0.9907, train_pr_auc=0.7809, valid_acc=0.9995, valid_precision=0.8333, valid_recall=0.8553, valid_f1=0.8442, valid_roc_auc=0.9867, valid_pr_auc=0.7540
2026-08-22 01:56:16,582 - INFO - Epoch 12/50, loss=0.0025, train_acc=0.9995, train_precision=0.8723, train_recall=0.7914, train_f1=0.8299, train_roc_auc=0.9895, train_pr_auc=0.7749, valid_acc=0.9994, valid_precision=0.8228, valid_recall=0.8553, valid_f1=0.8387, valid_roc_auc=0.9856, valid_pr_auc=0.7608
2026-08-22 01:56:29,173 - INFO - Epoch 13: new best validation PR-AUC = 0.7827
2026-08-22 01:56:29,173 - INFO - Epoch 13/50, loss=0.0025, train_acc=0.9995, train_precision=0.8723, train_recall=0.7914, train_f1=0.8299, train_roc_auc=0.9904, train_pr_auc=0.7672, valid_acc=0.9994, valid_precision=0.8356, valid_recall=0.8026, valid_f1=0.8188, valid_roc_auc=0.9851, valid_pr_auc=0.7827
2026-08-22 01:56:41,579 - INFO - Epoch 14/50, loss=0.0025, train_acc=0.9994, train_precision=0.8645, train_recall=0.7815, train_f1=0.8209, train_roc_auc=0.9910, train_pr_auc=0.7807, valid_acc=0.9994, valid_precision=0.8378, valid_recall=0.8158, valid_f1=0.8267, valid_roc_auc=0.9863, valid_pr_auc=0.7806
2026-08-22 01:56:53,978 - INFO - Epoch 15: new best validation PR-AUC = 0.7858
2026-08-22 01:56:53,978 - INFO - Epoch 15/50, loss=0.0025, train_acc=0.9995, train_precision=0.8819, train_recall=0.7914, train_f1=0.8342, train_roc_auc=0.9910, train_pr_auc=0.7601, valid_acc=0.9994, valid_precision=0.8267, valid_recall=0.8158, valid_f1=0.8212, valid_roc_auc=0.9856, valid_pr_auc=0.7858
2026-08-22 01:57:06,838 - INFO - Epoch 16/50, loss=0.0024, train_acc=0.9995, train_precision=0.8860, train_recall=0.7980, train_f1=0.8397, train_roc_auc=0.9924, train_pr_auc=0.7817, valid_acc=0.9994, valid_precision=0.8289, valid_recall=0.8289, valid_f1=0.8289, valid_roc_auc=0.9838, valid_pr_auc=0.7691
2026-08-22 01:57:18,897 - INFO - Epoch 17: new best validation PR-AUC = 0.8033
2026-08-22 01:57:18,897 - INFO - Epoch 17/50, loss=0.0024, train_acc=0.9995, train_precision=0.8839, train_recall=0.7815, train_f1=0.8295, train_roc_auc=0.9933, train_pr_auc=0.7954, valid_acc=0.9994, valid_precision=0.8267, valid_recall=0.8158, valid_f1=0.8212, valid_roc_auc=0.9801, valid_pr_auc=0.8033
2026-08-22 01:57:31,361 - INFO - Epoch 18/50, loss=0.0024, train_acc=0.9995, train_precision=0.8750, train_recall=0.7881, train_f1=0.8293, train_roc_auc=0.9921, train_pr_auc=0.8027, valid_acc=0.9994, valid_precision=0.8205, valid_recall=0.8421, valid_f1=0.8312, valid_roc_auc=0.9844, valid_pr_auc=0.7712
2026-08-22 01:57:44,218 - INFO - Epoch 19/50, loss=0.0023, train_acc=0.9995, train_precision=0.8800, train_recall=0.8013, train_f1=0.8388, train_roc_auc=0.9929, train_pr_auc=0.7938, valid_acc=0.9994, valid_precision=0.8289, valid_recall=0.8289, valid_f1=0.8289, valid_roc_auc=0.9846, valid_pr_auc=0.7727
2026-08-22 01:57:56,994 - INFO - Epoch 20/50, loss=0.0023, train_acc=0.9995, train_precision=0.8815, train_recall=0.7881, train_f1=0.8322, train_roc_auc=0.9918, train_pr_auc=0.7996, valid_acc=0.9994, valid_precision=0.8267, valid_recall=0.8158, valid_f1=0.8212, valid_roc_auc=0.9834, valid_pr_auc=0.7786
2026-08-22 01:58:10,077 - INFO - Epoch 21/50, loss=0.0023, train_acc=0.9995, train_precision=0.8877, train_recall=0.8113, train_f1=0.8478, train_roc_auc=0.9933, train_pr_auc=0.7900, valid_acc=0.9994, valid_precision=0.8356, valid_recall=0.8026, valid_f1=0.8188, valid_roc_auc=0.9795, valid_pr_auc=0.7998
2026-08-22 01:58:21,714 - INFO - Epoch 22/50, loss=0.0022, train_acc=0.9995, train_precision=0.8897, train_recall=0.8013, train_f1=0.8432, train_roc_auc=0.9932, train_pr_auc=0.7901, valid_acc=0.9994, valid_precision=0.8182, valid_recall=0.8289, valid_f1=0.8235, valid_roc_auc=0.9842, valid_pr_auc=0.7905
2026-08-22 01:58:33,927 - INFO - Epoch 23/50, loss=0.0022, train_acc=0.9995, train_precision=0.8832, train_recall=0.8013, train_f1=0.8403, train_roc_auc=0.9945, train_pr_auc=0.8077, valid_acc=0.9994, valid_precision=0.8205, valid_recall=0.8421, valid_f1=0.8312, valid_roc_auc=0.9829, valid_pr_auc=0.7931
2026-08-22 01:58:45,968 - INFO - Epoch 24/50, loss=0.0021, train_acc=0.9995, train_precision=0.8917, train_recall=0.8179, train_f1=0.8532, train_roc_auc=0.9951, train_pr_auc=0.8075, valid_acc=0.9994, valid_precision=0.8289, valid_recall=0.8289, valid_f1=0.8289, valid_roc_auc=0.9822, valid_pr_auc=0.7941
2026-08-22 01:58:58,047 - INFO - Epoch 25/50, loss=0.0022, train_acc=0.9995, train_precision=0.8945, train_recall=0.8146, train_f1=0.8527, train_roc_auc=0.9953, train_pr_auc=0.8122, valid_acc=0.9994, valid_precision=0.8312, valid_recall=0.8421, valid_f1=0.8366, valid_roc_auc=0.9837, valid_pr_auc=0.7889
2026-08-22 01:59:11,887 - INFO - Epoch 26/50, loss=0.0022, train_acc=0.9995, train_precision=0.9007, train_recall=0.8113, train_f1=0.8537, train_roc_auc=0.9949, train_pr_auc=0.8100, valid_acc=0.9994, valid_precision=0.8312, valid_recall=0.8421, valid_f1=0.8366, valid_roc_auc=0.9818, valid_pr_auc=0.7952
2026-08-22 01:59:23,915 - INFO - Epoch 27/50, loss=0.0021, train_acc=0.9995, train_precision=0.8986, train_recall=0.8212, train_f1=0.8581, train_roc_auc=0.9954, train_pr_auc=0.8302, valid_acc=0.9994, valid_precision=0.8312, valid_recall=0.8421, valid_f1=0.8366, valid_roc_auc=0.9810, valid_pr_auc=0.7998
2026-08-22 01:59:36,553 - INFO - Epoch 28/50, loss=0.0020, train_acc=0.9995, train_precision=0.9011, train_recall=0.8146, train_f1=0.8557, train_roc_auc=0.9963, train_pr_auc=0.8266, valid_acc=0.9994, valid_precision=0.8312, valid_recall=0.8421, valid_f1=0.8366, valid_roc_auc=0.9828, valid_pr_auc=0.8000
2026-08-22 01:59:48,491 - INFO - Epoch 29/50, loss=0.0021, train_acc=0.9995, train_precision=0.8957, train_recall=0.8245, train_f1=0.8586, train_roc_auc=0.9963, train_pr_auc=0.8213, valid_acc=0.9994, valid_precision=0.8400, valid_recall=0.8289, valid_f1=0.8344, valid_roc_auc=0.9819, valid_pr_auc=0.8018
2026-08-22 02:00:00,912 - INFO - Epoch 30: new best validation PR-AUC = 0.8050
2026-08-22 02:00:00,912 - INFO - Epoch 30/50, loss=0.0020, train_acc=0.9995, train_precision=0.8942, train_recall=0.8113, train_f1=0.8507, train_roc_auc=0.9964, train_pr_auc=0.8299, valid_acc=0.9994, valid_precision=0.8312, valid_recall=0.8421, valid_f1=0.8366, valid_roc_auc=0.9808, valid_pr_auc=0.8050
2026-08-22 02:00:13,889 - INFO - Epoch 31/50, loss=0.0021, train_acc=0.9995, train_precision=0.8986, train_recall=0.8212, train_f1=0.8581, train_roc_auc=0.9958, train_pr_auc=0.8261, valid_acc=0.9995, valid_precision=0.8421, valid_recall=0.8421, valid_f1=0.8421, valid_roc_auc=0.9818, valid_pr_auc=0.8010
2026-08-22 02:00:26,843 - INFO - Epoch 32/50, loss=0.0020, train_acc=0.9996, train_precision=0.9048, train_recall=0.8179, train_f1=0.8591, train_roc_auc=0.9955, train_pr_auc=0.8306, valid_acc=0.9994, valid_precision=0.8289, valid_recall=0.8289, valid_f1=0.8289, valid_roc_auc=0.9847, valid_pr_auc=0.8003
2026-08-22 02:00:39,511 - INFO - Epoch 33/50, loss=0.0021, train_acc=0.9996, train_precision=0.8968, train_recall=0.8344, train_f1=0.8645, train_roc_auc=0.9954, train_pr_auc=0.8084, valid_acc=0.9994, valid_precision=0.8312, valid_recall=0.8421, valid_f1=0.8366, valid_roc_auc=0.9816, valid_pr_auc=0.8039
2026-08-22 02:00:52,197 - INFO - Epoch 34: new best validation PR-AUC = 0.8121
2026-08-22 02:00:52,197 - INFO - Epoch 34/50, loss=0.0020, train_acc=0.9995, train_precision=0.8986, train_recall=0.8212, train_f1=0.8581, train_roc_auc=0.9956, train_pr_auc=0.8263, valid_acc=0.9995, valid_precision=0.8421, valid_recall=0.8421, valid_f1=0.8421, valid_roc_auc=0.9827, valid_pr_auc=0.8121
2026-08-22 02:01:05,775 - INFO - Epoch 35/50, loss=0.0020, train_acc=0.9996, train_precision=0.9051, train_recall=0.8212, train_f1=0.8611, train_roc_auc=0.9946, train_pr_auc=0.8288, valid_acc=0.9995, valid_precision=0.8421, valid_recall=0.8421, valid_f1=0.8421, valid_roc_auc=0.9815, valid_pr_auc=0.8045
2026-08-22 02:01:19,746 - INFO - Epoch 36/50, loss=0.0020, train_acc=0.9995, train_precision=0.8953, train_recall=0.8212, train_f1=0.8566, train_roc_auc=0.9953, train_pr_auc=0.8270, valid_acc=0.9994, valid_precision=0.8312, valid_recall=0.8421, valid_f1=0.8366, valid_roc_auc=0.9817, valid_pr_auc=0.8008
2026-08-22 02:01:33,796 - INFO - Epoch 37/50, loss=0.0020, train_acc=0.9995, train_precision=0.8945, train_recall=0.8146, train_f1=0.8527, train_roc_auc=0.9958, train_pr_auc=0.8238, valid_acc=0.9994, valid_precision=0.8400, valid_recall=0.8289, valid_f1=0.8344, valid_roc_auc=0.9810, valid_pr_auc=0.8050
2026-08-22 02:01:48,190 - INFO - Epoch 38/50, loss=0.0020, train_acc=0.9996, train_precision=0.9018, train_recall=0.8212, train_f1=0.8596, train_roc_auc=0.9963, train_pr_auc=0.8362, valid_acc=0.9994, valid_precision=0.8312, valid_recall=0.8421, valid_f1=0.8366, valid_roc_auc=0.9822, valid_pr_auc=0.8015
2026-08-22 02:02:01,613 - INFO - Epoch 39/50, loss=0.0020, train_acc=0.9996, train_precision=0.8996, train_recall=0.8311, train_f1=0.8640, train_roc_auc=0.9961, train_pr_auc=0.8275, valid_acc=0.9994, valid_precision=0.8312, valid_recall=0.8421, valid_f1=0.8366, valid_roc_auc=0.9810, valid_pr_auc=0.8060
2026-08-22 02:02:15,391 - INFO - Epoch 40/50, loss=0.0020, train_acc=0.9995, train_precision=0.8986, train_recall=0.8212, train_f1=0.8581, train_roc_auc=0.9956, train_pr_auc=0.8297, valid_acc=0.9995, valid_precision=0.8421, valid_recall=0.8421, valid_f1=0.8421, valid_roc_auc=0.9814, valid_pr_auc=0.8031
2026-08-22 02:02:29,477 - INFO - Epoch 41/50, loss=0.0020, train_acc=0.9996, train_precision=0.9048, train_recall=0.8179, train_f1=0.8591, train_roc_auc=0.9959, train_pr_auc=0.8268, valid_acc=0.9994, valid_precision=0.8312, valid_recall=0.8421, valid_f1=0.8366, valid_roc_auc=0.9819, valid_pr_auc=0.8063
2026-08-22 02:02:42,429 - INFO - Epoch 42/50, loss=0.0020, train_acc=0.9996, train_precision=0.9022, train_recall=0.8245, train_f1=0.8616, train_roc_auc=0.9963, train_pr_auc=0.8256, valid_acc=0.9994, valid_precision=0.8312, valid_recall=0.8421, valid_f1=0.8366, valid_roc_auc=0.9811, valid_pr_auc=0.8009
2026-08-22 02:02:55,303 - INFO - Epoch 43/50, loss=0.0020, train_acc=0.9996, train_precision=0.8989, train_recall=0.8245, train_f1=0.8601, train_roc_auc=0.9951, train_pr_auc=0.8240, valid_acc=0.9994, valid_precision=0.8312, valid_recall=0.8421, valid_f1=0.8366, valid_roc_auc=0.9830, valid_pr_auc=0.8011
2026-08-22 02:03:08,570 - INFO - Epoch 44/50, loss=0.0020, train_acc=0.9995, train_precision=0.8957, train_recall=0.8245, train_f1=0.8586, train_roc_auc=0.9961, train_pr_auc=0.8329, valid_acc=0.9995, valid_precision=0.8421, valid_recall=0.8421, valid_f1=0.8421, valid_roc_auc=0.9812, valid_pr_auc=0.8085
2026-08-22 02:03:21,722 - INFO - Epoch 45/50, loss=0.0020, train_acc=0.9995, train_precision=0.8873, train_recall=0.8079, train_f1=0.8458, train_roc_auc=0.9975, train_pr_auc=0.8347, valid_acc=0.9994, valid_precision=0.8312, valid_recall=0.8421, valid_f1=0.8366, valid_roc_auc=0.9824, valid_pr_auc=0.8014
2026-08-22 02:03:35,242 - INFO - Epoch 46/50, loss=0.0021, train_acc=0.9995, train_precision=0.8957, train_recall=0.8245, train_f1=0.8586, train_roc_auc=0.9965, train_pr_auc=0.8242, valid_acc=0.9994, valid_precision=0.8312, valid_recall=0.8421, valid_f1=0.8366, valid_roc_auc=0.9824, valid_pr_auc=0.8044
2026-08-22 02:03:48,587 - INFO - Epoch 47/50, loss=0.0021, train_acc=0.9995, train_precision=0.9015, train_recall=0.8179, train_f1=0.8576, train_roc_auc=0.9952, train_pr_auc=0.8306, valid_acc=0.9994, valid_precision=0.8400, valid_recall=0.8289, valid_f1=0.8344, valid_roc_auc=0.9820, valid_pr_auc=0.8055
2026-08-22 02:04:01,367 - INFO - Epoch 48/50, loss=0.0020, train_acc=0.9996, train_precision=0.8996, train_recall=0.8311, train_f1=0.8640, train_roc_auc=0.9952, train_pr_auc=0.8263, valid_acc=0.9994, valid_precision=0.8400, valid_recall=0.8289, valid_f1=0.8344, valid_roc_auc=0.9832, valid_pr_auc=0.8020
2026-08-22 02:04:14,361 - INFO - Epoch 49/50, loss=0.0020, train_acc=0.9995, train_precision=0.9007, train_recall=0.8113, train_f1=0.8537, train_roc_auc=0.9940, train_pr_auc=0.8290, valid_acc=0.9994, valid_precision=0.8312, valid_recall=0.8421, valid_f1=0.8366, valid_roc_auc=0.9820, valid_pr_auc=0.8023
2026-08-22 02:04:27,321 - INFO - Epoch 50/50, loss=0.0020, train_acc=0.9995, train_precision=0.8982, train_recall=0.8179, train_f1=0.8562, train_roc_auc=0.9952, train_pr_auc=0.8266, valid_acc=0.9994, valid_precision=0.8400, valid_recall=0.8289, valid_f1=0.8344, valid_roc_auc=0.9811, valid_pr_auc=0.8056
2026-08-22 02:04:27,327 - INFO - Best epoch: 34
2026-08-22 02:04:27,327 - INFO - Best validation PR-AUC: 0.8121
2026-08-22 02:04:27,327 - INFO - Fold 4 results:
2026-08-22 02:04:27,327 - INFO - accuracy: 0.9995
2026-08-22 02:04:27,327 - INFO - f1: 0.8421
2026-08-22 02:04:27,327 - INFO - pr_auc: 0.8121
2026-08-22 02:04:27,327 - INFO - precision: 0.8421
2026-08-22 02:04:27,327 - INFO - recall: 0.8421
2026-08-22 02:04:27,327 - INFO - roc_auc: 0.9827
2026-08-22 02:04:27,327 - INFO - Model saved to models/fraud_model_index_0_fold_4.pth
2026-08-22 02:04:27,330 - INFO - 
========== Fold 5/5 ==========
2026-08-22 02:04:40,409 - INFO - Epoch 1: new best validation PR-AUC = 0.7350
2026-08-22 02:04:40,409 - INFO - Epoch 1/50, loss=0.0269, train_acc=0.9982, train_precision=0.0000, train_recall=0.0000, train_f1=0.0000, train_roc_auc=0.9257, train_pr_auc=0.0942, valid_acc=0.9983, valid_precision=0.0000, valid_recall=0.0000, valid_f1=0.0000, valid_roc_auc=0.9962, valid_pr_auc=0.7350
2026-08-22 02:04:53,319 - INFO - Epoch 2: new best validation PR-AUC = 0.7885
2026-08-22 02:04:53,319 - INFO - Epoch 2/50, loss=0.0040, train_acc=0.9983, train_precision=0.0000, train_recall=0.0000, train_f1=0.0000, train_roc_auc=0.9690, train_pr_auc=0.6724, valid_acc=0.9983, valid_precision=0.0000, valid_recall=0.0000, valid_f1=0.0000, valid_roc_auc=0.9892, valid_pr_auc=0.7885
2026-08-22 02:05:07,226 - INFO - Epoch 3/50, loss=0.0035, train_acc=0.9986, train_precision=0.8571, train_recall=0.1987, train_f1=0.3226, train_roc_auc=0.9767, train_pr_auc=0.7325, valid_acc=0.9995, valid_precision=0.8750, valid_recall=0.8289, valid_f1=0.8514, valid_roc_auc=0.9882, valid_pr_auc=0.7811
2026-08-22 02:05:21,369 - INFO - Epoch 4: new best validation PR-AUC = 0.8094
2026-08-22 02:05:21,369 - INFO - Epoch 4/50, loss=0.0033, train_acc=0.9994, train_precision=0.8566, train_recall=0.7517, train_f1=0.8007, train_roc_auc=0.9830, train_pr_auc=0.7301, valid_acc=0.9996, valid_precision=0.8889, valid_recall=0.8421, valid_f1=0.8649, valid_roc_auc=0.9948, valid_pr_auc=0.8094
2026-08-22 02:05:35,418 - INFO - Epoch 5/50, loss=0.0030, train_acc=0.9994, train_precision=0.8431, train_recall=0.7649, train_f1=0.8021, train_roc_auc=0.9866, train_pr_auc=0.7272, valid_acc=0.9994, valid_precision=0.8148, valid_recall=0.8684, valid_f1=0.8408, valid_roc_auc=0.9955, valid_pr_auc=0.7913
2026-08-22 02:05:48,983 - INFO - Epoch 6/50, loss=0.0030, train_acc=0.9994, train_precision=0.8423, train_recall=0.7781, train_f1=0.8090, train_roc_auc=0.9856, train_pr_auc=0.7512, valid_acc=0.9995, valid_precision=0.8333, valid_recall=0.8553, valid_f1=0.8442, valid_roc_auc=0.9942, valid_pr_auc=0.7960
2026-08-22 02:06:02,571 - INFO - Epoch 7: new best validation PR-AUC = 0.8290
2026-08-22 02:06:02,571 - INFO - Epoch 7/50, loss=0.0029, train_acc=0.9994, train_precision=0.8478, train_recall=0.7748, train_f1=0.8097, train_roc_auc=0.9865, train_pr_auc=0.7518, valid_acc=0.9993, valid_precision=0.7586, valid_recall=0.8684, valid_f1=0.8098, valid_roc_auc=0.9955, valid_pr_auc=0.8290
2026-08-22 02:06:16,533 - INFO - Epoch 8/50, loss=0.0029, train_acc=0.9994, train_precision=0.8380, train_recall=0.7881, train_f1=0.8123, train_roc_auc=0.9860, train_pr_auc=0.7359, valid_acc=0.9995, valid_precision=0.8333, valid_recall=0.8553, valid_f1=0.8442, valid_roc_auc=0.9966, valid_pr_auc=0.8190
2026-08-22 02:06:30,381 - INFO - Epoch 9/50, loss=0.0028, train_acc=0.9994, train_precision=0.8529, train_recall=0.7682, train_f1=0.8084, train_roc_auc=0.9866, train_pr_auc=0.7610, valid_acc=0.9994, valid_precision=0.8148, valid_recall=0.8684, valid_f1=0.8408, valid_roc_auc=0.9964, valid_pr_auc=0.7997
2026-08-22 02:06:43,611 - INFO - Epoch 10/50, loss=0.0028, train_acc=0.9994, train_precision=0.8315, train_recall=0.7682, train_f1=0.7986, train_roc_auc=0.9857, train_pr_auc=0.7663, valid_acc=0.9995, valid_precision=0.8354, valid_recall=0.8684, valid_f1=0.8516, valid_roc_auc=0.9945, valid_pr_auc=0.8042
2026-08-22 02:06:57,048 - INFO - Epoch 11: new best validation PR-AUC = 0.8297
2026-08-22 02:06:57,049 - INFO - Epoch 11/50, loss=0.0026, train_acc=0.9994, train_precision=0.8535, train_recall=0.7715, train_f1=0.8104, train_roc_auc=0.9889, train_pr_auc=0.7848, valid_acc=0.9994, valid_precision=0.8400, valid_recall=0.8289, valid_f1=0.8344, valid_roc_auc=0.9966, valid_pr_auc=0.8297
2026-08-22 02:07:10,195 - INFO - Epoch 12/50, loss=0.0026, train_acc=0.9994, train_precision=0.8566, train_recall=0.7914, train_f1=0.8227, train_roc_auc=0.9886, train_pr_auc=0.7740, valid_acc=0.9995, valid_precision=0.8442, valid_recall=0.8553, valid_f1=0.8497, valid_roc_auc=0.9955, valid_pr_auc=0.8274
2026-08-22 02:07:23,484 - INFO - Epoch 13/50, loss=0.0025, train_acc=0.9995, train_precision=0.8643, train_recall=0.8013, train_f1=0.8316, train_roc_auc=0.9894, train_pr_auc=0.7676, valid_acc=0.9995, valid_precision=0.8442, valid_recall=0.8553, valid_f1=0.8497, valid_roc_auc=0.9951, valid_pr_auc=0.8222
2026-08-22 02:07:37,474 - INFO - Epoch 14: new best validation PR-AUC = 0.8306
2026-08-22 02:07:37,474 - INFO - Epoch 14/50, loss=0.0025, train_acc=0.9994, train_precision=0.8655, train_recall=0.7881, train_f1=0.8250, train_roc_auc=0.9898, train_pr_auc=0.8014, valid_acc=0.9995, valid_precision=0.8250, valid_recall=0.8684, valid_f1=0.8462, valid_roc_auc=0.9947, valid_pr_auc=0.8306
2026-08-22 02:07:49,902 - INFO - Epoch 15: new best validation PR-AUC = 0.8345
2026-08-22 02:07:49,902 - INFO - Epoch 15/50, loss=0.0025, train_acc=0.9994, train_precision=0.8628, train_recall=0.7914, train_f1=0.8256, train_roc_auc=0.9911, train_pr_auc=0.7975, valid_acc=0.9995, valid_precision=0.8442, valid_recall=0.8553, valid_f1=0.8497, valid_roc_auc=0.9952, valid_pr_auc=0.8345
2026-08-22 02:08:02,170 - INFO - Epoch 16: new best validation PR-AUC = 0.8395
2026-08-22 02:08:02,170 - INFO - Epoch 16/50, loss=0.0025, train_acc=0.9995, train_precision=0.8612, train_recall=0.8013, train_f1=0.8302, train_roc_auc=0.9897, train_pr_auc=0.7987, valid_acc=0.9995, valid_precision=0.8442, valid_recall=0.8553, valid_f1=0.8497, valid_roc_auc=0.9954, valid_pr_auc=0.8395
2026-08-22 02:08:14,990 - INFO - Epoch 17/50, loss=0.0024, train_acc=0.9995, train_precision=0.8723, train_recall=0.7914, train_f1=0.8299, train_roc_auc=0.9903, train_pr_auc=0.8065, valid_acc=0.9995, valid_precision=0.8421, valid_recall=0.8421, valid_f1=0.8421, valid_roc_auc=0.9923, valid_pr_auc=0.8336
2026-08-22 02:08:27,152 - INFO - Epoch 18/50, loss=0.0024, train_acc=0.9995, train_precision=0.8755, train_recall=0.7914, train_f1=0.8313, train_roc_auc=0.9918, train_pr_auc=0.8128, valid_acc=0.9995, valid_precision=0.8553, valid_recall=0.8553, valid_f1=0.8553, valid_roc_auc=0.9964, valid_pr_auc=0.8279
2026-08-22 02:08:41,209 - INFO - Epoch 19: new best validation PR-AUC = 0.8412
2026-08-22 02:08:41,209 - INFO - Epoch 19/50, loss=0.0024, train_acc=0.9995, train_precision=0.8674, train_recall=0.8013, train_f1=0.8330, train_roc_auc=0.9942, train_pr_auc=0.8269, valid_acc=0.9995, valid_precision=0.8533, valid_recall=0.8421, valid_f1=0.8477, valid_roc_auc=0.9944, valid_pr_auc=0.8412
2026-08-22 02:08:53,498 - INFO - Epoch 20: new best validation PR-AUC = 0.8497
2026-08-22 02:08:53,498 - INFO - Epoch 20/50, loss=0.0024, train_acc=0.9995, train_precision=0.8782, train_recall=0.7881, train_f1=0.8307, train_roc_auc=0.9910, train_pr_auc=0.8244, valid_acc=0.9995, valid_precision=0.8375, valid_recall=0.8816, valid_f1=0.8590, valid_roc_auc=0.9963, valid_pr_auc=0.8497
2026-08-22 02:09:05,708 - INFO - Epoch 21: new best validation PR-AUC = 0.8604
2026-08-22 02:09:05,708 - INFO - Epoch 21/50, loss=0.0024, train_acc=0.9995, train_precision=0.8732, train_recall=0.7980, train_f1=0.8339, train_roc_auc=0.9914, train_pr_auc=0.8352, valid_acc=0.9995, valid_precision=0.8750, valid_recall=0.8289, valid_f1=0.8514, valid_roc_auc=0.9939, valid_pr_auc=0.8604
2026-08-22 02:09:17,766 - INFO - Epoch 22: new best validation PR-AUC = 0.8622
2026-08-22 02:09:17,766 - INFO - Epoch 22/50, loss=0.0024, train_acc=0.9995, train_precision=0.8897, train_recall=0.8013, train_f1=0.8432, train_roc_auc=0.9902, train_pr_auc=0.8488, valid_acc=0.9995, valid_precision=0.8442, valid_recall=0.8553, valid_f1=0.8497, valid_roc_auc=0.9952, valid_pr_auc=0.8622
2026-08-22 02:09:31,516 - INFO - Epoch 23/50, loss=0.0023, train_acc=0.9995, train_precision=0.8790, train_recall=0.8179, train_f1=0.8473, train_roc_auc=0.9922, train_pr_auc=0.8640, valid_acc=0.9995, valid_precision=0.8611, valid_recall=0.8158, valid_f1=0.8378, valid_roc_auc=0.9965, valid_pr_auc=0.8598
2026-08-22 02:09:45,539 - INFO - Epoch 24/50, loss=0.0023, train_acc=0.9995, train_precision=0.8857, train_recall=0.8212, train_f1=0.8522, train_roc_auc=0.9916, train_pr_auc=0.8613, valid_acc=0.9995, valid_precision=0.8971, valid_recall=0.8026, valid_f1=0.8472, valid_roc_auc=0.9956, valid_pr_auc=0.8606
2026-08-22 02:09:59,100 - INFO - Epoch 25: new best validation PR-AUC = 0.8674
2026-08-22 02:09:59,100 - INFO - Epoch 25/50, loss=0.0022, train_acc=0.9995, train_precision=0.8821, train_recall=0.8179, train_f1=0.8488, train_roc_auc=0.9924, train_pr_auc=0.8662, valid_acc=0.9994, valid_precision=0.8400, valid_recall=0.8289, valid_f1=0.8344, valid_roc_auc=0.9964, valid_pr_auc=0.8674
2026-08-22 02:10:11,176 - INFO - Epoch 26/50, loss=0.0022, train_acc=0.9995, train_precision=0.8860, train_recall=0.7980, train_f1=0.8397, train_roc_auc=0.9936, train_pr_auc=0.8682, valid_acc=0.9995, valid_precision=0.8649, valid_recall=0.8421, valid_f1=0.8533, valid_roc_auc=0.9947, valid_pr_auc=0.8622
2026-08-22 02:10:23,438 - INFO - Epoch 27: new best validation PR-AUC = 0.8689
2026-08-22 02:10:23,438 - INFO - Epoch 27/50, loss=0.0022, train_acc=0.9995, train_precision=0.8959, train_recall=0.7980, train_f1=0.8441, train_roc_auc=0.9920, train_pr_auc=0.8736, valid_acc=0.9995, valid_precision=0.8571, valid_recall=0.8684, valid_f1=0.8627, valid_roc_auc=0.9933, valid_pr_auc=0.8689
2026-08-22 02:10:36,377 - INFO - Epoch 28/50, loss=0.0022, train_acc=0.9995, train_precision=0.9135, train_recall=0.8046, train_f1=0.8556, train_roc_auc=0.9912, train_pr_auc=0.8779, valid_acc=0.9995, valid_precision=0.8553, valid_recall=0.8553, valid_f1=0.8553, valid_roc_auc=0.9954, valid_pr_auc=0.8668
2026-08-22 02:10:49,553 - INFO - Epoch 29: new best validation PR-AUC = 0.8735
2026-08-22 02:10:49,553 - INFO - Epoch 29/50, loss=0.0022, train_acc=0.9995, train_precision=0.8926, train_recall=0.7980, train_f1=0.8427, train_roc_auc=0.9921, train_pr_auc=0.8811, valid_acc=0.9996, valid_precision=0.8684, valid_recall=0.8684, valid_f1=0.8684, valid_roc_auc=0.9947, valid_pr_auc=0.8735
2026-08-22 02:11:03,124 - INFO - Epoch 30/50, loss=0.0022, train_acc=0.9995, train_precision=0.9000, train_recall=0.8046, train_f1=0.8497, train_roc_auc=0.9921, train_pr_auc=0.8766, valid_acc=0.9995, valid_precision=0.8857, valid_recall=0.8158, valid_f1=0.8493, valid_roc_auc=0.9958, valid_pr_auc=0.8694
2026-08-22 02:11:16,771 - INFO - Epoch 31/50, loss=0.0021, train_acc=0.9995, train_precision=0.9104, train_recall=0.8079, train_f1=0.8561, train_roc_auc=0.9930, train_pr_auc=0.8838, valid_acc=0.9996, valid_precision=0.8800, valid_recall=0.8684, valid_f1=0.8742, valid_roc_auc=0.9933, valid_pr_auc=0.8717
2026-08-22 02:11:30,464 - INFO - Epoch 32: new best validation PR-AUC = 0.8737
2026-08-22 02:11:30,464 - INFO - Epoch 32/50, loss=0.0020, train_acc=0.9996, train_precision=0.9278, train_recall=0.8079, train_f1=0.8637, train_roc_auc=0.9931, train_pr_auc=0.8867, valid_acc=0.9995, valid_precision=0.8421, valid_recall=0.8421, valid_f1=0.8421, valid_roc_auc=0.9963, valid_pr_auc=0.8737
2026-08-22 02:11:43,454 - INFO - Epoch 33: new best validation PR-AUC = 0.8793
2026-08-22 02:11:43,454 - INFO - Epoch 33/50, loss=0.0020, train_acc=0.9995, train_precision=0.9067, train_recall=0.8046, train_f1=0.8526, train_roc_auc=0.9943, train_pr_auc=0.8914, valid_acc=0.9996, valid_precision=0.9000, valid_recall=0.8289, valid_f1=0.8630, valid_roc_auc=0.9935, valid_pr_auc=0.8793
2026-08-22 02:11:56,752 - INFO - Epoch 34/50, loss=0.0020, train_acc=0.9996, train_precision=0.9148, train_recall=0.8179, train_f1=0.8636, train_roc_auc=0.9945, train_pr_auc=0.8874, valid_acc=0.9995, valid_precision=0.8767, valid_recall=0.8421, valid_f1=0.8591, valid_roc_auc=0.9960, valid_pr_auc=0.8757
2026-08-22 02:12:10,314 - INFO - Epoch 35/50, loss=0.0020, train_acc=0.9996, train_precision=0.9363, train_recall=0.8278, train_f1=0.8787, train_roc_auc=0.9922, train_pr_auc=0.8825, valid_acc=0.9995, valid_precision=0.8750, valid_recall=0.8289, valid_f1=0.8514, valid_roc_auc=0.9949, valid_pr_auc=0.8782
2026-08-22 02:12:24,191 - INFO - Epoch 36: new best validation PR-AUC = 0.8795
2026-08-22 02:12:24,191 - INFO - Epoch 36/50, loss=0.0020, train_acc=0.9996, train_precision=0.9108, train_recall=0.8113, train_f1=0.8581, train_roc_auc=0.9923, train_pr_auc=0.8915, valid_acc=0.9995, valid_precision=0.8442, valid_recall=0.8553, valid_f1=0.8497, valid_roc_auc=0.9940, valid_pr_auc=0.8795
2026-08-22 02:12:37,614 - INFO - Epoch 37: new best validation PR-AUC = 0.8806
2026-08-22 02:12:37,614 - INFO - Epoch 37/50, loss=0.0019, train_acc=0.9996, train_precision=0.9216, train_recall=0.8179, train_f1=0.8667, train_roc_auc=0.9947, train_pr_auc=0.8931, valid_acc=0.9995, valid_precision=0.8667, valid_recall=0.8553, valid_f1=0.8609, valid_roc_auc=0.9950, valid_pr_auc=0.8806
2026-08-22 02:12:51,286 - INFO - Epoch 38/50, loss=0.0019, train_acc=0.9996, train_precision=0.9225, train_recall=0.8278, train_f1=0.8726, train_roc_auc=0.9950, train_pr_auc=0.8961, valid_acc=0.9995, valid_precision=0.9483, valid_recall=0.7237, valid_f1=0.8209, valid_roc_auc=0.9919, valid_pr_auc=0.8728
2026-08-22 02:13:05,397 - INFO - Epoch 39/50, loss=0.0019, train_acc=0.9996, train_precision=0.9272, train_recall=0.8013, train_f1=0.8597, train_roc_auc=0.9954, train_pr_auc=0.8936, valid_acc=0.9995, valid_precision=0.8767, valid_recall=0.8421, valid_f1=0.8591, valid_roc_auc=0.9953, valid_pr_auc=0.8775
2026-08-22 02:13:19,688 - INFO - Epoch 40: new best validation PR-AUC = 0.8816
2026-08-22 02:13:19,688 - INFO - Epoch 40/50, loss=0.0019, train_acc=0.9996, train_precision=0.9182, train_recall=0.8179, train_f1=0.8651, train_roc_auc=0.9943, train_pr_auc=0.8963, valid_acc=0.9996, valid_precision=0.9242, valid_recall=0.8026, valid_f1=0.8592, valid_roc_auc=0.9956, valid_pr_auc=0.8816
2026-08-22 02:13:33,367 - INFO - Epoch 41/50, loss=0.0019, train_acc=0.9996, train_precision=0.9349, train_recall=0.8079, train_f1=0.8668, train_roc_auc=0.9954, train_pr_auc=0.8965, valid_acc=0.9995, valid_precision=0.8571, valid_recall=0.8684, valid_f1=0.8627, valid_roc_auc=0.9931, valid_pr_auc=0.8810
2026-08-22 02:13:47,644 - INFO - Epoch 42/50, loss=0.0019, train_acc=0.9996, train_precision=0.9427, train_recall=0.8179, train_f1=0.8759, train_roc_auc=0.9949, train_pr_auc=0.8967, valid_acc=0.9996, valid_precision=0.9014, valid_recall=0.8421, valid_f1=0.8707, valid_roc_auc=0.9935, valid_pr_auc=0.8801
2026-08-22 02:14:01,583 - INFO - Epoch 43/50, loss=0.0018, train_acc=0.9996, train_precision=0.9313, train_recall=0.8079, train_f1=0.8652, train_roc_auc=0.9956, train_pr_auc=0.8984, valid_acc=0.9996, valid_precision=0.8684, valid_recall=0.8684, valid_f1=0.8684, valid_roc_auc=0.9920, valid_pr_auc=0.8793
2026-08-22 02:14:15,603 - INFO - Epoch 44/50, loss=0.0017, train_acc=0.9996, train_precision=0.9294, train_recall=0.8278, train_f1=0.8757, train_roc_auc=0.9953, train_pr_auc=0.9087, valid_acc=0.9995, valid_precision=0.8971, valid_recall=0.8026, valid_f1=0.8472, valid_roc_auc=0.9934, valid_pr_auc=0.8809
2026-08-22 02:14:29,745 - INFO - Epoch 45: new best validation PR-AUC = 0.8821
2026-08-22 02:14:29,745 - INFO - Epoch 45/50, loss=0.0017, train_acc=0.9996, train_precision=0.9401, train_recall=0.8311, train_f1=0.8822, train_roc_auc=0.9968, train_pr_auc=0.9104, valid_acc=0.9996, valid_precision=0.8889, valid_recall=0.8421, valid_f1=0.8649, valid_roc_auc=0.9941, valid_pr_auc=0.8821
2026-08-22 02:14:42,556 - INFO - Epoch 46/50, loss=0.0017, train_acc=0.9996, train_precision=0.9432, train_recall=0.8245, train_f1=0.8799, train_roc_auc=0.9960, train_pr_auc=0.9128, valid_acc=0.9996, valid_precision=0.8904, valid_recall=0.8553, valid_f1=0.8725, valid_roc_auc=0.9937, valid_pr_auc=0.8808
2026-08-22 02:14:55,885 - INFO - Epoch 47/50, loss=0.0017, train_acc=0.9996, train_precision=0.9430, train_recall=0.8212, train_f1=0.8779, train_roc_auc=0.9967, train_pr_auc=0.9137, valid_acc=0.9996, valid_precision=0.9014, valid_recall=0.8421, valid_f1=0.8707, valid_roc_auc=0.9945, valid_pr_auc=0.8804
2026-08-22 02:15:08,995 - INFO - Epoch 48: new best validation PR-AUC = 0.8854
2026-08-22 02:15:08,995 - INFO - Epoch 48/50, loss=0.0017, train_acc=0.9996, train_precision=0.9504, train_recall=0.8245, train_f1=0.8830, train_roc_auc=0.9970, train_pr_auc=0.9144, valid_acc=0.9996, valid_precision=0.9385, valid_recall=0.8026, valid_f1=0.8652, valid_roc_auc=0.9931, valid_pr_auc=0.8854
2026-08-22 02:15:22,340 - INFO - Epoch 49: new best validation PR-AUC = 0.8872
2026-08-22 02:15:22,340 - INFO - Epoch 49/50, loss=0.0016, train_acc=0.9997, train_precision=0.9544, train_recall=0.8311, train_f1=0.8885, train_roc_auc=0.9972, train_pr_auc=0.9178, valid_acc=0.9996, valid_precision=0.8684, valid_recall=0.8684, valid_f1=0.8684, valid_roc_auc=0.9952, valid_pr_auc=0.8872
2026-08-22 02:15:35,358 - INFO - Epoch 50: new best validation PR-AUC = 0.8892
2026-08-22 02:15:35,358 - INFO - Epoch 50/50, loss=0.0016, train_acc=0.9996, train_precision=0.9508, train_recall=0.8311, train_f1=0.8869, train_roc_auc=0.9965, train_pr_auc=0.9192, valid_acc=0.9996, valid_precision=0.9028, valid_recall=0.8553, valid_f1=0.8784, valid_roc_auc=0.9921, valid_pr_auc=0.8892
2026-08-22 02:15:35,358 - INFO - Best epoch: 50
2026-08-22 02:15:35,358 - INFO - Best validation PR-AUC: 0.8892
2026-08-22 02:15:35,358 - INFO - Fold 5 results:
2026-08-22 02:15:35,358 - INFO - accuracy: 0.9996
2026-08-22 02:15:35,358 - INFO - f1: 0.8784
2026-08-22 02:15:35,358 - INFO - pr_auc: 0.8892
2026-08-22 02:15:35,358 - INFO - precision: 0.9028
2026-08-22 02:15:35,358 - INFO - recall: 0.8553
2026-08-22 02:15:35,358 - INFO - roc_auc: 0.9921
2026-08-22 02:15:35,358 - INFO - Model saved to models/fraud_model_index_0_fold_5.pth
2026-08-22 02:15:35,358 - INFO - ================== Training Model 1 ==================
2026-08-22 02:15:35,390 - INFO - 
========== Fold 1/5 ==========
2026-08-22 02:15:49,372 - INFO - Epoch 1: new best validation PR-AUC = 0.7348
2026-08-22 02:15:49,372 - INFO - Epoch 1/50, loss=0.0281, train_acc=0.9978, train_precision=0.0000, train_recall=0.0000, train_f1=0.0000, train_roc_auc=0.9253, train_pr_auc=0.1077, valid_acc=0.9983, valid_precision=0.0000, valid_recall=0.0000, valid_f1=0.0000, valid_roc_auc=0.9671, valid_pr_auc=0.7348
2026-08-22 02:16:01,977 - INFO - Epoch 2: new best validation PR-AUC = 0.7639
2026-08-22 02:16:01,977 - INFO - Epoch 2/50, loss=0.0037, train_acc=0.9983, train_precision=0.0000, train_recall=0.0000, train_f1=0.0000, train_roc_auc=0.9779, train_pr_auc=0.7266, valid_acc=0.9983, valid_precision=0.0000, valid_recall=0.0000, valid_f1=0.0000, valid_roc_auc=0.9567, valid_pr_auc=0.7639
2026-08-22 02:16:15,698 - INFO - Epoch 3/50, loss=0.0034, train_acc=0.9987, train_precision=0.8876, train_recall=0.2607, train_f1=0.4031, train_roc_auc=0.9837, train_pr_auc=0.7564, valid_acc=0.9994, valid_precision=0.9032, valid_recall=0.7467, valid_f1=0.8175, valid_roc_auc=0.9645, valid_pr_auc=0.7570
2026-08-22 02:16:29,512 - INFO - Epoch 4: new best validation PR-AUC = 0.7706
2026-08-22 02:16:29,512 - INFO - Epoch 4/50, loss=0.0031, train_acc=0.9994, train_precision=0.8493, train_recall=0.7624, train_f1=0.8035, train_roc_auc=0.9871, train_pr_auc=0.7235, valid_acc=0.9995, valid_precision=0.9077, valid_recall=0.7867, valid_f1=0.8429, valid_roc_auc=0.9827, valid_pr_auc=0.7706
2026-08-22 02:16:43,781 - INFO - Epoch 5: new best validation PR-AUC = 0.7741
2026-08-22 02:16:43,781 - INFO - Epoch 5/50, loss=0.0030, train_acc=0.9994, train_precision=0.8258, train_recall=0.7822, train_f1=0.8034, train_roc_auc=0.9871, train_pr_auc=0.7234, valid_acc=0.9995, valid_precision=0.8824, valid_recall=0.8000, valid_f1=0.8392, valid_roc_auc=0.9742, valid_pr_auc=0.7741
2026-08-22 02:16:55,968 - INFO - Epoch 6: new best validation PR-AUC = 0.7754
2026-08-22 02:16:55,968 - INFO - Epoch 6/50, loss=0.0029, train_acc=0.9994, train_precision=0.8386, train_recall=0.7888, train_f1=0.8129, train_roc_auc=0.9874, train_pr_auc=0.7565, valid_acc=0.9995, valid_precision=0.8955, valid_recall=0.8000, valid_f1=0.8451, valid_roc_auc=0.9755, valid_pr_auc=0.7754
2026-08-22 02:17:09,591 - INFO - Epoch 7: new best validation PR-AUC = 0.7806
2026-08-22 02:17:09,593 - INFO - Epoch 7/50, loss=0.0027, train_acc=0.9994, train_precision=0.8229, train_recall=0.7822, train_f1=0.8020, train_roc_auc=0.9886, train_pr_auc=0.7719, valid_acc=0.9995, valid_precision=0.8824, valid_recall=0.8000, valid_f1=0.8392, valid_roc_auc=0.9745, valid_pr_auc=0.7806
2026-08-22 02:17:22,821 - INFO - Epoch 8: new best validation PR-AUC = 0.7862
2026-08-22 02:17:22,821 - INFO - Epoch 8/50, loss=0.0027, train_acc=0.9994, train_precision=0.8363, train_recall=0.7756, train_f1=0.8048, train_roc_auc=0.9884, train_pr_auc=0.7744, valid_acc=0.9995, valid_precision=0.9077, valid_recall=0.7867, valid_f1=0.8429, valid_roc_auc=0.9776, valid_pr_auc=0.7862
2026-08-22 02:17:36,959 - INFO - Epoch 9: new best validation PR-AUC = 0.7961
2026-08-22 02:17:36,959 - INFO - Epoch 9/50, loss=0.0026, train_acc=0.9994, train_precision=0.8577, train_recall=0.7954, train_f1=0.8253, train_roc_auc=0.9918, train_pr_auc=0.7873, valid_acc=0.9995, valid_precision=0.9091, valid_recall=0.8000, valid_f1=0.8511, valid_roc_auc=0.9739, valid_pr_auc=0.7961
2026-08-22 02:17:51,184 - INFO - Epoch 10: new best validation PR-AUC = 0.7978
2026-08-22 02:17:51,184 - INFO - Epoch 10/50, loss=0.0026, train_acc=0.9994, train_precision=0.8491, train_recall=0.7987, train_f1=0.8231, train_roc_auc=0.9896, train_pr_auc=0.7584, valid_acc=0.9995, valid_precision=0.8824, valid_recall=0.8000, valid_f1=0.8392, valid_roc_auc=0.9736, valid_pr_auc=0.7978
2026-08-22 02:18:05,023 - INFO - Epoch 11: new best validation PR-AUC = 0.8041
2026-08-22 02:18:05,023 - INFO - Epoch 11/50, loss=0.0025, train_acc=0.9994, train_precision=0.8475, train_recall=0.7888, train_f1=0.8171, train_roc_auc=0.9918, train_pr_auc=0.7714, valid_acc=0.9995, valid_precision=0.8955, valid_recall=0.8000, valid_f1=0.8451, valid_roc_auc=0.9786, valid_pr_auc=0.8041
2026-08-22 02:18:18,920 - INFO - Epoch 12: new best validation PR-AUC = 0.8138
2026-08-22 02:18:18,920 - INFO - Epoch 12/50, loss=0.0025, train_acc=0.9994, train_precision=0.8541, train_recall=0.7921, train_f1=0.8219, train_roc_auc=0.9913, train_pr_auc=0.8298, valid_acc=0.9995, valid_precision=0.9077, valid_recall=0.7867, valid_f1=0.8429, valid_roc_auc=0.9764, valid_pr_auc=0.8138
2026-08-22 02:18:32,532 - INFO - Epoch 13: new best validation PR-AUC = 0.8159
2026-08-22 02:18:32,532 - INFO - Epoch 13/50, loss=0.0024, train_acc=0.9995, train_precision=0.8669, train_recall=0.7954, train_f1=0.8296, train_roc_auc=0.9931, train_pr_auc=0.7888, valid_acc=0.9995, valid_precision=0.8824, valid_recall=0.8000, valid_f1=0.8392, valid_roc_auc=0.9732, valid_pr_auc=0.8159
2026-08-22 02:18:46,851 - INFO - Epoch 14: new best validation PR-AUC = 0.8170
2026-08-22 02:18:46,853 - INFO - Epoch 14/50, loss=0.0024, train_acc=0.9994, train_precision=0.8681, train_recall=0.7822, train_f1=0.8229, train_roc_auc=0.9909, train_pr_auc=0.8376, valid_acc=0.9995, valid_precision=0.9091, valid_recall=0.8000, valid_f1=0.8511, valid_roc_auc=0.9745, valid_pr_auc=0.8170
2026-08-22 02:19:00,524 - INFO - Epoch 15: new best validation PR-AUC = 0.8390
2026-08-22 02:19:00,524 - INFO - Epoch 15/50, loss=0.0024, train_acc=0.9995, train_precision=0.8723, train_recall=0.7888, train_f1=0.8284, train_roc_auc=0.9929, train_pr_auc=0.8416, valid_acc=0.9995, valid_precision=0.9322, valid_recall=0.7333, valid_f1=0.8209, valid_roc_auc=0.9756, valid_pr_auc=0.8390
2026-08-22 02:19:13,769 - INFO - Epoch 16/50, loss=0.0022, train_acc=0.9994, train_precision=0.8686, train_recall=0.7855, train_f1=0.8250, train_roc_auc=0.9945, train_pr_auc=0.8627, valid_acc=0.9995, valid_precision=0.9219, valid_recall=0.7867, valid_f1=0.8489, valid_roc_auc=0.9653, valid_pr_auc=0.8382
2026-08-22 02:19:26,264 - INFO - Epoch 17/50, loss=0.0022, train_acc=0.9994, train_precision=0.8672, train_recall=0.7756, train_f1=0.8188, train_roc_auc=0.9933, train_pr_auc=0.8608, valid_acc=0.9994, valid_precision=0.9123, valid_recall=0.6933, valid_f1=0.7879, valid_roc_auc=0.9697, valid_pr_auc=0.8315
2026-08-22 02:19:38,870 - INFO - Epoch 18/50, loss=0.0022, train_acc=0.9995, train_precision=0.8918, train_recall=0.7888, train_f1=0.8371, train_roc_auc=0.9914, train_pr_auc=0.8746, valid_acc=0.9995, valid_precision=0.9091, valid_recall=0.8000, valid_f1=0.8511, valid_roc_auc=0.9671, valid_pr_auc=0.8339
2026-08-22 02:19:51,601 - INFO - Epoch 19: new best validation PR-AUC = 0.8468
2026-08-22 02:19:51,601 - INFO - Epoch 19/50, loss=0.0020, train_acc=0.9995, train_precision=0.9000, train_recall=0.8020, train_f1=0.8482, train_roc_auc=0.9949, train_pr_auc=0.8841, valid_acc=0.9996, valid_precision=0.9365, valid_recall=0.7867, valid_f1=0.8551, valid_roc_auc=0.9758, valid_pr_auc=0.8468
2026-08-22 02:20:04,588 - INFO - Epoch 20/50, loss=0.0020, train_acc=0.9996, train_precision=0.9142, train_recall=0.8086, train_f1=0.8581, train_roc_auc=0.9946, train_pr_auc=0.8907, valid_acc=0.9996, valid_precision=0.9365, valid_recall=0.7867, valid_f1=0.8551, valid_roc_auc=0.9761, valid_pr_auc=0.8432
2026-08-22 02:20:18,842 - INFO - Epoch 21/50, loss=0.0019, train_acc=0.9996, train_precision=0.9161, train_recall=0.8284, train_f1=0.8700, train_roc_auc=0.9958, train_pr_auc=0.8942, valid_acc=0.9994, valid_precision=0.9298, valid_recall=0.7067, valid_f1=0.8030, valid_roc_auc=0.9738, valid_pr_auc=0.8376
2026-08-22 02:20:33,062 - INFO - Epoch 22: new best validation PR-AUC = 0.8522
2026-08-22 02:20:33,062 - INFO - Epoch 22/50, loss=0.0019, train_acc=0.9995, train_precision=0.9041, train_recall=0.8086, train_f1=0.8537, train_roc_auc=0.9937, train_pr_auc=0.8956, valid_acc=0.9996, valid_precision=0.9375, valid_recall=0.8000, valid_f1=0.8633, valid_roc_auc=0.9744, valid_pr_auc=0.8522
2026-08-22 02:20:47,205 - INFO - Epoch 23/50, loss=0.0019, train_acc=0.9996, train_precision=0.9118, train_recall=0.8185, train_f1=0.8626, train_roc_auc=0.9962, train_pr_auc=0.8876, valid_acc=0.9996, valid_precision=0.9365, valid_recall=0.7867, valid_f1=0.8551, valid_roc_auc=0.9746, valid_pr_auc=0.8440
2026-08-22 02:21:00,439 - INFO - Epoch 24/50, loss=0.0019, train_acc=0.9996, train_precision=0.9267, train_recall=0.8350, train_f1=0.8785, train_roc_auc=0.9942, train_pr_auc=0.8979, valid_acc=0.9996, valid_precision=0.9231, valid_recall=0.8000, valid_f1=0.8571, valid_roc_auc=0.9742, valid_pr_auc=0.8520
2026-08-22 02:21:12,451 - INFO - Epoch 25/50, loss=0.0019, train_acc=0.9996, train_precision=0.9161, train_recall=0.8284, train_f1=0.8700, train_roc_auc=0.9950, train_pr_auc=0.9008, valid_acc=0.9996, valid_precision=0.9385, valid_recall=0.8133, valid_f1=0.8714, valid_roc_auc=0.9737, valid_pr_auc=0.8450
2026-08-22 02:21:24,391 - INFO - Epoch 26/50, loss=0.0017, train_acc=0.9996, train_precision=0.9273, train_recall=0.8416, train_f1=0.8824, train_roc_auc=0.9964, train_pr_auc=0.9111, valid_acc=0.9996, valid_precision=0.9242, valid_recall=0.8133, valid_f1=0.8652, valid_roc_auc=0.9730, valid_pr_auc=0.8517
2026-08-22 02:21:37,116 - INFO - Epoch 27/50, loss=0.0016, train_acc=0.9997, train_precision=0.9444, train_recall=0.8416, train_f1=0.8901, train_roc_auc=0.9978, train_pr_auc=0.9149, valid_acc=0.9996, valid_precision=0.9242, valid_recall=0.8133, valid_f1=0.8652, valid_roc_auc=0.9728, valid_pr_auc=0.8480
2026-08-22 02:21:49,802 - INFO - Epoch 28/50, loss=0.0017, train_acc=0.9997, train_precision=0.9350, train_recall=0.8548, train_f1=0.8931, train_roc_auc=0.9953, train_pr_auc=0.9159, valid_acc=0.9996, valid_precision=0.9661, valid_recall=0.7600, valid_f1=0.8507, valid_roc_auc=0.9713, valid_pr_auc=0.8520
2026-08-22 02:22:02,759 - INFO - Epoch 29/50, loss=0.0016, train_acc=0.9997, train_precision=0.9582, train_recall=0.8317, train_f1=0.8905, train_roc_auc=0.9978, train_pr_auc=0.9215, valid_acc=0.9996, valid_precision=0.9231, valid_recall=0.8000, valid_f1=0.8571, valid_roc_auc=0.9715, valid_pr_auc=0.8502
2026-08-22 02:22:15,599 - INFO - Epoch 30/50, loss=0.0016, train_acc=0.9997, train_precision=0.9560, train_recall=0.8614, train_f1=0.9062, train_roc_auc=0.9977, train_pr_auc=0.9187, valid_acc=0.9996, valid_precision=0.9508, valid_recall=0.7733, valid_f1=0.8529, valid_roc_auc=0.9709, valid_pr_auc=0.8499
2026-08-22 02:22:28,488 - INFO - Epoch 31/50, loss=0.0016, train_acc=0.9997, train_precision=0.9524, train_recall=0.8581, train_f1=0.9028, train_roc_auc=0.9973, train_pr_auc=0.9172, valid_acc=0.9996, valid_precision=0.9231, valid_recall=0.8000, valid_f1=0.8571, valid_roc_auc=0.9698, valid_pr_auc=0.8495
2026-08-22 02:22:41,466 - INFO - Epoch 32/50, loss=0.0016, train_acc=0.9997, train_precision=0.9562, train_recall=0.8647, train_f1=0.9081, train_roc_auc=0.9970, train_pr_auc=0.9209, valid_acc=0.9996, valid_precision=0.9231, valid_recall=0.8000, valid_f1=0.8571, valid_roc_auc=0.9707, valid_pr_auc=0.8483
2026-08-22 02:22:54,166 - INFO - Epoch 33/50, loss=0.0015, train_acc=0.9997, train_precision=0.9487, train_recall=0.8548, train_f1=0.8993, train_roc_auc=0.9984, train_pr_auc=0.9295, valid_acc=0.9995, valid_precision=0.9219, valid_recall=0.7867, valid_f1=0.8489, valid_roc_auc=0.9716, valid_pr_auc=0.8522
2026-08-22 02:23:07,515 - INFO - Epoch 34: new best validation PR-AUC = 0.8567
2026-08-22 02:23:07,515 - INFO - Epoch 34/50, loss=0.0015, train_acc=0.9997, train_precision=0.9457, train_recall=0.8614, train_f1=0.9016, train_roc_auc=0.9983, train_pr_auc=0.9230, valid_acc=0.9996, valid_precision=0.9667, valid_recall=0.7733, valid_f1=0.8593, valid_roc_auc=0.9710, valid_pr_auc=0.8567
2026-08-22 02:23:20,515 - INFO - Epoch 35/50, loss=0.0015, train_acc=0.9997, train_precision=0.9600, train_recall=0.8713, train_f1=0.9135, train_roc_auc=0.9980, train_pr_auc=0.9249, valid_acc=0.9996, valid_precision=0.9231, valid_recall=0.8000, valid_f1=0.8571, valid_roc_auc=0.9708, valid_pr_auc=0.8499
2026-08-22 02:23:33,599 - INFO - Epoch 36/50, loss=0.0014, train_acc=0.9997, train_precision=0.9594, train_recall=0.8581, train_f1=0.9059, train_roc_auc=0.9986, train_pr_auc=0.9285, valid_acc=0.9996, valid_precision=0.9508, valid_recall=0.7733, valid_f1=0.8529, valid_roc_auc=0.9719, valid_pr_auc=0.8551
2026-08-22 02:23:46,563 - INFO - Epoch 37/50, loss=0.0015, train_acc=0.9997, train_precision=0.9557, train_recall=0.8548, train_f1=0.9024, train_roc_auc=0.9973, train_pr_auc=0.9225, valid_acc=0.9995, valid_precision=0.9219, valid_recall=0.7867, valid_f1=0.8489, valid_roc_auc=0.9667, valid_pr_auc=0.8469
2026-08-22 02:23:59,348 - INFO - Epoch 38/50, loss=0.0015, train_acc=0.9997, train_precision=0.9526, train_recall=0.8614, train_f1=0.9047, train_roc_auc=0.9980, train_pr_auc=0.9249, valid_acc=0.9995, valid_precision=0.9219, valid_recall=0.7867, valid_f1=0.8489, valid_roc_auc=0.9704, valid_pr_auc=0.8534
2026-08-22 02:24:12,924 - INFO - Epoch 39/50, loss=0.0014, train_acc=0.9997, train_precision=0.9559, train_recall=0.8581, train_f1=0.9043, train_roc_auc=0.9983, train_pr_auc=0.9301, valid_acc=0.9996, valid_precision=0.9365, valid_recall=0.7867, valid_f1=0.8551, valid_roc_auc=0.9728, valid_pr_auc=0.8536
2026-08-22 02:24:26,352 - INFO - Epoch 40/50, loss=0.0014, train_acc=0.9997, train_precision=0.9596, train_recall=0.8614, train_f1=0.9078, train_roc_auc=0.9990, train_pr_auc=0.9307, valid_acc=0.9996, valid_precision=0.9516, valid_recall=0.7867, valid_f1=0.8613, valid_roc_auc=0.9715, valid_pr_auc=0.8541
2026-08-22 02:24:40,453 - INFO - Epoch 41/50, loss=0.0014, train_acc=0.9997, train_precision=0.9493, train_recall=0.8647, train_f1=0.9050, train_roc_auc=0.9987, train_pr_auc=0.9275, valid_acc=0.9996, valid_precision=0.9516, valid_recall=0.7867, valid_f1=0.8613, valid_roc_auc=0.9707, valid_pr_auc=0.8511
2026-08-22 02:24:53,830 - INFO - Epoch 42/50, loss=0.0014, train_acc=0.9997, train_precision=0.9628, train_recall=0.8548, train_f1=0.9056, train_roc_auc=0.9985, train_pr_auc=0.9302, valid_acc=0.9996, valid_precision=0.9365, valid_recall=0.7867, valid_f1=0.8551, valid_roc_auc=0.9723, valid_pr_auc=0.8511
2026-08-22 02:25:05,950 - INFO - Epoch 43/50, loss=0.0014, train_acc=0.9997, train_precision=0.9531, train_recall=0.8713, train_f1=0.9103, train_roc_auc=0.9985, train_pr_auc=0.9295, valid_acc=0.9996, valid_precision=0.9516, valid_recall=0.7867, valid_f1=0.8613, valid_roc_auc=0.9713, valid_pr_auc=0.8518
2026-08-22 02:25:18,249 - INFO - Epoch 44/50, loss=0.0014, train_acc=0.9997, train_precision=0.9560, train_recall=0.8614, train_f1=0.9062, train_roc_auc=0.9989, train_pr_auc=0.9310, valid_acc=0.9996, valid_precision=0.9516, valid_recall=0.7867, valid_f1=0.8613, valid_roc_auc=0.9713, valid_pr_auc=0.8511
2026-08-22 02:25:32,374 - INFO - Epoch 45/50, loss=0.0014, train_acc=0.9997, train_precision=0.9562, train_recall=0.8647, train_f1=0.9081, train_roc_auc=0.9990, train_pr_auc=0.9324, valid_acc=0.9996, valid_precision=0.9516, valid_recall=0.7867, valid_f1=0.8613, valid_roc_auc=0.9739, valid_pr_auc=0.8550
2026-08-22 02:25:46,472 - INFO - Epoch 46/50, loss=0.0014, train_acc=0.9997, train_precision=0.9597, train_recall=0.8647, train_f1=0.9097, train_roc_auc=0.9985, train_pr_auc=0.9314, valid_acc=0.9996, valid_precision=0.9516, valid_recall=0.7867, valid_f1=0.8613, valid_roc_auc=0.9711, valid_pr_auc=0.8491
2026-08-22 02:26:00,486 - INFO - Epoch 47/50, loss=0.0014, train_acc=0.9997, train_precision=0.9603, train_recall=0.8779, train_f1=0.9172, train_roc_auc=0.9984, train_pr_auc=0.9308, valid_acc=0.9996, valid_precision=0.9516, valid_recall=0.7867, valid_f1=0.8613, valid_roc_auc=0.9715, valid_pr_auc=0.8529
2026-08-22 02:26:14,904 - INFO - Epoch 48/50, loss=0.0014, train_acc=0.9997, train_precision=0.9565, train_recall=0.8713, train_f1=0.9119, train_roc_auc=0.9989, train_pr_auc=0.9335, valid_acc=0.9996, valid_precision=0.9516, valid_recall=0.7867, valid_f1=0.8613, valid_roc_auc=0.9750, valid_pr_auc=0.8542
2026-08-22 02:26:28,959 - INFO - Epoch 49/50, loss=0.0015, train_acc=0.9997, train_precision=0.9634, train_recall=0.8680, train_f1=0.9132, train_roc_auc=0.9972, train_pr_auc=0.9280, valid_acc=0.9996, valid_precision=0.9516, valid_recall=0.7867, valid_f1=0.8613, valid_roc_auc=0.9708, valid_pr_auc=0.8507
2026-08-22 02:26:42,010 - INFO - Epoch 50/50, loss=0.0014, train_acc=0.9997, train_precision=0.9635, train_recall=0.8713, train_f1=0.9151, train_roc_auc=0.9983, train_pr_auc=0.9303, valid_acc=0.9996, valid_precision=0.9516, valid_recall=0.7867, valid_f1=0.8613, valid_roc_auc=0.9718, valid_pr_auc=0.8492
2026-08-22 02:26:42,010 - INFO - Best epoch: 34
2026-08-22 02:26:42,010 - INFO - Best validation PR-AUC: 0.8567
2026-08-22 02:26:42,010 - INFO - Fold 1 results:
2026-08-22 02:26:42,010 - INFO - accuracy: 0.9996
2026-08-22 02:26:42,010 - INFO - f1: 0.8593
2026-08-22 02:26:42,010 - INFO - pr_auc: 0.8567
2026-08-22 02:26:42,010 - INFO - precision: 0.9667
2026-08-22 02:26:42,010 - INFO - recall: 0.7733
2026-08-22 02:26:42,010 - INFO - roc_auc: 0.9710
2026-08-22 02:26:42,010 - INFO - Model saved to models/fraud_model_index_1_fold_1.pth
2026-08-22 02:26:42,010 - INFO - 
========== Fold 2/5 ==========
2026-08-22 02:26:55,261 - INFO - Epoch 1: new best validation PR-AUC = 0.7455
2026-08-22 02:26:55,261 - INFO - Epoch 1/50, loss=0.0241, train_acc=0.9983, train_precision=0.8000, train_recall=0.0132, train_f1=0.0260, train_roc_auc=0.9336, train_pr_auc=0.1348, valid_acc=0.9983, valid_precision=0.0000, valid_recall=0.0000, valid_f1=0.0000, valid_roc_auc=0.9618, valid_pr_auc=0.7455
2026-08-22 02:27:08,062 - INFO - Epoch 2/50, loss=0.0039, train_acc=0.9983, train_precision=0.0000, train_recall=0.0000, train_f1=0.0000, train_roc_auc=0.9785, train_pr_auc=0.7103, valid_acc=0.9983, valid_precision=0.0000, valid_recall=0.0000, valid_f1=0.0000, valid_roc_auc=0.9794, valid_pr_auc=0.7288
2026-08-22 02:27:20,163 - INFO - Epoch 3: new best validation PR-AUC = 0.7588
2026-08-22 02:27:20,163 - INFO - Epoch 3/50, loss=0.0035, train_acc=0.9984, train_precision=0.7222, train_recall=0.0429, train_f1=0.0810, train_roc_auc=0.9858, train_pr_auc=0.7198, valid_acc=0.9987, valid_precision=0.8148, valid_recall=0.2933, valid_f1=0.4314, valid_roc_auc=0.9688, valid_pr_auc=0.7588
2026-08-22 02:27:33,698 - INFO - Epoch 4/50, loss=0.0032, train_acc=0.9993, train_precision=0.8477, train_recall=0.6799, train_f1=0.7546, train_roc_auc=0.9857, train_pr_auc=0.7482, valid_acc=0.9994, valid_precision=0.8750, valid_recall=0.7467, valid_f1=0.8058, valid_roc_auc=0.9752, valid_pr_auc=0.7518
2026-08-22 02:27:47,991 - INFO - Epoch 5: new best validation PR-AUC = 0.7671
2026-08-22 02:27:47,991 - INFO - Epoch 5/50, loss=0.0030, train_acc=0.9994, train_precision=0.8393, train_recall=0.7756, train_f1=0.8062, train_roc_auc=0.9889, train_pr_auc=0.7489, valid_acc=0.9994, valid_precision=0.8788, valid_recall=0.7733, valid_f1=0.8227, valid_roc_auc=0.9832, valid_pr_auc=0.7671
2026-08-22 02:28:01,462 - INFO - Epoch 6: new best validation PR-AUC = 0.7726
2026-08-22 02:28:01,462 - INFO - Epoch 6/50, loss=0.0029, train_acc=0.9994, train_precision=0.8489, train_recall=0.7789, train_f1=0.8124, train_roc_auc=0.9910, train_pr_auc=0.7694, valid_acc=0.9994, valid_precision=0.8676, valid_recall=0.7867, valid_f1=0.8252, valid_roc_auc=0.9754, valid_pr_auc=0.7726
2026-08-22 02:28:13,723 - INFO - Epoch 7/50, loss=0.0028, train_acc=0.9994, train_precision=0.8287, train_recall=0.7822, train_f1=0.8048, train_roc_auc=0.9910, train_pr_auc=0.7517, valid_acc=0.9994, valid_precision=0.8769, valid_recall=0.7600, valid_f1=0.8143, valid_roc_auc=0.9743, valid_pr_auc=0.7680
2026-08-22 02:28:25,908 - INFO - Epoch 8: new best validation PR-AUC = 0.7877
2026-08-22 02:28:25,908 - INFO - Epoch 8/50, loss=0.0028, train_acc=0.9994, train_precision=0.8459, train_recall=0.7789, train_f1=0.8110, train_roc_auc=0.9910, train_pr_auc=0.7727, valid_acc=0.9994, valid_precision=0.8750, valid_recall=0.7467, valid_f1=0.8058, valid_roc_auc=0.9775, valid_pr_auc=0.7877
2026-08-22 02:28:39,328 - INFO - Epoch 9/50, loss=0.0027, train_acc=0.9994, train_precision=0.8380, train_recall=0.7855, train_f1=0.8109, train_roc_auc=0.9904, train_pr_auc=0.7671, valid_acc=0.9995, valid_precision=0.8923, valid_recall=0.7733, valid_f1=0.8286, valid_roc_auc=0.9714, valid_pr_auc=0.7644
2026-08-22 02:28:52,344 - INFO - Epoch 10/50, loss=0.0026, train_acc=0.9995, train_precision=0.8669, train_recall=0.7954, train_f1=0.8296, train_roc_auc=0.9917, train_pr_auc=0.7542, valid_acc=0.9994, valid_precision=0.9123, valid_recall=0.6933, valid_f1=0.7879, valid_roc_auc=0.9734, valid_pr_auc=0.7571
2026-08-22 02:29:04,659 - INFO - Epoch 11/50, loss=0.0026, train_acc=0.9994, train_precision=0.8582, train_recall=0.7789, train_f1=0.8166, train_roc_auc=0.9915, train_pr_auc=0.7522, valid_acc=0.9995, valid_precision=0.9091, valid_recall=0.8000, valid_f1=0.8511, valid_roc_auc=0.9742, valid_pr_auc=0.7763
2026-08-22 02:29:16,843 - INFO - Epoch 12/50, loss=0.0024, train_acc=0.9994, train_precision=0.8633, train_recall=0.7921, train_f1=0.8262, train_roc_auc=0.9940, train_pr_auc=0.7877, valid_acc=0.9994, valid_precision=0.8788, valid_recall=0.7733, valid_f1=0.8227, valid_roc_auc=0.9774, valid_pr_auc=0.7689
2026-08-22 02:29:29,320 - INFO - Epoch 13/50, loss=0.0024, train_acc=0.9994, train_precision=0.8530, train_recall=0.7855, train_f1=0.8179, train_roc_auc=0.9923, train_pr_auc=0.7764, valid_acc=0.9995, valid_precision=0.9077, valid_recall=0.7867, valid_f1=0.8429, valid_roc_auc=0.9785, valid_pr_auc=0.7752
2026-08-22 02:29:41,345 - INFO - Epoch 14/50, loss=0.0023, train_acc=0.9995, train_precision=0.8669, train_recall=0.7954, train_f1=0.8296, train_roc_auc=0.9938, train_pr_auc=0.7945, valid_acc=0.9995, valid_precision=0.8592, valid_recall=0.8133, valid_f1=0.8356, valid_roc_auc=0.9826, valid_pr_auc=0.7756
2026-08-22 02:29:55,442 - INFO - Epoch 15/50, loss=0.0023, train_acc=0.9995, train_precision=0.8736, train_recall=0.7987, train_f1=0.8345, train_roc_auc=0.9949, train_pr_auc=0.7841, valid_acc=0.9995, valid_precision=0.8806, valid_recall=0.7867, valid_f1=0.8310, valid_roc_auc=0.9786, valid_pr_auc=0.7774
2026-08-22 02:30:09,094 - INFO - Epoch 16/50, loss=0.0022, train_acc=0.9995, train_precision=0.8750, train_recall=0.8086, train_f1=0.8405, train_roc_auc=0.9953, train_pr_auc=0.7920, valid_acc=0.9995, valid_precision=0.8939, valid_recall=0.7867, valid_f1=0.8369, valid_roc_auc=0.9818, valid_pr_auc=0.7804
2026-08-22 02:30:23,483 - INFO - Epoch 17/50, loss=0.0022, train_acc=0.9995, train_precision=0.8719, train_recall=0.8086, train_f1=0.8390, train_roc_auc=0.9952, train_pr_auc=0.7988, valid_acc=0.9995, valid_precision=0.9062, valid_recall=0.7733, valid_f1=0.8345, valid_roc_auc=0.9779, valid_pr_auc=0.7840
2026-08-22 02:30:36,635 - INFO - Epoch 18/50, loss=0.0021, train_acc=0.9995, train_precision=0.8732, train_recall=0.7954, train_f1=0.8325, train_roc_auc=0.9963, train_pr_auc=0.8086, valid_acc=0.9995, valid_precision=0.9077, valid_recall=0.7867, valid_f1=0.8429, valid_roc_auc=0.9787, valid_pr_auc=0.7772
2026-08-22 02:30:49,445 - INFO - Epoch 19/50, loss=0.0021, train_acc=0.9995, train_precision=0.8754, train_recall=0.8119, train_f1=0.8425, train_roc_auc=0.9961, train_pr_auc=0.7903, valid_acc=0.9995, valid_precision=0.9091, valid_recall=0.8000, valid_f1=0.8511, valid_roc_auc=0.9787, valid_pr_auc=0.7864
2026-08-22 02:31:02,764 - INFO - Epoch 20/50, loss=0.0021, train_acc=0.9995, train_precision=0.8773, train_recall=0.8020, train_f1=0.8379, train_roc_auc=0.9958, train_pr_auc=0.8187, valid_acc=0.9995, valid_precision=0.8955, valid_recall=0.8000, valid_f1=0.8451, valid_roc_auc=0.9795, valid_pr_auc=0.7873
2026-08-22 02:31:15,591 - INFO - Epoch 21/50, loss=0.0021, train_acc=0.9995, train_precision=0.8821, train_recall=0.8152, train_f1=0.8473, train_roc_auc=0.9959, train_pr_auc=0.8033, valid_acc=0.9995, valid_precision=0.9077, valid_recall=0.7867, valid_f1=0.8429, valid_roc_auc=0.9794, valid_pr_auc=0.7867
2026-08-22 02:31:28,943 - INFO - Epoch 22/50, loss=0.0021, train_acc=0.9995, train_precision=0.8841, train_recall=0.8053, train_f1=0.8428, train_roc_auc=0.9967, train_pr_auc=0.8141, valid_acc=0.9995, valid_precision=0.9091, valid_recall=0.8000, valid_f1=0.8511, valid_roc_auc=0.9793, valid_pr_auc=0.7858
2026-08-22 02:31:42,011 - INFO - Epoch 23/50, loss=0.0021, train_acc=0.9995, train_precision=0.8804, train_recall=0.8020, train_f1=0.8394, train_roc_auc=0.9968, train_pr_auc=0.8128, valid_acc=0.9995, valid_precision=0.9091, valid_recall=0.8000, valid_f1=0.8511, valid_roc_auc=0.9800, valid_pr_auc=0.7871
2026-08-22 02:31:55,150 - INFO - Epoch 24/50, loss=0.0020, train_acc=0.9995, train_precision=0.8790, train_recall=0.8152, train_f1=0.8459, train_roc_auc=0.9966, train_pr_auc=0.8080, valid_acc=0.9995, valid_precision=0.9091, valid_recall=0.8000, valid_f1=0.8511, valid_roc_auc=0.9787, valid_pr_auc=0.7861
2026-08-22 02:32:07,596 - INFO - Epoch 25: new best validation PR-AUC = 0.7878
2026-08-22 02:32:07,596 - INFO - Epoch 25/50, loss=0.0020, train_acc=0.9995, train_precision=0.8821, train_recall=0.8152, train_f1=0.8473, train_roc_auc=0.9961, train_pr_auc=0.8093, valid_acc=0.9995, valid_precision=0.9091, valid_recall=0.8000, valid_f1=0.8511, valid_roc_auc=0.9793, valid_pr_auc=0.7878
2026-08-22 02:32:20,362 - INFO - Epoch 26/50, loss=0.0021, train_acc=0.9995, train_precision=0.8781, train_recall=0.8086, train_f1=0.8419, train_roc_auc=0.9965, train_pr_auc=0.8131, valid_acc=0.9995, valid_precision=0.9091, valid_recall=0.8000, valid_f1=0.8511, valid_roc_auc=0.9791, valid_pr_auc=0.7868
2026-08-22 02:32:33,235 - INFO - Epoch 27/50, loss=0.0020, train_acc=0.9995, train_precision=0.8897, train_recall=0.8251, train_f1=0.8562, train_roc_auc=0.9966, train_pr_auc=0.8167, valid_acc=0.9995, valid_precision=0.9091, valid_recall=0.8000, valid_f1=0.8511, valid_roc_auc=0.9790, valid_pr_auc=0.7877
2026-08-22 02:32:46,198 - INFO - Epoch 28: new best validation PR-AUC = 0.7927
2026-08-22 02:32:46,198 - INFO - Epoch 28/50, loss=0.0020, train_acc=0.9995, train_precision=0.8865, train_recall=0.8251, train_f1=0.8547, train_roc_auc=0.9973, train_pr_auc=0.8088, valid_acc=0.9995, valid_precision=0.9077, valid_recall=0.7867, valid_f1=0.8429, valid_roc_auc=0.9793, valid_pr_auc=0.7927
2026-08-22 02:32:59,630 - INFO - Epoch 29/50, loss=0.0020, train_acc=0.9995, train_precision=0.8853, train_recall=0.8152, train_f1=0.8488, train_roc_auc=0.9966, train_pr_auc=0.8241, valid_acc=0.9995, valid_precision=0.9077, valid_recall=0.7867, valid_f1=0.8429, valid_roc_auc=0.9800, valid_pr_auc=0.7916
2026-08-22 02:33:11,543 - INFO - Epoch 30/50, loss=0.0020, train_acc=0.9995, train_precision=0.8853, train_recall=0.8152, train_f1=0.8488, train_roc_auc=0.9966, train_pr_auc=0.8195, valid_acc=0.9995, valid_precision=0.9077, valid_recall=0.7867, valid_f1=0.8429, valid_roc_auc=0.9792, valid_pr_auc=0.7903
2026-08-22 02:33:23,429 - INFO - Epoch 31/50, loss=0.0020, train_acc=0.9995, train_precision=0.8830, train_recall=0.8218, train_f1=0.8513, train_roc_auc=0.9967, train_pr_auc=0.8162, valid_acc=0.9995, valid_precision=0.9091, valid_recall=0.8000, valid_f1=0.8511, valid_roc_auc=0.9789, valid_pr_auc=0.7890
2026-08-22 02:33:35,863 - INFO - Epoch 32/50, loss=0.0020, train_acc=0.9995, train_precision=0.8786, train_recall=0.8119, train_f1=0.8439, train_roc_auc=0.9970, train_pr_auc=0.8167, valid_acc=0.9995, valid_precision=0.9077, valid_recall=0.7867, valid_f1=0.8429, valid_roc_auc=0.9789, valid_pr_auc=0.7886
2026-08-22 02:33:48,458 - INFO - Epoch 33/50, loss=0.0020, train_acc=0.9995, train_precision=0.8790, train_recall=0.8152, train_f1=0.8459, train_roc_auc=0.9971, train_pr_auc=0.8204, valid_acc=0.9995, valid_precision=0.9091, valid_recall=0.8000, valid_f1=0.8511, valid_roc_auc=0.9804, valid_pr_auc=0.7911
2026-08-22 02:34:00,975 - INFO - Epoch 34/50, loss=0.0020, train_acc=0.9995, train_precision=0.8830, train_recall=0.8218, train_f1=0.8513, train_roc_auc=0.9957, train_pr_auc=0.8219, valid_acc=0.9995, valid_precision=0.9091, valid_recall=0.8000, valid_f1=0.8511, valid_roc_auc=0.9790, valid_pr_auc=0.7868
2026-08-22 02:34:13,874 - INFO - Epoch 35/50, loss=0.0020, train_acc=0.9995, train_precision=0.8817, train_recall=0.8119, train_f1=0.8454, train_roc_auc=0.9972, train_pr_auc=0.8101, valid_acc=0.9995, valid_precision=0.9091, valid_recall=0.8000, valid_f1=0.8511, valid_roc_auc=0.9802, valid_pr_auc=0.7903
2026-08-22 02:34:27,012 - INFO - Epoch 36: new best validation PR-AUC = 0.7932
2026-08-22 02:34:27,012 - INFO - Epoch 36/50, loss=0.0020, train_acc=0.9995, train_precision=0.8790, train_recall=0.8152, train_f1=0.8459, train_roc_auc=0.9975, train_pr_auc=0.8296, valid_acc=0.9995, valid_precision=0.9077, valid_recall=0.7867, valid_f1=0.8429, valid_roc_auc=0.9793, valid_pr_auc=0.7932
2026-08-22 02:34:39,712 - INFO - Epoch 37/50, loss=0.0020, train_acc=0.9995, train_precision=0.8857, train_recall=0.8185, train_f1=0.8508, train_roc_auc=0.9972, train_pr_auc=0.8201, valid_acc=0.9995, valid_precision=0.9091, valid_recall=0.8000, valid_f1=0.8511, valid_roc_auc=0.9801, valid_pr_auc=0.7902
2026-08-22 02:34:52,355 - INFO - Epoch 38/50, loss=0.0020, train_acc=0.9995, train_precision=0.8853, train_recall=0.8152, train_f1=0.8488, train_roc_auc=0.9971, train_pr_auc=0.8252, valid_acc=0.9995, valid_precision=0.9091, valid_recall=0.8000, valid_f1=0.8511, valid_roc_auc=0.9800, valid_pr_auc=0.7910
2026-08-22 02:35:04,819 - INFO - Epoch 39/50, loss=0.0020, train_acc=0.9995, train_precision=0.8861, train_recall=0.8218, train_f1=0.8527, train_roc_auc=0.9970, train_pr_auc=0.8208, valid_acc=0.9995, valid_precision=0.9091, valid_recall=0.8000, valid_f1=0.8511, valid_roc_auc=0.9801, valid_pr_auc=0.7928
2026-08-22 02:35:17,719 - INFO - Epoch 40/50, loss=0.0020, train_acc=0.9995, train_precision=0.8857, train_recall=0.8185, train_f1=0.8508, train_roc_auc=0.9972, train_pr_auc=0.8191, valid_acc=0.9995, valid_precision=0.9091, valid_recall=0.8000, valid_f1=0.8511, valid_roc_auc=0.9792, valid_pr_auc=0.7913
2026-08-22 02:35:31,936 - INFO - Epoch 41/50, loss=0.0020, train_acc=0.9995, train_precision=0.8821, train_recall=0.8152, train_f1=0.8473, train_roc_auc=0.9976, train_pr_auc=0.8227, valid_acc=0.9995, valid_precision=0.9091, valid_recall=0.8000, valid_f1=0.8511, valid_roc_auc=0.9798, valid_pr_auc=0.7908
2026-08-22 02:35:44,651 - INFO - Epoch 42/50, loss=0.0020, train_acc=0.9995, train_precision=0.8809, train_recall=0.8053, train_f1=0.8414, train_roc_auc=0.9971, train_pr_auc=0.8277, valid_acc=0.9995, valid_precision=0.9091, valid_recall=0.8000, valid_f1=0.8511, valid_roc_auc=0.9792, valid_pr_auc=0.7890
2026-08-22 02:35:56,801 - INFO - Epoch 43/50, loss=0.0020, train_acc=0.9995, train_precision=0.8786, train_recall=0.8119, train_f1=0.8439, train_roc_auc=0.9968, train_pr_auc=0.8237, valid_acc=0.9995, valid_precision=0.9091, valid_recall=0.8000, valid_f1=0.8511, valid_roc_auc=0.9792, valid_pr_auc=0.7894
2026-08-22 02:36:09,470 - INFO - Epoch 44/50, loss=0.0020, train_acc=0.9995, train_precision=0.8834, train_recall=0.8251, train_f1=0.8532, train_roc_auc=0.9963, train_pr_auc=0.8229, valid_acc=0.9995, valid_precision=0.9091, valid_recall=0.8000, valid_f1=0.8511, valid_roc_auc=0.9805, valid_pr_auc=0.7915
2026-08-22 02:36:21,796 - INFO - Epoch 45: new best validation PR-AUC = 0.7942
2026-08-22 02:36:21,796 - INFO - Epoch 45/50, loss=0.0020, train_acc=0.9995, train_precision=0.8885, train_recall=0.8152, train_f1=0.8503, train_roc_auc=0.9976, train_pr_auc=0.8217, valid_acc=0.9995, valid_precision=0.9091, valid_recall=0.8000, valid_f1=0.8511, valid_roc_auc=0.9803, valid_pr_auc=0.7942
2026-08-22 02:36:34,240 - INFO - Epoch 46/50, loss=0.0020, train_acc=0.9995, train_precision=0.8794, train_recall=0.8185, train_f1=0.8479, train_roc_auc=0.9963, train_pr_auc=0.8291, valid_acc=0.9995, valid_precision=0.9091, valid_recall=0.8000, valid_f1=0.8511, valid_roc_auc=0.9801, valid_pr_auc=0.7897
2026-08-22 02:36:46,882 - INFO - Epoch 47/50, loss=0.0020, train_acc=0.9995, train_precision=0.8853, train_recall=0.8152, train_f1=0.8488, train_roc_auc=0.9976, train_pr_auc=0.8251, valid_acc=0.9995, valid_precision=0.9091, valid_recall=0.8000, valid_f1=0.8511, valid_roc_auc=0.9801, valid_pr_auc=0.7914
2026-08-22 02:37:00,194 - INFO - Epoch 48/50, loss=0.0019, train_acc=0.9995, train_precision=0.8826, train_recall=0.8185, train_f1=0.8493, train_roc_auc=0.9973, train_pr_auc=0.8292, valid_acc=0.9995, valid_precision=0.9091, valid_recall=0.8000, valid_f1=0.8511, valid_roc_auc=0.9803, valid_pr_auc=0.7907
2026-08-22 02:37:12,990 - INFO - Epoch 49/50, loss=0.0020, train_acc=0.9995, train_precision=0.8865, train_recall=0.8251, train_f1=0.8547, train_roc_auc=0.9965, train_pr_auc=0.8139, valid_acc=0.9995, valid_precision=0.9091, valid_recall=0.8000, valid_f1=0.8511, valid_roc_auc=0.9802, valid_pr_auc=0.7901
2026-08-22 02:37:26,704 - INFO - Epoch 50/50, loss=0.0020, train_acc=0.9995, train_precision=0.8813, train_recall=0.8086, train_f1=0.8434, train_roc_auc=0.9967, train_pr_auc=0.8310, valid_acc=0.9995, valid_precision=0.9091, valid_recall=0.8000, valid_f1=0.8511, valid_roc_auc=0.9794, valid_pr_auc=0.7893
2026-08-22 02:37:26,706 - INFO - Best epoch: 45
2026-08-22 02:37:26,706 - INFO - Best validation PR-AUC: 0.7942
2026-08-22 02:37:26,706 - INFO - Fold 2 results:
2026-08-22 02:37:26,706 - INFO - accuracy: 0.9995
2026-08-22 02:37:26,706 - INFO - f1: 0.8511
2026-08-22 02:37:26,706 - INFO - pr_auc: 0.7942
2026-08-22 02:37:26,706 - INFO - precision: 0.9091
2026-08-22 02:37:26,706 - INFO - recall: 0.8000
2026-08-22 02:37:26,706 - INFO - roc_auc: 0.9803
2026-08-22 02:37:26,708 - INFO - Model saved to models/fraud_model_index_1_fold_2.pth
2026-08-22 02:37:26,708 - INFO - 
========== Fold 3/5 ==========
2026-08-22 02:37:40,526 - INFO - Epoch 1: new best validation PR-AUC = 0.6925
2026-08-22 02:37:40,526 - INFO - Epoch 1/50, loss=0.0211, train_acc=0.9983, train_precision=0.0000, train_recall=0.0000, train_f1=0.0000, train_roc_auc=0.9370, train_pr_auc=0.2529, valid_acc=0.9983, valid_precision=0.0000, valid_recall=0.0000, valid_f1=0.0000, valid_roc_auc=0.9789, valid_pr_auc=0.6925
2026-08-22 02:37:53,878 - INFO - Epoch 2/50, loss=0.0036, train_acc=0.9983, train_precision=0.0000, train_recall=0.0000, train_f1=0.0000, train_roc_auc=0.9735, train_pr_auc=0.7114, valid_acc=0.9983, valid_precision=0.0000, valid_recall=0.0000, valid_f1=0.0000, valid_roc_auc=0.9798, valid_pr_auc=0.6897
2026-08-22 02:38:06,164 - INFO - Epoch 3/50, loss=0.0031, train_acc=0.9993, train_precision=0.8553, train_recall=0.6656, train_f1=0.7486, train_roc_auc=0.9822, train_pr_auc=0.7534, valid_acc=0.9992, valid_precision=0.8065, valid_recall=0.6579, valid_f1=0.7246, valid_roc_auc=0.9776, valid_pr_auc=0.6920
2026-08-22 02:38:19,930 - INFO - Epoch 4: new best validation PR-AUC = 0.7049
2026-08-22 02:38:19,930 - INFO - Epoch 4/50, loss=0.0028, train_acc=0.9994, train_precision=0.8454, train_recall=0.8146, train_f1=0.8297, train_roc_auc=0.9836, train_pr_auc=0.7463, valid_acc=0.9992, valid_precision=0.7969, valid_recall=0.6711, valid_f1=0.7286, valid_roc_auc=0.9893, valid_pr_auc=0.7049
2026-08-22 02:38:33,604 - INFO - Epoch 5/50, loss=0.0027, train_acc=0.9994, train_precision=0.8459, train_recall=0.8179, train_f1=0.8316, train_roc_auc=0.9852, train_pr_auc=0.7964, valid_acc=0.9991, valid_precision=0.7812, valid_recall=0.6579, valid_f1=0.7143, valid_roc_auc=0.9791, valid_pr_auc=0.6935
2026-08-22 02:38:46,800 - INFO - Epoch 6/50, loss=0.0026, train_acc=0.9995, train_precision=0.8464, train_recall=0.8212, train_f1=0.8336, train_roc_auc=0.9836, train_pr_auc=0.7480, valid_acc=0.9991, valid_precision=0.7846, valid_recall=0.6711, valid_f1=0.7234, valid_roc_auc=0.9801, valid_pr_auc=0.7030
2026-08-22 02:38:59,041 - INFO - Epoch 7: new best validation PR-AUC = 0.7067
2026-08-22 02:38:59,041 - INFO - Epoch 7/50, loss=0.0026, train_acc=0.9995, train_precision=0.8552, train_recall=0.8212, train_f1=0.8378, train_roc_auc=0.9864, train_pr_auc=0.7751, valid_acc=0.9992, valid_precision=0.8197, valid_recall=0.6579, valid_f1=0.7299, valid_roc_auc=0.9868, valid_pr_auc=0.7067
2026-08-22 02:39:12,141 - INFO - Epoch 8/50, loss=0.0025, train_acc=0.9995, train_precision=0.8621, train_recall=0.8278, train_f1=0.8446, train_roc_auc=0.9883, train_pr_auc=0.7755, valid_acc=0.9991, valid_precision=0.7937, valid_recall=0.6579, valid_f1=0.7194, valid_roc_auc=0.9882, valid_pr_auc=0.7062
2026-08-22 02:39:25,572 - INFO - Epoch 9/50, loss=0.0025, train_acc=0.9995, train_precision=0.8632, train_recall=0.8146, train_f1=0.8382, train_roc_auc=0.9884, train_pr_auc=0.7782, valid_acc=0.9991, valid_precision=0.7937, valid_recall=0.6579, valid_f1=0.7194, valid_roc_auc=0.9836, valid_pr_auc=0.6759
2026-08-22 02:39:38,611 - INFO - Epoch 10/50, loss=0.0024, train_acc=0.9995, train_precision=0.8641, train_recall=0.8212, train_f1=0.8421, train_roc_auc=0.9876, train_pr_auc=0.7774, valid_acc=0.9991, valid_precision=0.7937, valid_recall=0.6579, valid_f1=0.7194, valid_roc_auc=0.9849, valid_pr_auc=0.6965
2026-08-22 02:39:52,335 - INFO - Epoch 11: new best validation PR-AUC = 0.7107
2026-08-22 02:39:52,335 - INFO - Epoch 11/50, loss=0.0023, train_acc=0.9995, train_precision=0.8685, train_recall=0.8311, train_f1=0.8494, train_roc_auc=0.9911, train_pr_auc=0.8038, valid_acc=0.9992, valid_precision=0.8596, valid_recall=0.6447, valid_f1=0.7368, valid_roc_auc=0.9844, valid_pr_auc=0.7107
2026-08-22 02:40:04,713 - INFO - Epoch 12: new best validation PR-AUC = 0.7194
2026-08-22 02:40:04,713 - INFO - Epoch 12/50, loss=0.0022, train_acc=0.9995, train_precision=0.8711, train_recall=0.8278, train_f1=0.8489, train_roc_auc=0.9913, train_pr_auc=0.8256, valid_acc=0.9992, valid_precision=0.8197, valid_recall=0.6579, valid_f1=0.7299, valid_roc_auc=0.9848, valid_pr_auc=0.7194
2026-08-22 02:40:16,947 - INFO - Epoch 13: new best validation PR-AUC = 0.7292
2026-08-22 02:40:16,947 - INFO - Epoch 13/50, loss=0.0022, train_acc=0.9995, train_precision=0.8776, train_recall=0.8311, train_f1=0.8537, train_roc_auc=0.9903, train_pr_auc=0.8306, valid_acc=0.9991, valid_precision=0.8246, valid_recall=0.6184, valid_f1=0.7068, valid_roc_auc=0.9831, valid_pr_auc=0.7292
2026-08-22 02:40:31,053 - INFO - Epoch 14: new best validation PR-AUC = 0.7401
2026-08-22 02:40:31,053 - INFO - Epoch 14/50, loss=0.0022, train_acc=0.9995, train_precision=0.8780, train_recall=0.8344, train_f1=0.8557, train_roc_auc=0.9906, train_pr_auc=0.8289, valid_acc=0.9992, valid_precision=0.8305, valid_recall=0.6447, valid_f1=0.7259, valid_roc_auc=0.9880, valid_pr_auc=0.7401
2026-08-22 02:40:42,706 - INFO - Epoch 15/50, loss=0.0022, train_acc=0.9995, train_precision=0.8711, train_recall=0.8278, train_f1=0.8489, train_roc_auc=0.9908, train_pr_auc=0.8402, valid_acc=0.9992, valid_precision=0.8197, valid_recall=0.6579, valid_f1=0.7299, valid_roc_auc=0.9851, valid_pr_auc=0.7338
2026-08-22 02:40:55,581 - INFO - Epoch 16: new best validation PR-AUC = 0.7498
2026-08-22 02:40:55,581 - INFO - Epoch 16/50, loss=0.0021, train_acc=0.9995, train_precision=0.8772, train_recall=0.8278, train_f1=0.8518, train_roc_auc=0.9919, train_pr_auc=0.8602, valid_acc=0.9992, valid_precision=0.8197, valid_recall=0.6579, valid_f1=0.7299, valid_roc_auc=0.9893, valid_pr_auc=0.7498
2026-08-22 02:41:09,137 - INFO - Epoch 17/50, loss=0.0021, train_acc=0.9995, train_precision=0.8746, train_recall=0.8311, train_f1=0.8523, train_roc_auc=0.9910, train_pr_auc=0.8747, valid_acc=0.9992, valid_precision=0.8167, valid_recall=0.6447, valid_f1=0.7206, valid_roc_auc=0.9846, valid_pr_auc=0.7412
2026-08-22 02:41:22,294 - INFO - Epoch 18/50, loss=0.0020, train_acc=0.9995, train_precision=0.8772, train_recall=0.8278, train_f1=0.8518, train_roc_auc=0.9934, train_pr_auc=0.8786, valid_acc=0.9992, valid_precision=0.8448, valid_recall=0.6447, valid_f1=0.7313, valid_roc_auc=0.9774, valid_pr_auc=0.7355
2026-08-22 02:41:36,455 - INFO - Epoch 19: new best validation PR-AUC = 0.7567
2026-08-22 02:41:36,455 - INFO - Epoch 19/50, loss=0.0020, train_acc=0.9995, train_precision=0.8785, train_recall=0.8377, train_f1=0.8576, train_roc_auc=0.9928, train_pr_auc=0.8801, valid_acc=0.9992, valid_precision=0.8065, valid_recall=0.6579, valid_f1=0.7246, valid_roc_auc=0.9870, valid_pr_auc=0.7567
2026-08-22 02:41:50,590 - INFO - Epoch 20/50, loss=0.0020, train_acc=0.9995, train_precision=0.8929, train_recall=0.8278, train_f1=0.8591, train_roc_auc=0.9927, train_pr_auc=0.8837, valid_acc=0.9992, valid_precision=0.8065, valid_recall=0.6579, valid_f1=0.7246, valid_roc_auc=0.9838, valid_pr_auc=0.7543
2026-08-22 02:42:04,829 - INFO - Epoch 21/50, loss=0.0020, train_acc=0.9995, train_precision=0.8929, train_recall=0.8278, train_f1=0.8591, train_roc_auc=0.9923, train_pr_auc=0.8850, valid_acc=0.9991, valid_precision=0.7937, valid_recall=0.6579, valid_f1=0.7194, valid_roc_auc=0.9875, valid_pr_auc=0.7514
2026-08-22 02:42:18,583 - INFO - Epoch 22/50, loss=0.0019, train_acc=0.9995, train_precision=0.8893, train_recall=0.8245, train_f1=0.8557, train_roc_auc=0.9946, train_pr_auc=0.8985, valid_acc=0.9992, valid_precision=0.8065, valid_recall=0.6579, valid_f1=0.7246, valid_roc_auc=0.9857, valid_pr_auc=0.7552
2026-08-22 02:42:32,449 - INFO - Epoch 23/50, loss=0.0018, train_acc=0.9996, train_precision=0.9101, train_recall=0.8377, train_f1=0.8724, train_roc_auc=0.9932, train_pr_auc=0.9035, valid_acc=0.9992, valid_precision=0.8197, valid_recall=0.6579, valid_f1=0.7299, valid_roc_auc=0.9856, valid_pr_auc=0.7562
2026-08-22 02:42:45,653 - INFO - Epoch 24: new best validation PR-AUC = 0.7568
2026-08-22 02:42:45,653 - INFO - Epoch 24/50, loss=0.0018, train_acc=0.9996, train_precision=0.9036, train_recall=0.8377, train_f1=0.8694, train_roc_auc=0.9954, train_pr_auc=0.9020, valid_acc=0.9992, valid_precision=0.8475, valid_recall=0.6579, valid_f1=0.7407, valid_roc_auc=0.9860, valid_pr_auc=0.7568
2026-08-22 02:42:58,688 - INFO - Epoch 25/50, loss=0.0017, train_acc=0.9996, train_precision=0.9191, train_recall=0.8278, train_f1=0.8711, train_roc_auc=0.9932, train_pr_auc=0.9134, valid_acc=0.9993, valid_precision=0.8571, valid_recall=0.7105, valid_f1=0.7770, valid_roc_auc=0.9837, valid_pr_auc=0.7556
2026-08-22 02:43:11,731 - INFO - Epoch 26: new best validation PR-AUC = 0.7581
2026-08-22 02:43:11,731 - INFO - Epoch 26/50, loss=0.0017, train_acc=0.9996, train_precision=0.9275, train_recall=0.8477, train_f1=0.8858, train_roc_auc=0.9962, train_pr_auc=0.9143, valid_acc=0.9993, valid_precision=0.8281, valid_recall=0.6974, valid_f1=0.7571, valid_roc_auc=0.9823, valid_pr_auc=0.7581
2026-08-22 02:43:24,916 - INFO - Epoch 27: new best validation PR-AUC = 0.7620
2026-08-22 02:43:24,916 - INFO - Epoch 27/50, loss=0.0017, train_acc=0.9996, train_precision=0.9281, train_recall=0.8543, train_f1=0.8897, train_roc_auc=0.9948, train_pr_auc=0.9139, valid_acc=0.9993, valid_precision=0.8413, valid_recall=0.6974, valid_f1=0.7626, valid_roc_auc=0.9877, valid_pr_auc=0.7620
2026-08-22 02:43:38,436 - INFO - Epoch 28/50, loss=0.0016, train_acc=0.9996, train_precision=0.9281, train_recall=0.8543, train_f1=0.8897, train_roc_auc=0.9952, train_pr_auc=0.9188, valid_acc=0.9992, valid_precision=0.8448, valid_recall=0.6447, valid_f1=0.7313, valid_roc_auc=0.9795, valid_pr_auc=0.7582
2026-08-22 02:43:51,732 - INFO - Epoch 29/50, loss=0.0017, train_acc=0.9996, train_precision=0.9209, train_recall=0.8477, train_f1=0.8828, train_roc_auc=0.9938, train_pr_auc=0.9169, valid_acc=0.9993, valid_precision=0.8462, valid_recall=0.7237, valid_f1=0.7801, valid_roc_auc=0.9857, valid_pr_auc=0.7610
2026-08-22 02:44:04,447 - INFO - Epoch 30: new best validation PR-AUC = 0.7631
2026-08-22 02:44:04,447 - INFO - Epoch 30/50, loss=0.0016, train_acc=0.9996, train_precision=0.9146, train_recall=0.8510, train_f1=0.8816, train_roc_auc=0.9932, train_pr_auc=0.9193, valid_acc=0.9993, valid_precision=0.8772, valid_recall=0.6579, valid_f1=0.7519, valid_roc_auc=0.9832, valid_pr_auc=0.7631
2026-08-22 02:44:17,181 - INFO - Epoch 31/50, loss=0.0016, train_acc=0.9996, train_precision=0.9309, train_recall=0.8477, train_f1=0.8873, train_roc_auc=0.9957, train_pr_auc=0.9207, valid_acc=0.9994, valid_precision=0.8871, valid_recall=0.7237, valid_f1=0.7971, valid_roc_auc=0.9794, valid_pr_auc=0.7610
2026-08-22 02:44:29,881 - INFO - Epoch 32/50, loss=0.0016, train_acc=0.9996, train_precision=0.9312, train_recall=0.8510, train_f1=0.8893, train_roc_auc=0.9950, train_pr_auc=0.9215, valid_acc=0.9993, valid_precision=0.8909, valid_recall=0.6447, valid_f1=0.7481, valid_roc_auc=0.9784, valid_pr_auc=0.7596
2026-08-22 02:44:43,791 - INFO - Epoch 33: new best validation PR-AUC = 0.7639
2026-08-22 02:44:43,791 - INFO - Epoch 33/50, loss=0.0016, train_acc=0.9997, train_precision=0.9380, train_recall=0.8510, train_f1=0.8924, train_roc_auc=0.9957, train_pr_auc=0.9190, valid_acc=0.9993, valid_precision=0.8833, valid_recall=0.6974, valid_f1=0.7794, valid_roc_auc=0.9714, valid_pr_auc=0.7639
2026-08-22 02:44:57,751 - INFO - Epoch 34/50, loss=0.0016, train_acc=0.9996, train_precision=0.9220, train_recall=0.8609, train_f1=0.8904, train_roc_auc=0.9952, train_pr_auc=0.9233, valid_acc=0.9993, valid_precision=0.9091, valid_recall=0.6579, valid_f1=0.7634, valid_roc_auc=0.9625, valid_pr_auc=0.7612
2026-08-22 02:45:09,940 - INFO - Epoch 35/50, loss=0.0015, train_acc=0.9997, train_precision=0.9321, train_recall=0.8642, train_f1=0.8969, train_roc_auc=0.9956, train_pr_auc=0.9286, valid_acc=0.9991, valid_precision=0.8627, valid_recall=0.5789, valid_f1=0.6929, valid_roc_auc=0.9675, valid_pr_auc=0.7463
2026-08-22 02:45:23,774 - INFO - Epoch 36/50, loss=0.0015, train_acc=0.9997, train_precision=0.9377, train_recall=0.8477, train_f1=0.8904, train_roc_auc=0.9957, train_pr_auc=0.9238, valid_acc=0.9993, valid_precision=0.8909, valid_recall=0.6447, valid_f1=0.7481, valid_roc_auc=0.9658, valid_pr_auc=0.7585
2026-08-22 02:45:37,990 - INFO - Epoch 37: new best validation PR-AUC = 0.7652
2026-08-22 02:45:37,990 - INFO - Epoch 37/50, loss=0.0014, train_acc=0.9997, train_precision=0.9422, train_recall=0.8642, train_f1=0.9016, train_roc_auc=0.9974, train_pr_auc=0.9322, valid_acc=0.9994, valid_precision=0.9138, valid_recall=0.6974, valid_f1=0.7910, valid_roc_auc=0.9755, valid_pr_auc=0.7652
2026-08-22 02:45:51,937 - INFO - Epoch 38/50, loss=0.0014, train_acc=0.9997, train_precision=0.9321, train_recall=0.8642, train_f1=0.8969, train_roc_auc=0.9962, train_pr_auc=0.9319, valid_acc=0.9993, valid_precision=0.9245, valid_recall=0.6447, valid_f1=0.7597, valid_roc_auc=0.9763, valid_pr_auc=0.7600
2026-08-22 02:46:06,102 - INFO - Epoch 39/50, loss=0.0014, train_acc=0.9997, train_precision=0.9386, train_recall=0.8609, train_f1=0.8981, train_roc_auc=0.9971, train_pr_auc=0.9295, valid_acc=0.9993, valid_precision=0.8667, valid_recall=0.6842, valid_f1=0.7647, valid_roc_auc=0.9714, valid_pr_auc=0.7601
2026-08-22 02:46:20,067 - INFO - Epoch 40/50, loss=0.0014, train_acc=0.9997, train_precision=0.9422, train_recall=0.8642, train_f1=0.9016, train_roc_auc=0.9977, train_pr_auc=0.9367, valid_acc=0.9993, valid_precision=0.9074, valid_recall=0.6447, valid_f1=0.7538, valid_roc_auc=0.9671, valid_pr_auc=0.7550
2026-08-22 02:46:33,254 - INFO - Epoch 41/50, loss=0.0013, train_acc=0.9997, train_precision=0.9594, train_recall=0.8609, train_f1=0.9075, train_roc_auc=0.9981, train_pr_auc=0.9370, valid_acc=0.9994, valid_precision=0.9032, valid_recall=0.7368, valid_f1=0.8116, valid_roc_auc=0.9719, valid_pr_auc=0.7646
2026-08-22 02:46:45,893 - INFO - Epoch 42: new best validation PR-AUC = 0.7653
2026-08-22 02:46:45,893 - INFO - Epoch 42/50, loss=0.0014, train_acc=0.9997, train_precision=0.9458, train_recall=0.8675, train_f1=0.9050, train_roc_auc=0.9969, train_pr_auc=0.9359, valid_acc=0.9994, valid_precision=0.9032, valid_recall=0.7368, valid_f1=0.8116, valid_roc_auc=0.9671, valid_pr_auc=0.7653
2026-08-22 02:46:57,925 - INFO - Epoch 43/50, loss=0.0013, train_acc=0.9997, train_precision=0.9487, train_recall=0.8576, train_f1=0.9009, train_roc_auc=0.9978, train_pr_auc=0.9391, valid_acc=0.9993, valid_precision=0.8689, valid_recall=0.6974, valid_f1=0.7737, valid_roc_auc=0.9674, valid_pr_auc=0.7649
2026-08-22 02:47:10,970 - INFO - Epoch 44/50, loss=0.0014, train_acc=0.9997, train_precision=0.9531, train_recall=0.8742, train_f1=0.9119, train_roc_auc=0.9961, train_pr_auc=0.9360, valid_acc=0.9993, valid_precision=0.8833, valid_recall=0.6974, valid_f1=0.7794, valid_roc_auc=0.9632, valid_pr_auc=0.7618
2026-08-22 02:47:25,380 - INFO - Epoch 45/50, loss=0.0013, train_acc=0.9997, train_precision=0.9495, train_recall=0.8709, train_f1=0.9085, train_roc_auc=0.9977, train_pr_auc=0.9366, valid_acc=0.9993, valid_precision=0.9107, valid_recall=0.6711, valid_f1=0.7727, valid_roc_auc=0.9735, valid_pr_auc=0.7627
2026-08-22 02:47:39,249 - INFO - Epoch 46/50, loss=0.0013, train_acc=0.9997, train_precision=0.9496, train_recall=0.8742, train_f1=0.9103, train_roc_auc=0.9986, train_pr_auc=0.9388, valid_acc=0.9993, valid_precision=0.8966, valid_recall=0.6842, valid_f1=0.7761, valid_roc_auc=0.9617, valid_pr_auc=0.7618
2026-08-22 02:47:53,320 - INFO - Epoch 47/50, loss=0.0013, train_acc=0.9997, train_precision=0.9529, train_recall=0.8709, train_f1=0.9100, train_roc_auc=0.9983, train_pr_auc=0.9401, valid_acc=0.9994, valid_precision=0.9167, valid_recall=0.7237, valid_f1=0.8088, valid_roc_auc=0.9703, valid_pr_auc=0.7600
2026-08-22 02:48:05,322 - INFO - Epoch 48/50, loss=0.0013, train_acc=0.9997, train_precision=0.9526, train_recall=0.8642, train_f1=0.9062, train_roc_auc=0.9970, train_pr_auc=0.9412, valid_acc=0.9994, valid_precision=0.9016, valid_recall=0.7237, valid_f1=0.8029, valid_roc_auc=0.9641, valid_pr_auc=0.7627
2026-08-22 02:48:19,615 - INFO - Epoch 49/50, loss=0.0013, train_acc=0.9997, train_precision=0.9466, train_recall=0.8808, train_f1=0.9125, train_roc_auc=0.9979, train_pr_auc=0.9370, valid_acc=0.9994, valid_precision=0.9167, valid_recall=0.7237, valid_f1=0.8088, valid_roc_auc=0.9642, valid_pr_auc=0.7620
2026-08-22 02:48:33,770 - INFO - Epoch 50/50, loss=0.0013, train_acc=0.9997, train_precision=0.9458, train_recall=0.8675, train_f1=0.9050, train_roc_auc=0.9976, train_pr_auc=0.9388, valid_acc=0.9994, valid_precision=0.9167, valid_recall=0.7237, valid_f1=0.8088, valid_roc_auc=0.9635, valid_pr_auc=0.7605
2026-08-22 02:48:33,770 - INFO - Best epoch: 42
2026-08-22 02:48:33,770 - INFO - Best validation PR-AUC: 0.7653
2026-08-22 02:48:33,770 - INFO - Fold 3 results:
2026-08-22 02:48:33,770 - INFO - accuracy: 0.9994
2026-08-22 02:48:33,770 - INFO - f1: 0.8116
2026-08-22 02:48:33,770 - INFO - pr_auc: 0.7653
2026-08-22 02:48:33,770 - INFO - precision: 0.9032
2026-08-22 02:48:33,770 - INFO - recall: 0.7368
2026-08-22 02:48:33,770 - INFO - roc_auc: 0.9671
2026-08-22 02:48:33,770 - INFO - Model saved to models/fraud_model_index_1_fold_3.pth
2026-08-22 02:48:33,775 - INFO - 
========== Fold 4/5 ==========
2026-08-22 02:48:47,773 - INFO - Epoch 1: new best validation PR-AUC = 0.7653
2026-08-22 02:48:47,773 - INFO - Epoch 1/50, loss=0.0296, train_acc=0.9971, train_precision=0.0000, train_recall=0.0000, train_f1=0.0000, train_roc_auc=0.9318, train_pr_auc=0.0621, valid_acc=0.9983, valid_precision=0.0000, valid_recall=0.0000, valid_f1=0.0000, valid_roc_auc=0.9769, valid_pr_auc=0.7653
2026-08-22 02:49:01,385 - INFO - Epoch 2/50, loss=0.0039, train_acc=0.9983, train_precision=0.0000, train_recall=0.0000, train_f1=0.0000, train_roc_auc=0.9720, train_pr_auc=0.7467, valid_acc=0.9983, valid_precision=0.0000, valid_recall=0.0000, valid_f1=0.0000, valid_roc_auc=0.9838, valid_pr_auc=0.7368
2026-08-22 02:49:13,399 - INFO - Epoch 3/50, loss=0.0036, train_acc=0.9986, train_precision=0.8833, train_recall=0.1755, train_f1=0.2928, train_roc_auc=0.9804, train_pr_auc=0.7388, valid_acc=0.9993, valid_precision=0.8548, valid_recall=0.6974, valid_f1=0.7681, valid_roc_auc=0.9894, valid_pr_auc=0.7468
2026-08-22 02:49:25,490 - INFO - Epoch 4/50, loss=0.0033, train_acc=0.9994, train_precision=0.8740, train_recall=0.7119, train_f1=0.7847, train_roc_auc=0.9827, train_pr_auc=0.7556, valid_acc=0.9994, valid_precision=0.8228, valid_recall=0.8553, valid_f1=0.8387, valid_roc_auc=0.9855, valid_pr_auc=0.7387
2026-08-22 02:49:37,923 - INFO - Epoch 5/50, loss=0.0029, train_acc=0.9994, train_precision=0.8676, train_recall=0.7815, train_f1=0.8223, train_roc_auc=0.9878, train_pr_auc=0.7596, valid_acc=0.9994, valid_precision=0.7901, valid_recall=0.8421, valid_f1=0.8153, valid_roc_auc=0.9869, valid_pr_auc=0.7507
2026-08-22 02:49:50,719 - INFO - Epoch 6: new best validation PR-AUC = 0.7784
2026-08-22 02:49:50,719 - INFO - Epoch 6/50, loss=0.0029, train_acc=0.9994, train_precision=0.8608, train_recall=0.7781, train_f1=0.8174, train_roc_auc=0.9866, train_pr_auc=0.7499, valid_acc=0.9994, valid_precision=0.8378, valid_recall=0.8158, valid_f1=0.8267, valid_roc_auc=0.9859, valid_pr_auc=0.7784
2026-08-22 02:50:02,993 - INFO - Epoch 7/50, loss=0.0028, train_acc=0.9994, train_precision=0.8655, train_recall=0.7881, train_f1=0.8250, train_roc_auc=0.9909, train_pr_auc=0.7577, valid_acc=0.9994, valid_precision=0.8052, valid_recall=0.8158, valid_f1=0.8105, valid_roc_auc=0.9874, valid_pr_auc=0.7578
2026-08-22 02:50:16,232 - INFO - Epoch 8/50, loss=0.0029, train_acc=0.9994, train_precision=0.8545, train_recall=0.7781, train_f1=0.8146, train_roc_auc=0.9882, train_pr_auc=0.7674, valid_acc=0.9994, valid_precision=0.7901, valid_recall=0.8421, valid_f1=0.8153, valid_roc_auc=0.9858, valid_pr_auc=0.7646
2026-08-22 02:50:29,524 - INFO - Epoch 9/50, loss=0.0027, train_acc=0.9994, train_precision=0.8592, train_recall=0.7881, train_f1=0.8221, train_roc_auc=0.9897, train_pr_auc=0.7571, valid_acc=0.9994, valid_precision=0.8289, valid_recall=0.8289, valid_f1=0.8289, valid_roc_auc=0.9832, valid_pr_auc=0.7540
2026-08-22 02:50:42,371 - INFO - Epoch 10/50, loss=0.0025, train_acc=0.9995, train_precision=0.8718, train_recall=0.7881, train_f1=0.8278, train_roc_auc=0.9932, train_pr_auc=0.7757, valid_acc=0.9994, valid_precision=0.8000, valid_recall=0.8421, valid_f1=0.8205, valid_roc_auc=0.9857, valid_pr_auc=0.7673
2026-08-22 02:50:55,307 - INFO - Epoch 11: new best validation PR-AUC = 0.7896
2026-08-22 02:50:55,307 - INFO - Epoch 11/50, loss=0.0025, train_acc=0.9995, train_precision=0.8696, train_recall=0.7947, train_f1=0.8304, train_roc_auc=0.9903, train_pr_auc=0.7922, valid_acc=0.9995, valid_precision=0.8514, valid_recall=0.8289, valid_f1=0.8400, valid_roc_auc=0.9832, valid_pr_auc=0.7896
2026-08-22 02:51:07,891 - INFO - Epoch 12: new best validation PR-AUC = 0.7902
2026-08-22 02:51:07,891 - INFO - Epoch 12/50, loss=0.0024, train_acc=0.9994, train_precision=0.8659, train_recall=0.7914, train_f1=0.8270, train_roc_auc=0.9927, train_pr_auc=0.7846, valid_acc=0.9994, valid_precision=0.8312, valid_recall=0.8421, valid_f1=0.8366, valid_roc_auc=0.9847, valid_pr_auc=0.7902
2026-08-22 02:51:21,916 - INFO - Epoch 13: new best validation PR-AUC = 0.7961
2026-08-22 02:51:21,916 - INFO - Epoch 13/50, loss=0.0024, train_acc=0.9995, train_precision=0.8696, train_recall=0.7947, train_f1=0.8304, train_roc_auc=0.9944, train_pr_auc=0.7666, valid_acc=0.9994, valid_precision=0.8400, valid_recall=0.8289, valid_f1=0.8344, valid_roc_auc=0.9835, valid_pr_auc=0.7961
2026-08-22 02:51:35,330 - INFO - Epoch 14/50, loss=0.0024, train_acc=0.9995, train_precision=0.8696, train_recall=0.7947, train_f1=0.8304, train_roc_auc=0.9938, train_pr_auc=0.8019, valid_acc=0.9994, valid_precision=0.8312, valid_recall=0.8421, valid_f1=0.8366, valid_roc_auc=0.9815, valid_pr_auc=0.7950
2026-08-22 02:51:48,417 - INFO - Epoch 15/50, loss=0.0023, train_acc=0.9995, train_precision=0.8824, train_recall=0.7947, train_f1=0.8362, train_roc_auc=0.9930, train_pr_auc=0.7900, valid_acc=0.9995, valid_precision=0.8514, valid_recall=0.8289, valid_f1=0.8400, valid_roc_auc=0.9829, valid_pr_auc=0.7922
2026-08-22 02:52:01,856 - INFO - Epoch 16/50, loss=0.0023, train_acc=0.9995, train_precision=0.8768, train_recall=0.8013, train_f1=0.8374, train_roc_auc=0.9939, train_pr_auc=0.7892, valid_acc=0.9995, valid_precision=0.8533, valid_recall=0.8421, valid_f1=0.8477, valid_roc_auc=0.9829, valid_pr_auc=0.7885
2026-08-22 02:52:15,078 - INFO - Epoch 17/50, loss=0.0022, train_acc=0.9995, train_precision=0.8832, train_recall=0.8013, train_f1=0.8403, train_roc_auc=0.9939, train_pr_auc=0.7879, valid_acc=0.9995, valid_precision=0.8533, valid_recall=0.8421, valid_f1=0.8477, valid_roc_auc=0.9820, valid_pr_auc=0.7889
2026-08-22 02:52:27,540 - INFO - Epoch 18/50, loss=0.0022, train_acc=0.9995, train_precision=0.8832, train_recall=0.8013, train_f1=0.8403, train_roc_auc=0.9945, train_pr_auc=0.7910, valid_acc=0.9995, valid_precision=0.8514, valid_recall=0.8289, valid_f1=0.8400, valid_roc_auc=0.9843, valid_pr_auc=0.7921
2026-08-22 02:52:40,346 - INFO - Epoch 19/50, loss=0.0022, train_acc=0.9995, train_precision=0.8897, train_recall=0.8013, train_f1=0.8432, train_roc_auc=0.9951, train_pr_auc=0.7860, valid_acc=0.9995, valid_precision=0.8514, valid_recall=0.8289, valid_f1=0.8400, valid_roc_auc=0.9816, valid_pr_auc=0.7946
2026-08-22 02:52:53,318 - INFO - Epoch 20/50, loss=0.0022, train_acc=0.9995, train_precision=0.8849, train_recall=0.8146, train_f1=0.8483, train_roc_auc=0.9951, train_pr_auc=0.8039, valid_acc=0.9995, valid_precision=0.8533, valid_recall=0.8421, valid_f1=0.8477, valid_roc_auc=0.9811, valid_pr_auc=0.7934
2026-08-22 02:53:06,632 - INFO - Epoch 21/50, loss=0.0021, train_acc=0.9995, train_precision=0.8841, train_recall=0.8079, train_f1=0.8443, train_roc_auc=0.9967, train_pr_auc=0.8114, valid_acc=0.9995, valid_precision=0.8533, valid_recall=0.8421, valid_f1=0.8477, valid_roc_auc=0.9813, valid_pr_auc=0.7924
2026-08-22 02:53:20,672 - INFO - Epoch 22/50, loss=0.0021, train_acc=0.9995, train_precision=0.8905, train_recall=0.8079, train_f1=0.8472, train_roc_auc=0.9940, train_pr_auc=0.7930, valid_acc=0.9995, valid_precision=0.8421, valid_recall=0.8421, valid_f1=0.8421, valid_roc_auc=0.9816, valid_pr_auc=0.7958
2026-08-22 02:53:34,780 - INFO - Epoch 23/50, loss=0.0021, train_acc=0.9995, train_precision=0.8957, train_recall=0.8245, train_f1=0.8586, train_roc_auc=0.9967, train_pr_auc=0.8160, valid_acc=0.9995, valid_precision=0.8533, valid_recall=0.8421, valid_f1=0.8477, valid_roc_auc=0.9796, valid_pr_auc=0.7916
2026-08-22 02:53:48,733 - INFO - Epoch 24/50, loss=0.0021, train_acc=0.9995, train_precision=0.8877, train_recall=0.8113, train_f1=0.8478, train_roc_auc=0.9963, train_pr_auc=0.8132, valid_acc=0.9995, valid_precision=0.8533, valid_recall=0.8421, valid_f1=0.8477, valid_roc_auc=0.9815, valid_pr_auc=0.7945
2026-08-22 02:54:03,033 - INFO - Epoch 25/50, loss=0.0021, train_acc=0.9995, train_precision=0.8881, train_recall=0.8146, train_f1=0.8497, train_roc_auc=0.9961, train_pr_auc=0.8118, valid_acc=0.9995, valid_precision=0.8533, valid_recall=0.8421, valid_f1=0.8477, valid_roc_auc=0.9814, valid_pr_auc=0.7916
2026-08-22 02:54:17,182 - INFO - Epoch 26/50, loss=0.0021, train_acc=0.9995, train_precision=0.8949, train_recall=0.8179, train_f1=0.8547, train_roc_auc=0.9951, train_pr_auc=0.8037, valid_acc=0.9995, valid_precision=0.8533, valid_recall=0.8421, valid_f1=0.8477, valid_roc_auc=0.9806, valid_pr_auc=0.7901
2026-08-22 02:54:31,128 - INFO - Epoch 27/50, loss=0.0020, train_acc=0.9996, train_precision=0.8932, train_recall=0.8311, train_f1=0.8611, train_roc_auc=0.9960, train_pr_auc=0.7986, valid_acc=0.9995, valid_precision=0.8533, valid_recall=0.8421, valid_f1=0.8477, valid_roc_auc=0.9815, valid_pr_auc=0.7889
2026-08-22 02:54:44,291 - INFO - Epoch 28/50, loss=0.0020, train_acc=0.9995, train_precision=0.8917, train_recall=0.8179, train_f1=0.8532, train_roc_auc=0.9963, train_pr_auc=0.8183, valid_acc=0.9995, valid_precision=0.8533, valid_recall=0.8421, valid_f1=0.8477, valid_roc_auc=0.9805, valid_pr_auc=0.7910
2026-08-22 02:54:57,353 - INFO - Epoch 29/50, loss=0.0021, train_acc=0.9995, train_precision=0.8917, train_recall=0.8179, train_f1=0.8532, train_roc_auc=0.9963, train_pr_auc=0.8054, valid_acc=0.9995, valid_precision=0.8533, valid_recall=0.8421, valid_f1=0.8477, valid_roc_auc=0.9818, valid_pr_auc=0.7920
2026-08-22 02:55:10,521 - INFO - Epoch 30/50, loss=0.0021, train_acc=0.9995, train_precision=0.9041, train_recall=0.8113, train_f1=0.8551, train_roc_auc=0.9965, train_pr_auc=0.8177, valid_acc=0.9995, valid_precision=0.8533, valid_recall=0.8421, valid_f1=0.8477, valid_roc_auc=0.9807, valid_pr_auc=0.7947
2026-08-22 02:55:23,368 - INFO - Epoch 31/50, loss=0.0021, train_acc=0.9995, train_precision=0.8949, train_recall=0.8179, train_f1=0.8547, train_roc_auc=0.9965, train_pr_auc=0.8143, valid_acc=0.9995, valid_precision=0.8533, valid_recall=0.8421, valid_f1=0.8477, valid_roc_auc=0.9824, valid_pr_auc=0.7892
2026-08-22 02:55:36,640 - INFO - Epoch 32/50, loss=0.0021, train_acc=0.9995, train_precision=0.8986, train_recall=0.8212, train_f1=0.8581, train_roc_auc=0.9958, train_pr_auc=0.8209, valid_acc=0.9995, valid_precision=0.8533, valid_recall=0.8421, valid_f1=0.8477, valid_roc_auc=0.9804, valid_pr_auc=0.7958
2026-08-22 02:55:49,566 - INFO - Epoch 33/50, loss=0.0021, train_acc=0.9995, train_precision=0.8917, train_recall=0.8179, train_f1=0.8532, train_roc_auc=0.9967, train_pr_auc=0.8194, valid_acc=0.9995, valid_precision=0.8533, valid_recall=0.8421, valid_f1=0.8477, valid_roc_auc=0.9831, valid_pr_auc=0.7888
2026-08-22 02:56:02,210 - INFO - Epoch 34/50, loss=0.0020, train_acc=0.9995, train_precision=0.8917, train_recall=0.8179, train_f1=0.8532, train_roc_auc=0.9965, train_pr_auc=0.8129, valid_acc=0.9995, valid_precision=0.8533, valid_recall=0.8421, valid_f1=0.8477, valid_roc_auc=0.9814, valid_pr_auc=0.7919
2026-08-22 02:56:15,219 - INFO - Epoch 35/50, loss=0.0020, train_acc=0.9995, train_precision=0.8967, train_recall=0.8046, train_f1=0.8482, train_roc_auc=0.9967, train_pr_auc=0.8148, valid_acc=0.9995, valid_precision=0.8533, valid_recall=0.8421, valid_f1=0.8477, valid_roc_auc=0.9844, valid_pr_auc=0.7872
2026-08-22 02:56:28,163 - INFO - Epoch 36/50, loss=0.0021, train_acc=0.9996, train_precision=0.9022, train_recall=0.8245, train_f1=0.8616, train_roc_auc=0.9964, train_pr_auc=0.8002, valid_acc=0.9995, valid_precision=0.8533, valid_recall=0.8421, valid_f1=0.8477, valid_roc_auc=0.9835, valid_pr_auc=0.7899
2026-08-22 02:56:41,003 - INFO - Epoch 37/50, loss=0.0020, train_acc=0.9996, train_precision=0.8964, train_recall=0.8311, train_f1=0.8625, train_roc_auc=0.9975, train_pr_auc=0.8129, valid_acc=0.9995, valid_precision=0.8533, valid_recall=0.8421, valid_f1=0.8477, valid_roc_auc=0.9834, valid_pr_auc=0.7952
2026-08-22 02:56:54,019 - INFO - Epoch 38/50, loss=0.0020, train_acc=0.9995, train_precision=0.8982, train_recall=0.8179, train_f1=0.8562, train_roc_auc=0.9961, train_pr_auc=0.8063, valid_acc=0.9995, valid_precision=0.8533, valid_recall=0.8421, valid_f1=0.8477, valid_roc_auc=0.9799, valid_pr_auc=0.7918
2026-08-22 02:57:07,672 - INFO - Epoch 39/50, loss=0.0020, train_acc=0.9995, train_precision=0.9011, train_recall=0.8146, train_f1=0.8557, train_roc_auc=0.9967, train_pr_auc=0.8294, valid_acc=0.9995, valid_precision=0.8533, valid_recall=0.8421, valid_f1=0.8477, valid_roc_auc=0.9806, valid_pr_auc=0.7904
2026-08-22 02:57:21,611 - INFO - Epoch 40/50, loss=0.0021, train_acc=0.9995, train_precision=0.9015, train_recall=0.8179, train_f1=0.8576, train_roc_auc=0.9965, train_pr_auc=0.8119, valid_acc=0.9995, valid_precision=0.8533, valid_recall=0.8421, valid_f1=0.8477, valid_roc_auc=0.9807, valid_pr_auc=0.7941
2026-08-22 02:57:35,694 - INFO - Epoch 41/50, loss=0.0020, train_acc=0.9995, train_precision=0.8949, train_recall=0.8179, train_f1=0.8547, train_roc_auc=0.9965, train_pr_auc=0.8058, valid_acc=0.9995, valid_precision=0.8533, valid_recall=0.8421, valid_f1=0.8477, valid_roc_auc=0.9831, valid_pr_auc=0.7881
2026-08-22 02:57:49,627 - INFO - Epoch 42/50, loss=0.0021, train_acc=0.9995, train_precision=0.8938, train_recall=0.8079, train_f1=0.8487, train_roc_auc=0.9946, train_pr_auc=0.8052, valid_acc=0.9995, valid_precision=0.8533, valid_recall=0.8421, valid_f1=0.8477, valid_roc_auc=0.9797, valid_pr_auc=0.7908
2026-08-22 02:58:02,924 - INFO - Epoch 43/50, loss=0.0020, train_acc=0.9995, train_precision=0.8942, train_recall=0.8113, train_f1=0.8507, train_roc_auc=0.9962, train_pr_auc=0.8075, valid_acc=0.9995, valid_precision=0.8533, valid_recall=0.8421, valid_f1=0.8477, valid_roc_auc=0.9809, valid_pr_auc=0.7925
2026-08-22 02:58:16,854 - INFO - Epoch 44/50, loss=0.0021, train_acc=0.9995, train_precision=0.8913, train_recall=0.8146, train_f1=0.8512, train_roc_auc=0.9963, train_pr_auc=0.8132, valid_acc=0.9995, valid_precision=0.8533, valid_recall=0.8421, valid_f1=0.8477, valid_roc_auc=0.9797, valid_pr_auc=0.7936
2026-08-22 02:58:28,700 - INFO - Epoch 45/50, loss=0.0021, train_acc=0.9995, train_precision=0.8957, train_recall=0.8245, train_f1=0.8586, train_roc_auc=0.9963, train_pr_auc=0.8108, valid_acc=0.9995, valid_precision=0.8533, valid_recall=0.8421, valid_f1=0.8477, valid_roc_auc=0.9806, valid_pr_auc=0.7909
2026-08-22 02:58:41,083 - INFO - Epoch 46/50, loss=0.0021, train_acc=0.9995, train_precision=0.8917, train_recall=0.8179, train_f1=0.8532, train_roc_auc=0.9961, train_pr_auc=0.8123, valid_acc=0.9995, valid_precision=0.8533, valid_recall=0.8421, valid_f1=0.8477, valid_roc_auc=0.9799, valid_pr_auc=0.7939
2026-08-22 02:58:54,111 - INFO - Epoch 47/50, loss=0.0020, train_acc=0.9996, train_precision=0.8993, train_recall=0.8278, train_f1=0.8621, train_roc_auc=0.9973, train_pr_auc=0.8100, valid_acc=0.9995, valid_precision=0.8533, valid_recall=0.8421, valid_f1=0.8477, valid_roc_auc=0.9820, valid_pr_auc=0.7910
2026-08-22 02:59:06,889 - INFO - Epoch 48/50, loss=0.0020, train_acc=0.9995, train_precision=0.8938, train_recall=0.8079, train_f1=0.8487, train_roc_auc=0.9963, train_pr_auc=0.8195, valid_acc=0.9995, valid_precision=0.8533, valid_recall=0.8421, valid_f1=0.8477, valid_roc_auc=0.9826, valid_pr_auc=0.7914
2026-08-22 02:59:20,719 - INFO - Epoch 49/50, loss=0.0021, train_acc=0.9995, train_precision=0.8921, train_recall=0.8212, train_f1=0.8552, train_roc_auc=0.9958, train_pr_auc=0.8141, valid_acc=0.9995, valid_precision=0.8533, valid_recall=0.8421, valid_f1=0.8477, valid_roc_auc=0.9795, valid_pr_auc=0.7905
2026-08-22 02:59:33,765 - INFO - Epoch 50/50, loss=0.0021, train_acc=0.9995, train_precision=0.8921, train_recall=0.8212, train_f1=0.8552, train_roc_auc=0.9959, train_pr_auc=0.8113, valid_acc=0.9995, valid_precision=0.8533, valid_recall=0.8421, valid_f1=0.8477, valid_roc_auc=0.9821, valid_pr_auc=0.7906
2026-08-22 02:59:33,765 - INFO - Best epoch: 13
2026-08-22 02:59:33,765 - INFO - Best validation PR-AUC: 0.7961
2026-08-22 02:59:33,765 - INFO - Fold 4 results:
2026-08-22 02:59:33,765 - INFO - accuracy: 0.9994
2026-08-22 02:59:33,765 - INFO - f1: 0.8344
2026-08-22 02:59:33,765 - INFO - pr_auc: 0.7961
2026-08-22 02:59:33,765 - INFO - precision: 0.8400
2026-08-22 02:59:33,765 - INFO - recall: 0.8289
2026-08-22 02:59:33,765 - INFO - roc_auc: 0.9835
2026-08-22 02:59:33,765 - INFO - Model saved to models/fraud_model_index_1_fold_4.pth
2026-08-22 02:59:33,765 - INFO - 
========== Fold 5/5 ==========
2026-08-22 02:59:47,664 - INFO - Epoch 1: new best validation PR-AUC = 0.7805
2026-08-22 02:59:47,664 - INFO - Epoch 1/50, loss=0.0337, train_acc=0.9941, train_precision=0.0089, train_recall=0.0232, train_f1=0.0129, train_roc_auc=0.9120, train_pr_auc=0.0423, valid_acc=0.9983, valid_precision=0.0000, valid_recall=0.0000, valid_f1=0.0000, valid_roc_auc=0.9891, valid_pr_auc=0.7805
2026-08-22 03:00:01,680 - INFO - Epoch 2/50, loss=0.0040, train_acc=0.9983, train_precision=0.0000, train_recall=0.0000, train_f1=0.0000, train_roc_auc=0.9762, train_pr_auc=0.7028, valid_acc=0.9983, valid_precision=0.0000, valid_recall=0.0000, valid_f1=0.0000, valid_roc_auc=0.9905, valid_pr_auc=0.7725
2026-08-22 03:00:15,842 - INFO - Epoch 3: new best validation PR-AUC = 0.7813
2026-08-22 03:00:15,842 - INFO - Epoch 3/50, loss=0.0036, train_acc=0.9984, train_precision=0.8571, train_recall=0.0397, train_f1=0.0759, train_roc_auc=0.9794, train_pr_auc=0.7244, valid_acc=0.9993, valid_precision=0.8772, valid_recall=0.6579, valid_f1=0.7519, valid_roc_auc=0.9966, valid_pr_auc=0.7813
2026-08-22 03:00:30,000 - INFO - Epoch 4: new best validation PR-AUC = 0.7923
2026-08-22 03:00:30,000 - INFO - Epoch 4/50, loss=0.0034, train_acc=0.9993, train_precision=0.8755, train_recall=0.6755, train_f1=0.7626, train_roc_auc=0.9786, train_pr_auc=0.7631, valid_acc=0.9994, valid_precision=0.8228, valid_recall=0.8553, valid_f1=0.8387, valid_roc_auc=0.9958, valid_pr_auc=0.7923
2026-08-22 03:00:42,551 - INFO - Epoch 5: new best validation PR-AUC = 0.7953
2026-08-22 03:00:42,551 - INFO - Epoch 5/50, loss=0.0032, train_acc=0.9994, train_precision=0.8462, train_recall=0.7649, train_f1=0.8035, train_roc_auc=0.9798, train_pr_auc=0.7570, valid_acc=0.9995, valid_precision=0.8250, valid_recall=0.8684, valid_f1=0.8462, valid_roc_auc=0.9964, valid_pr_auc=0.7953
2026-08-22 03:00:54,808 - INFO - Epoch 6/50, loss=0.0031, train_acc=0.9994, train_precision=0.8393, train_recall=0.7781, train_f1=0.8076, train_roc_auc=0.9823, train_pr_auc=0.7184, valid_acc=0.9994, valid_precision=0.8148, valid_recall=0.8684, valid_f1=0.8408, valid_roc_auc=0.9957, valid_pr_auc=0.7928
2026-08-22 03:01:06,643 - INFO - Epoch 7: new best validation PR-AUC = 0.8158
2026-08-22 03:01:06,643 - INFO - Epoch 7/50, loss=0.0029, train_acc=0.9994, train_precision=0.8525, train_recall=0.7848, train_f1=0.8172, train_roc_auc=0.9831, train_pr_auc=0.7408, valid_acc=0.9995, valid_precision=0.8732, valid_recall=0.8158, valid_f1=0.8435, valid_roc_auc=0.9965, valid_pr_auc=0.8158
2026-08-22 03:01:19,211 - INFO - Epoch 8/50, loss=0.0028, train_acc=0.9994, train_precision=0.8509, train_recall=0.7748, train_f1=0.8111, train_roc_auc=0.9838, train_pr_auc=0.7506, valid_acc=0.9994, valid_precision=0.8312, valid_recall=0.8421, valid_f1=0.8366, valid_roc_auc=0.9965, valid_pr_auc=0.8036
2026-08-22 03:01:31,528 - INFO - Epoch 9/50, loss=0.0028, train_acc=0.9994, train_precision=0.8613, train_recall=0.7815, train_f1=0.8194, train_roc_auc=0.9855, train_pr_auc=0.7619, valid_acc=0.9995, valid_precision=0.8533, valid_recall=0.8421, valid_f1=0.8477, valid_roc_auc=0.9964, valid_pr_auc=0.7919
2026-08-22 03:01:44,431 - INFO - Epoch 10/50, loss=0.0027, train_acc=0.9994, train_precision=0.8495, train_recall=0.7848, train_f1=0.8158, train_roc_auc=0.9872, train_pr_auc=0.7727, valid_acc=0.9995, valid_precision=0.8553, valid_recall=0.8553, valid_f1=0.8553, valid_roc_auc=0.9967, valid_pr_auc=0.8003
2026-08-22 03:01:57,432 - INFO - Epoch 11/50, loss=0.0026, train_acc=0.9995, train_precision=0.8691, train_recall=0.7914, train_f1=0.8284, train_roc_auc=0.9895, train_pr_auc=0.7583, valid_acc=0.9995, valid_precision=0.8553, valid_recall=0.8553, valid_f1=0.8553, valid_roc_auc=0.9961, valid_pr_auc=0.8148
2026-08-22 03:02:10,320 - INFO - Epoch 12: new best validation PR-AUC = 0.8214
2026-08-22 03:02:10,320 - INFO - Epoch 12/50, loss=0.0025, train_acc=0.9995, train_precision=0.8723, train_recall=0.7914, train_f1=0.8299, train_roc_auc=0.9899, train_pr_auc=0.7813, valid_acc=0.9995, valid_precision=0.8873, valid_recall=0.8289, valid_f1=0.8571, valid_roc_auc=0.9958, valid_pr_auc=0.8214
2026-08-22 03:02:23,381 - INFO - Epoch 13: new best validation PR-AUC = 0.8257
2026-08-22 03:02:23,381 - INFO - Epoch 13/50, loss=0.0025, train_acc=0.9994, train_precision=0.8659, train_recall=0.7914, train_f1=0.8270, train_roc_auc=0.9898, train_pr_auc=0.7779, valid_acc=0.9995, valid_precision=0.8857, valid_recall=0.8158, valid_f1=0.8493, valid_roc_auc=0.9967, valid_pr_auc=0.8257
2026-08-22 03:02:36,162 - INFO - Epoch 14/50, loss=0.0024, train_acc=0.9995, train_precision=0.8691, train_recall=0.7914, train_f1=0.8284, train_roc_auc=0.9918, train_pr_auc=0.7650, valid_acc=0.9995, valid_precision=0.8873, valid_recall=0.8289, valid_f1=0.8571, valid_roc_auc=0.9969, valid_pr_auc=0.8219
2026-08-22 03:02:49,370 - INFO - Epoch 15/50, loss=0.0024, train_acc=0.9995, train_precision=0.8710, train_recall=0.8046, train_f1=0.8365, train_roc_auc=0.9908, train_pr_auc=0.7819, valid_acc=0.9995, valid_precision=0.8767, valid_recall=0.8421, valid_f1=0.8591, valid_roc_auc=0.9968, valid_pr_auc=0.8233
2026-08-22 03:03:02,866 - INFO - Epoch 16/50, loss=0.0024, train_acc=0.9995, train_precision=0.8741, train_recall=0.8046, train_f1=0.8379, train_roc_auc=0.9899, train_pr_auc=0.7876, valid_acc=0.9995, valid_precision=0.8857, valid_recall=0.8158, valid_f1=0.8493, valid_roc_auc=0.9964, valid_pr_auc=0.8243
2026-08-22 03:03:16,978 - INFO - Epoch 17: new best validation PR-AUC = 0.8283
2026-08-22 03:03:16,978 - INFO - Epoch 17/50, loss=0.0023, train_acc=0.9995, train_precision=0.8764, train_recall=0.7980, train_f1=0.8354, train_roc_auc=0.9926, train_pr_auc=0.7907, valid_acc=0.9995, valid_precision=0.8630, valid_recall=0.8289, valid_f1=0.8456, valid_roc_auc=0.9968, valid_pr_auc=0.8283
2026-08-22 03:03:31,200 - INFO - Epoch 18: new best validation PR-AUC = 0.8284
2026-08-22 03:03:31,200 - INFO - Epoch 18/50, loss=0.0022, train_acc=0.9995, train_precision=0.8849, train_recall=0.8146, train_f1=0.8483, train_roc_auc=0.9924, train_pr_auc=0.7915, valid_acc=0.9995, valid_precision=0.8553, valid_recall=0.8553, valid_f1=0.8553, valid_roc_auc=0.9971, valid_pr_auc=0.8284
2026-08-22 03:03:45,307 - INFO - Epoch 19/50, loss=0.0022, train_acc=0.9995, train_precision=0.8877, train_recall=0.8113, train_f1=0.8478, train_roc_auc=0.9934, train_pr_auc=0.8127, valid_acc=0.9995, valid_precision=0.8649, valid_recall=0.8421, valid_f1=0.8533, valid_roc_auc=0.9962, valid_pr_auc=0.8277
2026-08-22 03:03:59,305 - INFO - Epoch 20/50, loss=0.0022, train_acc=0.9995, train_precision=0.8821, train_recall=0.8179, train_f1=0.8488, train_roc_auc=0.9935, train_pr_auc=0.7979, valid_acc=0.9995, valid_precision=0.8630, valid_recall=0.8289, valid_f1=0.8456, valid_roc_auc=0.9968, valid_pr_auc=0.8273
2026-08-22 03:04:13,208 - INFO - Epoch 21: new best validation PR-AUC = 0.8317
2026-08-22 03:04:13,208 - INFO - Epoch 21/50, loss=0.0022, train_acc=0.9995, train_precision=0.8909, train_recall=0.8113, train_f1=0.8492, train_roc_auc=0.9954, train_pr_auc=0.8205, valid_acc=0.9995, valid_precision=0.8630, valid_recall=0.8289, valid_f1=0.8456, valid_roc_auc=0.9964, valid_pr_auc=0.8317
2026-08-22 03:04:27,454 - INFO - Epoch 22/50, loss=0.0021, train_acc=0.9995, train_precision=0.8836, train_recall=0.8046, train_f1=0.8423, train_roc_auc=0.9926, train_pr_auc=0.8243, valid_acc=0.9995, valid_precision=0.8630, valid_recall=0.8289, valid_f1=0.8456, valid_roc_auc=0.9967, valid_pr_auc=0.8307
2026-08-22 03:04:41,592 - INFO - Epoch 23/50, loss=0.0021, train_acc=0.9995, train_precision=0.8834, train_recall=0.8278, train_f1=0.8547, train_roc_auc=0.9948, train_pr_auc=0.8297, valid_acc=0.9995, valid_precision=0.8873, valid_recall=0.8289, valid_f1=0.8571, valid_roc_auc=0.9971, valid_pr_auc=0.8303
2026-08-22 03:04:55,539 - INFO - Epoch 24: new best validation PR-AUC = 0.8319
2026-08-22 03:04:55,539 - INFO - Epoch 24/50, loss=0.0021, train_acc=0.9995, train_precision=0.8897, train_recall=0.8278, train_f1=0.8576, train_roc_auc=0.9957, train_pr_auc=0.8258, valid_acc=0.9995, valid_precision=0.8767, valid_recall=0.8421, valid_f1=0.8591, valid_roc_auc=0.9970, valid_pr_auc=0.8319
2026-08-22 03:05:07,863 - INFO - Epoch 25: new best validation PR-AUC = 0.8324
2026-08-22 03:05:07,863 - INFO - Epoch 25/50, loss=0.0021, train_acc=0.9995, train_precision=0.8925, train_recall=0.8245, train_f1=0.8571, train_roc_auc=0.9951, train_pr_auc=0.8229, valid_acc=0.9995, valid_precision=0.8750, valid_recall=0.8289, valid_f1=0.8514, valid_roc_auc=0.9973, valid_pr_auc=0.8324
2026-08-22 03:05:21,998 - INFO - Epoch 26/50, loss=0.0021, train_acc=0.9995, train_precision=0.8949, train_recall=0.8179, train_f1=0.8547, train_roc_auc=0.9950, train_pr_auc=0.8331, valid_acc=0.9995, valid_precision=0.8767, valid_recall=0.8421, valid_f1=0.8591, valid_roc_auc=0.9970, valid_pr_auc=0.8299
2026-08-22 03:05:36,193 - INFO - Epoch 27/50, loss=0.0020, train_acc=0.9995, train_precision=0.8889, train_recall=0.8212, train_f1=0.8537, train_roc_auc=0.9956, train_pr_auc=0.8407, valid_acc=0.9995, valid_precision=0.8767, valid_recall=0.8421, valid_f1=0.8591, valid_roc_auc=0.9969, valid_pr_auc=0.8316
2026-08-22 03:05:50,328 - INFO - Epoch 28/50, loss=0.0021, train_acc=0.9996, train_precision=0.9022, train_recall=0.8245, train_f1=0.8616, train_roc_auc=0.9935, train_pr_auc=0.8282, valid_acc=0.9995, valid_precision=0.8649, valid_recall=0.8421, valid_f1=0.8533, valid_roc_auc=0.9963, valid_pr_auc=0.8295
2026-08-22 03:06:04,467 - INFO - Epoch 29/50, loss=0.0021, train_acc=0.9996, train_precision=0.8936, train_recall=0.8344, train_f1=0.8630, train_roc_auc=0.9960, train_pr_auc=0.8327, valid_acc=0.9996, valid_precision=0.8889, valid_recall=0.8421, valid_f1=0.8649, valid_roc_auc=0.9969, valid_pr_auc=0.8311
2026-08-22 03:06:18,879 - INFO - Epoch 30/50, loss=0.0020, train_acc=0.9996, train_precision=0.8975, train_recall=0.8411, train_f1=0.8684, train_roc_auc=0.9955, train_pr_auc=0.8349, valid_acc=0.9995, valid_precision=0.8767, valid_recall=0.8421, valid_f1=0.8591, valid_roc_auc=0.9966, valid_pr_auc=0.8303
2026-08-22 03:06:32,219 - INFO - Epoch 31/50, loss=0.0020, train_acc=0.9996, train_precision=0.8944, train_recall=0.8411, train_f1=0.8669, train_roc_auc=0.9950, train_pr_auc=0.8394, valid_acc=0.9996, valid_precision=0.8889, valid_recall=0.8421, valid_f1=0.8649, valid_roc_auc=0.9968, valid_pr_auc=0.8323
2026-08-22 03:06:44,508 - INFO - Epoch 32/50, loss=0.0020, train_acc=0.9996, train_precision=0.9036, train_recall=0.8377, train_f1=0.8694, train_roc_auc=0.9965, train_pr_auc=0.8453, valid_acc=0.9996, valid_precision=0.8889, valid_recall=0.8421, valid_f1=0.8649, valid_roc_auc=0.9966, valid_pr_auc=0.8301
2026-08-22 03:06:58,844 - INFO - Epoch 33/50, loss=0.0020, train_acc=0.9996, train_precision=0.8964, train_recall=0.8311, train_f1=0.8625, train_roc_auc=0.9965, train_pr_auc=0.8388, valid_acc=0.9995, valid_precision=0.8667, valid_recall=0.8553, valid_f1=0.8609, valid_roc_auc=0.9967, valid_pr_auc=0.8301
2026-08-22 03:07:11,920 - INFO - Epoch 34/50, loss=0.0020, train_acc=0.9996, train_precision=0.8961, train_recall=0.8278, train_f1=0.8606, train_roc_auc=0.9971, train_pr_auc=0.8495, valid_acc=0.9995, valid_precision=0.8767, valid_recall=0.8421, valid_f1=0.8591, valid_roc_auc=0.9965, valid_pr_auc=0.8316
2026-08-22 03:07:25,154 - INFO - Epoch 35: new best validation PR-AUC = 0.8336
2026-08-22 03:07:25,154 - INFO - Epoch 35/50, loss=0.0020, train_acc=0.9996, train_precision=0.9007, train_recall=0.8411, train_f1=0.8699, train_roc_auc=0.9959, train_pr_auc=0.8457, valid_acc=0.9996, valid_precision=0.8889, valid_recall=0.8421, valid_f1=0.8649, valid_roc_auc=0.9968, valid_pr_auc=0.8336
2026-08-22 03:07:37,999 - INFO - Epoch 36/50, loss=0.0019, train_acc=0.9996, train_precision=0.8964, train_recall=0.8311, train_f1=0.8625, train_roc_auc=0.9964, train_pr_auc=0.8449, valid_acc=0.9995, valid_precision=0.8649, valid_recall=0.8421, valid_f1=0.8533, valid_roc_auc=0.9965, valid_pr_auc=0.8327
2026-08-22 03:07:50,938 - INFO - Epoch 37/50, loss=0.0020, train_acc=0.9996, train_precision=0.8936, train_recall=0.8344, train_f1=0.8630, train_roc_auc=0.9953, train_pr_auc=0.8409, valid_acc=0.9995, valid_precision=0.8767, valid_recall=0.8421, valid_f1=0.8591, valid_roc_auc=0.9964, valid_pr_auc=0.8306
2026-08-22 03:08:04,390 - INFO - Epoch 38/50, loss=0.0020, train_acc=0.9996, train_precision=0.8996, train_recall=0.8311, train_f1=0.8640, train_roc_auc=0.9956, train_pr_auc=0.8376, valid_acc=0.9995, valid_precision=0.8767, valid_recall=0.8421, valid_f1=0.8591, valid_roc_auc=0.9964, valid_pr_auc=0.8304
2026-08-22 03:08:18,708 - INFO - Epoch 39/50, loss=0.0021, train_acc=0.9996, train_precision=0.8940, train_recall=0.8377, train_f1=0.8650, train_roc_auc=0.9928, train_pr_auc=0.8427, valid_acc=0.9996, valid_precision=0.8889, valid_recall=0.8421, valid_f1=0.8649, valid_roc_auc=0.9969, valid_pr_auc=0.8335
2026-08-22 03:08:32,679 - INFO - Epoch 40/50, loss=0.0020, train_acc=0.9995, train_precision=0.8929, train_recall=0.8278, train_f1=0.8591, train_roc_auc=0.9958, train_pr_auc=0.8465, valid_acc=0.9996, valid_precision=0.8784, valid_recall=0.8553, valid_f1=0.8667, valid_roc_auc=0.9967, valid_pr_auc=0.8326
2026-08-22 03:08:46,943 - INFO - Epoch 41/50, loss=0.0020, train_acc=0.9996, train_precision=0.8968, train_recall=0.8344, train_f1=0.8645, train_roc_auc=0.9958, train_pr_auc=0.8392, valid_acc=0.9996, valid_precision=0.8889, valid_recall=0.8421, valid_f1=0.8649, valid_roc_auc=0.9967, valid_pr_auc=0.8320
2026-08-22 03:09:00,537 - INFO - Epoch 42/50, loss=0.0020, train_acc=0.9996, train_precision=0.8975, train_recall=0.8411, train_f1=0.8684, train_roc_auc=0.9950, train_pr_auc=0.8443, valid_acc=0.9995, valid_precision=0.8857, valid_recall=0.8158, valid_f1=0.8493, valid_roc_auc=0.9965, valid_pr_auc=0.8302
2026-08-22 03:09:12,383 - INFO - Epoch 43/50, loss=0.0020, train_acc=0.9996, train_precision=0.9000, train_recall=0.8344, train_f1=0.8660, train_roc_auc=0.9957, train_pr_auc=0.8452, valid_acc=0.9995, valid_precision=0.8767, valid_recall=0.8421, valid_f1=0.8591, valid_roc_auc=0.9970, valid_pr_auc=0.8334
2026-08-22 03:09:26,002 - INFO - Epoch 44/50, loss=0.0020, train_acc=0.9996, train_precision=0.8968, train_recall=0.8344, train_f1=0.8645, train_roc_auc=0.9962, train_pr_auc=0.8447, valid_acc=0.9996, valid_precision=0.8784, valid_recall=0.8553, valid_f1=0.8667, valid_roc_auc=0.9966, valid_pr_auc=0.8311
2026-08-22 03:09:39,834 - INFO - Epoch 45/50, loss=0.0020, train_acc=0.9996, train_precision=0.9039, train_recall=0.8411, train_f1=0.8714, train_roc_auc=0.9967, train_pr_auc=0.8426, valid_acc=0.9996, valid_precision=0.8889, valid_recall=0.8421, valid_f1=0.8649, valid_roc_auc=0.9965, valid_pr_auc=0.8316
2026-08-22 03:09:53,791 - INFO - Epoch 46/50, loss=0.0019, train_acc=0.9996, train_precision=0.9007, train_recall=0.8411, train_f1=0.8699, train_roc_auc=0.9967, train_pr_auc=0.8429, valid_acc=0.9995, valid_precision=0.8767, valid_recall=0.8421, valid_f1=0.8591, valid_roc_auc=0.9970, valid_pr_auc=0.8333
2026-08-22 03:10:07,463 - INFO - Epoch 47/50, loss=0.0019, train_acc=0.9996, train_precision=0.8972, train_recall=0.8377, train_f1=0.8664, train_roc_auc=0.9958, train_pr_auc=0.8546, valid_acc=0.9995, valid_precision=0.8857, valid_recall=0.8158, valid_f1=0.8493, valid_roc_auc=0.9966, valid_pr_auc=0.8292
2026-08-22 03:10:19,552 - INFO - Epoch 48/50, loss=0.0019, train_acc=0.9996, train_precision=0.9004, train_recall=0.8377, train_f1=0.8679, train_roc_auc=0.9970, train_pr_auc=0.8553, valid_acc=0.9995, valid_precision=0.8767, valid_recall=0.8421, valid_f1=0.8591, valid_roc_auc=0.9966, valid_pr_auc=0.8298
2026-08-22 03:10:31,973 - INFO - Epoch 49: new best validation PR-AUC = 0.8349
2026-08-22 03:10:31,973 - INFO - Epoch 49/50, loss=0.0019, train_acc=0.9996, train_precision=0.8979, train_recall=0.8444, train_f1=0.8703, train_roc_auc=0.9972, train_pr_auc=0.8531, valid_acc=0.9995, valid_precision=0.8767, valid_recall=0.8421, valid_f1=0.8591, valid_roc_auc=0.9970, valid_pr_auc=0.8349
2026-08-22 03:10:43,763 - INFO - Epoch 50/50, loss=0.0020, train_acc=0.9995, train_precision=0.8957, train_recall=0.8245, train_f1=0.8586, train_roc_auc=0.9950, train_pr_auc=0.8417, valid_acc=0.9996, valid_precision=0.8889, valid_recall=0.8421, valid_f1=0.8649, valid_roc_auc=0.9967, valid_pr_auc=0.8317
2026-08-22 03:10:43,763 - INFO - Best epoch: 49
2026-08-22 03:10:43,763 - INFO - Best validation  PR-AUC:: 0.8349
2026-08-22 03:10:43,763 - INFO - Fold 5 results:
2026-08-22 03:10:43,763 - INFO - accuracy: 0.9995
2026-08-22 03:10:43,763 - INFO - f1: 0.8591
2026-08-22 03:10:43,763 - INFO - pr_auc: 0.8349
2026-08-22 03:10:43,763 - INFO - precision: 0.8767
2026-08-22 03:10:43,763 - INFO - recall: 0.8421
2026-08-22 03:10:43,763 - INFO - roc_auc: 0.9970
2026-08-22 03:10:43,763 - INFO - Model saved to models/fraud_model_index_1_fold_5.pth
2026-08-22 03:10:43,763 - INFO - ================== Training Model 2 ==================
2026-08-22 03:10:43,794 - INFO - 
========== Fold 1/5 ==========
2026-08-22 03:10:55,559 - INFO - Epoch 1: new best validation PR-AUC = 0.7236
2026-08-22 03:10:55,559 - INFO - Epoch 1/50, loss=0.0145, train_acc=0.9983, train_precision=0.0000, train_recall=0.0000, train_f1=0.0000, train_roc_auc=0.9447, train_pr_auc=0.3820, valid_acc=0.9983, valid_precision=0.0000, valid_recall=0.0000, valid_f1=0.0000, valid_roc_auc=0.9653, valid_pr_auc=0.7236
2026-08-22 03:11:07,864 - INFO - Epoch 2: new best validation PR-AUC = 0.7479
2026-08-22 03:11:07,864 - INFO - Epoch 2/50, loss=0.0035, train_acc=0.9988, train_precision=0.8636, train_recall=0.3135, train_f1=0.4600, train_roc_auc=0.9727, train_pr_auc=0.7292, valid_acc=0.9990, valid_precision=0.8780, valid_recall=0.4800, valid_f1=0.6207, valid_roc_auc=0.9629, valid_pr_auc=0.7479
2026-08-22 03:11:22,017 - INFO - Epoch 3: new best validation PR-AUC = 0.7592
2026-08-22 03:11:22,017 - INFO - Epoch 3/50, loss=0.0031, train_acc=0.9993, train_precision=0.8262, train_recall=0.7690, train_f1=0.7966, train_roc_auc=0.9821, train_pr_auc=0.7288, valid_acc=0.9995, valid_precision=0.9048, valid_recall=0.7600, valid_f1=0.8261, valid_roc_auc=0.9736, valid_pr_auc=0.7592
2026-08-22 03:11:35,226 - INFO - Epoch 4: new best validation PR-AUC = 0.7744
2026-08-22 03:11:35,226 - INFO - Epoch 4/50, loss=0.0029, train_acc=0.9994, train_precision=0.8397, train_recall=0.7954, train_f1=0.8169, train_roc_auc=0.9853, train_pr_auc=0.7206, valid_acc=0.9995, valid_precision=0.8841, valid_recall=0.8133, valid_f1=0.8472, valid_roc_auc=0.9812, valid_pr_auc=0.7744
2026-08-22 03:11:48,116 - INFO - Epoch 5/50, loss=0.0028, train_acc=0.9994, train_precision=0.8333, train_recall=0.7921, train_f1=0.8122, train_roc_auc=0.9880, train_pr_auc=0.7441, valid_acc=0.9995, valid_precision=0.9062, valid_recall=0.7733, valid_f1=0.8345, valid_roc_auc=0.9768, valid_pr_auc=0.7724
2026-08-22 03:12:01,381 - INFO - Epoch 6/50, loss=0.0028, train_acc=0.9994, train_precision=0.8351, train_recall=0.7855, train_f1=0.8095, train_roc_auc=0.9864, train_pr_auc=0.7546, valid_acc=0.9995, valid_precision=0.9048, valid_recall=0.7600, valid_f1=0.8261, valid_roc_auc=0.9708, valid_pr_auc=0.7629
2026-08-22 03:12:14,350 - INFO - Epoch 7/50, loss=0.0027, train_acc=0.9994, train_precision=0.8322, train_recall=0.7855, train_f1=0.8081, train_roc_auc=0.9895, train_pr_auc=0.7500, valid_acc=0.9995, valid_precision=0.9077, valid_recall=0.7867, valid_f1=0.8429, valid_roc_auc=0.9673, valid_pr_auc=0.7716
2026-08-22 03:12:26,959 - INFO - Epoch 8: new best validation PR-AUC = 0.7846
2026-08-22 03:12:26,959 - INFO - Epoch 8/50, loss=0.0026, train_acc=0.9994, train_precision=0.8362, train_recall=0.7921, train_f1=0.8136, train_roc_auc=0.9901, train_pr_auc=0.7804, valid_acc=0.9995, valid_precision=0.9091, valid_recall=0.8000, valid_f1=0.8511, valid_roc_auc=0.9709, valid_pr_auc=0.7846
2026-08-22 03:12:39,689 - INFO - Epoch 9: new best validation PR-AUC = 0.8052
2026-08-22 03:12:39,689 - INFO - Epoch 9/50, loss=0.0025, train_acc=0.9994, train_precision=0.8403, train_recall=0.7987, train_f1=0.8190, train_roc_auc=0.9914, train_pr_auc=0.8073, valid_acc=0.9995, valid_precision=0.9091, valid_recall=0.8000, valid_f1=0.8511, valid_roc_auc=0.9749, valid_pr_auc=0.8052
2026-08-22 03:12:52,931 - INFO - Epoch 10: new best validation PR-AUC = 0.8160
2026-08-22 03:12:52,931 - INFO - Epoch 10/50, loss=0.0025, train_acc=0.9994, train_precision=0.8432, train_recall=0.7987, train_f1=0.8203, train_roc_auc=0.9911, train_pr_auc=0.8319, valid_acc=0.9994, valid_precision=0.8966, valid_recall=0.6933, valid_f1=0.7820, valid_roc_auc=0.9756, valid_pr_auc=0.8160
2026-08-22 03:13:05,448 - INFO - Epoch 11: new best validation PR-AUC = 0.8166
2026-08-22 03:13:05,448 - INFO - Epoch 11/50, loss=0.0024, train_acc=0.9994, train_precision=0.8582, train_recall=0.7987, train_f1=0.8274, train_roc_auc=0.9904, train_pr_auc=0.8362, valid_acc=0.9994, valid_precision=0.9032, valid_recall=0.7467, valid_f1=0.8175, valid_roc_auc=0.9740, valid_pr_auc=0.8166
2026-08-22 03:13:17,508 - INFO - Epoch 12: new best validation PR-AUC = 0.8178
2026-08-22 03:13:17,510 - INFO - Epoch 12/50, loss=0.0024, train_acc=0.9994, train_precision=0.8633, train_recall=0.7921, train_f1=0.8262, train_roc_auc=0.9912, train_pr_auc=0.8451, valid_acc=0.9995, valid_precision=0.8955, valid_recall=0.8000, valid_f1=0.8451, valid_roc_auc=0.9757, valid_pr_auc=0.8178
2026-08-22 03:13:31,259 - INFO - Epoch 13: new best validation PR-AUC = 0.8315
2026-08-22 03:13:31,259 - INFO - Epoch 13/50, loss=0.0023, train_acc=0.9994, train_precision=0.8592, train_recall=0.7855, train_f1=0.8207, train_roc_auc=0.9914, train_pr_auc=0.8434, valid_acc=0.9994, valid_precision=0.9310, valid_recall=0.7200, valid_f1=0.8120, valid_roc_auc=0.9759, valid_pr_auc=0.8315
2026-08-22 03:13:45,233 - INFO - Epoch 14/50, loss=0.0023, train_acc=0.9995, train_precision=0.8754, train_recall=0.8119, train_f1=0.8425, train_roc_auc=0.9926, train_pr_auc=0.8560, valid_acc=0.9995, valid_precision=0.9091, valid_recall=0.8000, valid_f1=0.8511, valid_roc_auc=0.9703, valid_pr_auc=0.8189
2026-08-22 03:13:59,131 - INFO - Epoch 15/50, loss=0.0022, train_acc=0.9994, train_precision=0.8859, train_recall=0.7690, train_f1=0.8233, train_roc_auc=0.9929, train_pr_auc=0.8605, valid_acc=0.9995, valid_precision=0.8955, valid_recall=0.8000, valid_f1=0.8451, valid_roc_auc=0.9747, valid_pr_auc=0.8290
2026-08-22 03:14:12,831 - INFO - Epoch 16: new best validation PR-AUC = 0.8329
2026-08-22 03:14:12,831 - INFO - Epoch 16/50, loss=0.0022, train_acc=0.9995, train_precision=0.8819, train_recall=0.7888, train_f1=0.8328, train_roc_auc=0.9903, train_pr_auc=0.8646, valid_acc=0.9994, valid_precision=0.9630, valid_recall=0.6933, valid_f1=0.8062, valid_roc_auc=0.9729, valid_pr_auc=0.8329
2026-08-22 03:14:26,863 - INFO - Epoch 17/50, loss=0.0022, train_acc=0.9995, train_precision=0.8828, train_recall=0.7954, train_f1=0.8368, train_roc_auc=0.9932, train_pr_auc=0.8711, valid_acc=0.9995, valid_precision=0.9091, valid_recall=0.8000, valid_f1=0.8511, valid_roc_auc=0.9721, valid_pr_auc=0.8276
2026-08-22 03:14:39,840 - INFO - Epoch 18/50, loss=0.0021, train_acc=0.9995, train_precision=0.9026, train_recall=0.7954, train_f1=0.8456, train_roc_auc=0.9930, train_pr_auc=0.8645, valid_acc=0.9995, valid_precision=0.9333, valid_recall=0.7467, valid_f1=0.8296, valid_roc_auc=0.9718, valid_pr_auc=0.8308
2026-08-22 03:14:51,905 - INFO - Epoch 19: new best validation PR-AUC = 0.8350
2026-08-22 03:14:51,905 - INFO - Epoch 19/50, loss=0.0021, train_acc=0.9995, train_precision=0.8922, train_recall=0.7921, train_f1=0.8392, train_roc_auc=0.9928, train_pr_auc=0.8752, valid_acc=0.9994, valid_precision=0.9630, valid_recall=0.6933, valid_f1=0.8062, valid_roc_auc=0.9754, valid_pr_auc=0.8350
2026-08-22 03:15:05,335 - INFO - Epoch 20: new best validation PR-AUC = 0.8357
2026-08-22 03:15:05,335 - INFO - Epoch 20/50, loss=0.0021, train_acc=0.9996, train_precision=0.9111, train_recall=0.8119, train_f1=0.8586, train_roc_auc=0.9927, train_pr_auc=0.8737, valid_acc=0.9993, valid_precision=0.9583, valid_recall=0.6133, valid_f1=0.7480, valid_roc_auc=0.9713, valid_pr_auc=0.8357
2026-08-22 03:15:18,153 - INFO - Epoch 21: new best validation PR-AUC = 0.8371
2026-08-22 03:15:18,153 - INFO - Epoch 21/50, loss=0.0020, train_acc=0.9996, train_precision=0.9254, train_recall=0.8185, train_f1=0.8687, train_roc_auc=0.9923, train_pr_auc=0.8811, valid_acc=0.9996, valid_precision=0.9661, valid_recall=0.7600, valid_f1=0.8507, valid_roc_auc=0.9690, valid_pr_auc=0.8371
2026-08-22 03:15:31,125 - INFO - Epoch 22/50, loss=0.0020, train_acc=0.9996, train_precision=0.9305, train_recall=0.7954, train_f1=0.8577, train_roc_auc=0.9940, train_pr_auc=0.8761, valid_acc=0.9995, valid_precision=0.9344, valid_recall=0.7600, valid_f1=0.8382, valid_roc_auc=0.9672, valid_pr_auc=0.8272
2026-08-22 03:15:44,060 - INFO - Epoch 23: new best validation PR-AUC = 0.8414
2026-08-22 03:15:44,060 - INFO - Epoch 23/50, loss=0.0020, train_acc=0.9996, train_precision=0.9182, train_recall=0.8152, train_f1=0.8636, train_roc_auc=0.9955, train_pr_auc=0.8829, valid_acc=0.9996, valid_precision=0.9365, valid_recall=0.7867, valid_f1=0.8551, valid_roc_auc=0.9696, valid_pr_auc=0.8414
2026-08-22 03:15:56,651 - INFO - Epoch 24/50, loss=0.0020, train_acc=0.9996, train_precision=0.9225, train_recall=0.8251, train_f1=0.8711, train_roc_auc=0.9939, train_pr_auc=0.8873, valid_acc=0.9996, valid_precision=0.9375, valid_recall=0.8000, valid_f1=0.8633, valid_roc_auc=0.9684, valid_pr_auc=0.8318
2026-08-22 03:16:09,383 - INFO - Epoch 25: new best validation PR-AUC = 0.8442
2026-08-22 03:16:09,383 - INFO - Epoch 25/50, loss=0.0019, train_acc=0.9996, train_precision=0.9299, train_recall=0.8317, train_f1=0.8780, train_roc_auc=0.9947, train_pr_auc=0.8884, valid_acc=0.9995, valid_precision=0.9344, valid_recall=0.7600, valid_f1=0.8382, valid_roc_auc=0.9598, valid_pr_auc=0.8442
2026-08-22 03:16:22,665 - INFO - Epoch 26/50, loss=0.0019, train_acc=0.9996, train_precision=0.9185, train_recall=0.8185, train_f1=0.8656, train_roc_auc=0.9945, train_pr_auc=0.8888, valid_acc=0.9995, valid_precision=0.9500, valid_recall=0.7600, valid_f1=0.8444, valid_roc_auc=0.9639, valid_pr_auc=0.8404
2026-08-22 03:16:35,742 - INFO - Epoch 27/50, loss=0.0018, train_acc=0.9996, train_precision=0.9262, train_recall=0.8284, train_f1=0.8746, train_roc_auc=0.9943, train_pr_auc=0.8966, valid_acc=0.9996, valid_precision=0.9375, valid_recall=0.8000, valid_f1=0.8633, valid_roc_auc=0.9682, valid_pr_auc=0.8414
2026-08-22 03:16:48,837 - INFO - Epoch 28: new best validation PR-AUC = 0.8450
2026-08-22 03:16:48,837 - INFO - Epoch 28/50, loss=0.0019, train_acc=0.9996, train_precision=0.9205, train_recall=0.8020, train_f1=0.8571, train_roc_auc=0.9958, train_pr_auc=0.8913, valid_acc=0.9995, valid_precision=0.9344, valid_recall=0.7600, valid_f1=0.8382, valid_roc_auc=0.9674, valid_pr_auc=0.8450
2026-08-22 03:17:01,506 - INFO - Epoch 29/50, loss=0.0019, train_acc=0.9996, train_precision=0.9326, train_recall=0.8218, train_f1=0.8737, train_roc_auc=0.9948, train_pr_auc=0.8942, valid_acc=0.9995, valid_precision=0.9500, valid_recall=0.7600, valid_f1=0.8444, valid_roc_auc=0.9575, valid_pr_auc=0.8298
2026-08-22 03:17:14,473 - INFO - Epoch 30/50, loss=0.0018, train_acc=0.9996, train_precision=0.9176, train_recall=0.8086, train_f1=0.8596, train_roc_auc=0.9944, train_pr_auc=0.8995, valid_acc=0.9996, valid_precision=0.9375, valid_recall=0.8000, valid_f1=0.8633, valid_roc_auc=0.9639, valid_pr_auc=0.8423
2026-08-22 03:17:27,443 - INFO - Epoch 31/50, loss=0.0018, train_acc=0.9996, train_precision=0.9294, train_recall=0.8251, train_f1=0.8741, train_roc_auc=0.9948, train_pr_auc=0.8954, valid_acc=0.9995, valid_precision=1.0000, valid_recall=0.6800, valid_f1=0.8095, valid_roc_auc=0.9695, valid_pr_auc=0.8390
2026-08-22 03:17:40,313 - INFO - Epoch 32/50, loss=0.0016, train_acc=0.9997, train_precision=0.9348, train_recall=0.8515, train_f1=0.8912, train_roc_auc=0.9973, train_pr_auc=0.9184, valid_acc=0.9993, valid_precision=0.9778, valid_recall=0.5867, valid_f1=0.7333, valid_roc_auc=0.9646, valid_pr_auc=0.8399
2026-08-22 03:17:53,361 - INFO - Epoch 33: new best validation PR-AUC = 0.8452
2026-08-22 03:17:53,361 - INFO - Epoch 33/50, loss=0.0016, train_acc=0.9996, train_precision=0.9442, train_recall=0.8383, train_f1=0.8881, train_roc_auc=0.9978, train_pr_auc=0.9149, valid_acc=0.9996, valid_precision=0.9375, valid_recall=0.8000, valid_f1=0.8633, valid_roc_auc=0.9737, valid_pr_auc=0.8452
2026-08-22 03:18:06,845 - INFO - Epoch 34/50, loss=0.0015, train_acc=0.9997, train_precision=0.9412, train_recall=0.8449, train_f1=0.8904, train_roc_auc=0.9982, train_pr_auc=0.9192, valid_acc=0.9996, valid_precision=0.9508, valid_recall=0.7733, valid_f1=0.8529, valid_roc_auc=0.9681, valid_pr_auc=0.8442
2026-08-22 03:18:20,549 - INFO - Epoch 35/50, loss=0.0016, train_acc=0.9997, train_precision=0.9446, train_recall=0.8449, train_f1=0.8920, train_roc_auc=0.9967, train_pr_auc=0.9177, valid_acc=0.9996, valid_precision=0.9375, valid_recall=0.8000, valid_f1=0.8633, valid_roc_auc=0.9687, valid_pr_auc=0.8370
2026-08-22 03:18:33,973 - INFO - Epoch 36/50, loss=0.0015, train_acc=0.9997, train_precision=0.9451, train_recall=0.8515, train_f1=0.8958, train_roc_auc=0.9970, train_pr_auc=0.9171, valid_acc=0.9996, valid_precision=1.0000, valid_recall=0.7467, valid_f1=0.8550, valid_roc_auc=0.9688, valid_pr_auc=0.8404
2026-08-22 03:18:46,456 - INFO - Epoch 37: new best validation PR-AUC = 0.8459
2026-08-22 03:18:46,456 - INFO - Epoch 37/50, loss=0.0014, train_acc=0.9997, train_precision=0.9567, train_recall=0.8746, train_f1=0.9138, train_roc_auc=0.9974, train_pr_auc=0.9284, valid_acc=0.9996, valid_precision=0.9828, valid_recall=0.7600, valid_f1=0.8571, valid_roc_auc=0.9714, valid_pr_auc=0.8459
2026-08-22 03:18:59,422 - INFO - Epoch 38/50, loss=0.0014, train_acc=0.9997, train_precision=0.9560, train_recall=0.8614, train_f1=0.9062, train_roc_auc=0.9977, train_pr_auc=0.9249, valid_acc=0.9996, valid_precision=0.9524, valid_recall=0.8000, valid_f1=0.8696, valid_roc_auc=0.9658, valid_pr_auc=0.8415
2026-08-22 03:19:12,410 - INFO - Epoch 39: new best validation PR-AUC = 0.8494
2026-08-22 03:19:12,410 - INFO - Epoch 39/50, loss=0.0014, train_acc=0.9997, train_precision=0.9628, train_recall=0.8548, train_f1=0.9056, train_roc_auc=0.9977, train_pr_auc=0.9282, valid_acc=0.9996, valid_precision=0.9375, valid_recall=0.8000, valid_f1=0.8633, valid_roc_auc=0.9712, valid_pr_auc=0.8494
2026-08-22 03:19:25,407 - INFO - Epoch 40/50, loss=0.0014, train_acc=0.9997, train_precision=0.9527, train_recall=0.8647, train_f1=0.9066, train_roc_auc=0.9966, train_pr_auc=0.9279, valid_acc=0.9996, valid_precision=0.9365, valid_recall=0.7867, valid_f1=0.8551, valid_roc_auc=0.9635, valid_pr_auc=0.8457
2026-08-22 03:19:38,675 - INFO - Epoch 41/50, loss=0.0013, train_acc=0.9997, train_precision=0.9565, train_recall=0.8713, train_f1=0.9119, train_roc_auc=0.9979, train_pr_auc=0.9346, valid_acc=0.9996, valid_precision=0.9831, valid_recall=0.7733, valid_f1=0.8657, valid_roc_auc=0.9646, valid_pr_auc=0.8386
2026-08-22 03:19:51,950 - INFO - Epoch 42/50, loss=0.0014, train_acc=0.9997, train_precision=0.9559, train_recall=0.8581, train_f1=0.9043, train_roc_auc=0.9973, train_pr_auc=0.9317, valid_acc=0.9996, valid_precision=1.0000, valid_recall=0.7467, valid_f1=0.8550, valid_roc_auc=0.9655, valid_pr_auc=0.8414
2026-08-22 03:20:04,540 - INFO - Epoch 43/50, loss=0.0014, train_acc=0.9997, train_precision=0.9594, train_recall=0.8581, train_f1=0.9059, train_roc_auc=0.9972, train_pr_auc=0.9348, valid_acc=0.9996, valid_precision=0.9516, valid_recall=0.7867, valid_f1=0.8613, valid_roc_auc=0.9636, valid_pr_auc=0.8416
2026-08-22 03:20:17,762 - INFO - Epoch 44/50, loss=0.0013, train_acc=0.9997, train_precision=0.9632, train_recall=0.8647, train_f1=0.9113, train_roc_auc=0.9969, train_pr_auc=0.9364, valid_acc=0.9996, valid_precision=0.9365, valid_recall=0.7867, valid_f1=0.8551, valid_roc_auc=0.9635, valid_pr_auc=0.8395
2026-08-22 03:20:32,057 - INFO - Epoch 45/50, loss=0.0013, train_acc=0.9997, train_precision=0.9565, train_recall=0.8713, train_f1=0.9119, train_roc_auc=0.9976, train_pr_auc=0.9336, valid_acc=0.9996, valid_precision=0.9516, valid_recall=0.7867, valid_f1=0.8613, valid_roc_auc=0.9642, valid_pr_auc=0.8376
2026-08-22 03:20:46,204 - INFO - Epoch 46/50, loss=0.0013, train_acc=0.9997, train_precision=0.9601, train_recall=0.8746, train_f1=0.9154, train_roc_auc=0.9974, train_pr_auc=0.9374, valid_acc=0.9996, valid_precision=0.9831, valid_recall=0.7733, valid_f1=0.8657, valid_roc_auc=0.9645, valid_pr_auc=0.8386
2026-08-22 03:20:59,831 - INFO - Epoch 47/50, loss=0.0013, train_acc=0.9997, train_precision=0.9667, train_recall=0.8614, train_f1=0.9110, train_roc_auc=0.9971, train_pr_auc=0.9387, valid_acc=0.9996, valid_precision=0.9667, valid_recall=0.7733, valid_f1=0.8593, valid_roc_auc=0.9632, valid_pr_auc=0.8388
2026-08-22 03:21:11,969 - INFO - Epoch 48/50, loss=0.0013, train_acc=0.9997, train_precision=0.9630, train_recall=0.8581, train_f1=0.9075, train_roc_auc=0.9989, train_pr_auc=0.9420, valid_acc=0.9996, valid_precision=0.9508, valid_recall=0.7733, valid_f1=0.8529, valid_roc_auc=0.9650, valid_pr_auc=0.8387
2026-08-22 03:21:25,079 - INFO - Epoch 49/50, loss=0.0012, train_acc=0.9997, train_precision=0.9670, train_recall=0.8713, train_f1=0.9167, train_roc_auc=0.9988, train_pr_auc=0.9451, valid_acc=0.9996, valid_precision=0.9516, valid_recall=0.7867, valid_f1=0.8613, valid_roc_auc=0.9628, valid_pr_auc=0.8355
2026-08-22 03:21:38,120 - INFO - Epoch 50/50, loss=0.0013, train_acc=0.9997, train_precision=0.9495, train_recall=0.8680, train_f1=0.9069, train_roc_auc=0.9982, train_pr_auc=0.9398, valid_acc=0.9996, valid_precision=0.9516, valid_recall=0.7867, valid_f1=0.8613, valid_roc_auc=0.9637, valid_pr_auc=0.8406
2026-08-22 03:21:38,120 - INFO - Best epoch: 39
2026-08-22 03:21:38,120 - INFO - Best validation  PR-AUC:: 0.8494
2026-08-22 03:21:38,120 - INFO - Fold 1 results:
2026-08-22 03:21:38,120 - INFO - accuracy: 0.9996
2026-08-22 03:21:38,120 - INFO - f1: 0.8633
2026-08-22 03:21:38,120 - INFO - pr_auc: 0.8494
2026-08-22 03:21:38,120 - INFO - precision: 0.9375
2026-08-22 03:21:38,120 - INFO - recall: 0.8000
2026-08-22 03:21:38,120 - INFO - roc_auc: 0.9712
2026-08-22 03:21:38,120 - INFO - Model saved to models/fraud_model_index_2_fold_1.pth
2026-08-22 03:21:38,120 - INFO - 
========== Fold 2/5 ==========
2026-08-22 03:21:49,983 - INFO - Epoch 1: new best validation PR-AUC = 0.7921
2026-08-22 03:21:49,983 - INFO - Epoch 1/50, loss=0.0112, train_acc=0.9983, train_precision=0.0000, train_recall=0.0000, train_f1=0.0000, train_roc_auc=0.9464, train_pr_auc=0.6475, valid_acc=0.9983, valid_precision=0.0000, valid_recall=0.0000, valid_f1=0.0000, valid_roc_auc=0.9630, valid_pr_auc=0.7921
2026-08-22 03:22:01,778 - INFO - Epoch 2/50, loss=0.0033, train_acc=0.9992, train_precision=0.8375, train_recall=0.6634, train_f1=0.7403, train_roc_auc=0.9790, train_pr_auc=0.7447, valid_acc=0.9994, valid_precision=0.8750, valid_recall=0.7467, valid_f1=0.8058, valid_roc_auc=0.9712, valid_pr_auc=0.7717
2026-08-22 03:22:14,500 - INFO - Epoch 3: new best validation PR-AUC = 0.7949
2026-08-22 03:22:14,500 - INFO - Epoch 3/50, loss=0.0029, train_acc=0.9994, train_precision=0.8229, train_recall=0.7822, train_f1=0.8020, train_roc_auc=0.9896, train_pr_auc=0.7443, valid_acc=0.9994, valid_precision=0.8983, valid_recall=0.7067, valid_f1=0.7910, valid_roc_auc=0.9734, valid_pr_auc=0.7949
2026-08-22 03:22:27,533 - INFO - Epoch 4/50, loss=0.0028, train_acc=0.9994, train_precision=0.8380, train_recall=0.7855, train_f1=0.8109, train_roc_auc=0.9876, train_pr_auc=0.7677, valid_acc=0.9994, valid_precision=0.8788, valid_recall=0.7733, valid_f1=0.8227, valid_roc_auc=0.9687, valid_pr_auc=0.7940
2026-08-22 03:22:40,231 - INFO - Epoch 5: new best validation PR-AUC = 0.8014
2026-08-22 03:22:40,231 - INFO - Epoch 5/50, loss=0.0028, train_acc=0.9994, train_precision=0.8451, train_recall=0.7921, train_f1=0.8177, train_roc_auc=0.9883, train_pr_auc=0.7450, valid_acc=0.9995, valid_precision=0.9048, valid_recall=0.7600, valid_f1=0.8261, valid_roc_auc=0.9778, valid_pr_auc=0.8014
2026-08-22 03:22:52,137 - INFO - Epoch 6: new best validation PR-AUC = 0.8166
2026-08-22 03:22:52,137 - INFO - Epoch 6/50, loss=0.0027, train_acc=0.9994, train_precision=0.8410, train_recall=0.7855, train_f1=0.8123, train_roc_auc=0.9907, train_pr_auc=0.7760, valid_acc=0.9995, valid_precision=0.9048, valid_recall=0.7600, valid_f1=0.8261, valid_roc_auc=0.9745, valid_pr_auc=0.8166
2026-08-22 03:23:04,433 - INFO - Epoch 7/50, loss=0.0026, train_acc=0.9994, train_precision=0.8536, train_recall=0.7888, train_f1=0.8199, train_roc_auc=0.9896, train_pr_auc=0.7733, valid_acc=0.9995, valid_precision=0.8939, valid_recall=0.7867, valid_f1=0.8369, valid_roc_auc=0.9705, valid_pr_auc=0.8059
2026-08-22 03:23:17,056 - INFO - Epoch 8: new best validation PR-AUC = 0.8339
2026-08-22 03:23:17,056 - INFO - Epoch 8/50, loss=0.0026, train_acc=0.9994, train_precision=0.8655, train_recall=0.7855, train_f1=0.8235, train_roc_auc=0.9887, train_pr_auc=0.8086, valid_acc=0.9995, valid_precision=0.8806, valid_recall=0.7867, valid_f1=0.8310, valid_roc_auc=0.9786, valid_pr_auc=0.8339
2026-08-22 03:23:30,581 - INFO - Epoch 9: new best validation PR-AUC = 0.8353
2026-08-22 03:23:30,582 - INFO - Epoch 9/50, loss=0.0025, train_acc=0.9994, train_precision=0.8645, train_recall=0.7789, train_f1=0.8194, train_roc_auc=0.9897, train_pr_auc=0.8311, valid_acc=0.9995, valid_precision=0.8806, valid_recall=0.7867, valid_f1=0.8310, valid_roc_auc=0.9765, valid_pr_auc=0.8353
2026-08-22 03:23:44,103 - INFO - Epoch 10: new best validation PR-AUC = 0.8539
2026-08-22 03:23:44,103 - INFO - Epoch 10/50, loss=0.0025, train_acc=0.9994, train_precision=0.8655, train_recall=0.7855, train_f1=0.8235, train_roc_auc=0.9906, train_pr_auc=0.8382, valid_acc=0.9995, valid_precision=0.8611, valid_recall=0.8267, valid_f1=0.8435, valid_roc_auc=0.9741, valid_pr_auc=0.8539
2026-08-22 03:23:58,046 - INFO - Epoch 11: new best validation PR-AUC = 0.8605
2026-08-22 03:23:58,046 - INFO - Epoch 11/50, loss=0.0024, train_acc=0.9994, train_precision=0.8681, train_recall=0.7822, train_f1=0.8229, train_roc_auc=0.9916, train_pr_auc=0.8463, valid_acc=0.9995, valid_precision=0.9206, valid_recall=0.7733, valid_f1=0.8406, valid_roc_auc=0.9749, valid_pr_auc=0.8605
2026-08-22 03:24:10,193 - INFO - Epoch 12/50, loss=0.0023, train_acc=0.9995, train_precision=0.8787, train_recall=0.7888, train_f1=0.8313, train_roc_auc=0.9916, train_pr_auc=0.8582, valid_acc=0.9995, valid_precision=0.8939, valid_recall=0.7867, valid_f1=0.8369, valid_roc_auc=0.9753, valid_pr_auc=0.8570
2026-08-22 03:24:22,361 - INFO - Epoch 13/50, loss=0.0022, train_acc=0.9995, train_precision=0.8939, train_recall=0.7789, train_f1=0.8325, train_roc_auc=0.9923, train_pr_auc=0.8698, valid_acc=0.9995, valid_precision=0.8824, valid_recall=0.8000, valid_f1=0.8392, valid_roc_auc=0.9775, valid_pr_auc=0.8574
2026-08-22 03:24:35,094 - INFO - Epoch 14/50, loss=0.0022, train_acc=0.9995, train_precision=0.9053, train_recall=0.7888, train_f1=0.8430, train_roc_auc=0.9939, train_pr_auc=0.8614, valid_acc=0.9995, valid_precision=0.8592, valid_recall=0.8133, valid_f1=0.8356, valid_roc_auc=0.9782, valid_pr_auc=0.8588
2026-08-22 03:24:47,512 - INFO - Epoch 15: new best validation PR-AUC = 0.8658
2026-08-22 03:24:47,512 - INFO - Epoch 15/50, loss=0.0020, train_acc=0.9996, train_precision=0.9173, train_recall=0.8053, train_f1=0.8576, train_roc_auc=0.9945, train_pr_auc=0.8873, valid_acc=0.9995, valid_precision=1.0000, valid_recall=0.7067, valid_f1=0.8281, valid_roc_auc=0.9792, valid_pr_auc=0.8658
2026-08-22 03:25:00,344 - INFO - Epoch 16/50, loss=0.0020, train_acc=0.9996, train_precision=0.9081, train_recall=0.8152, train_f1=0.8591, train_roc_auc=0.9943, train_pr_auc=0.8861, valid_acc=0.9995, valid_precision=0.9219, valid_recall=0.7867, valid_f1=0.8489, valid_roc_auc=0.9815, valid_pr_auc=0.8615
2026-08-22 03:25:12,825 - INFO - Epoch 17/50, loss=0.0019, train_acc=0.9996, train_precision=0.9354, train_recall=0.8119, train_f1=0.8693, train_roc_auc=0.9962, train_pr_auc=0.8888, valid_acc=0.9995, valid_precision=0.9206, valid_recall=0.7733, valid_f1=0.8406, valid_roc_auc=0.9774, valid_pr_auc=0.8558
2026-08-22 03:25:24,902 - INFO - Epoch 18/50, loss=0.0019, train_acc=0.9996, train_precision=0.9321, train_recall=0.8152, train_f1=0.8697, train_roc_auc=0.9946, train_pr_auc=0.8963, valid_acc=0.9995, valid_precision=0.9474, valid_recall=0.7200, valid_f1=0.8182, valid_roc_auc=0.9812, valid_pr_auc=0.8541
2026-08-22 03:25:37,565 - INFO - Epoch 19/50, loss=0.0018, train_acc=0.9996, train_precision=0.9506, train_recall=0.8251, train_f1=0.8834, train_roc_auc=0.9952, train_pr_auc=0.9050, valid_acc=0.9995, valid_precision=1.0000, valid_recall=0.7067, valid_f1=0.8281, valid_roc_auc=0.9812, valid_pr_auc=0.8657
2026-08-22 03:25:50,579 - INFO - Epoch 20/50, loss=0.0017, train_acc=0.9996, train_precision=0.9401, train_recall=0.8284, train_f1=0.8807, train_roc_auc=0.9954, train_pr_auc=0.9050, valid_acc=0.9995, valid_precision=0.9636, valid_recall=0.7067, valid_f1=0.8154, valid_roc_auc=0.9791, valid_pr_auc=0.8645
2026-08-22 03:26:03,425 - INFO - Epoch 21: new best validation PR-AUC = 0.8665
2026-08-22 03:26:03,425 - INFO - Epoch 21/50, loss=0.0017, train_acc=0.9996, train_precision=0.9398, train_recall=0.8251, train_f1=0.8787, train_roc_auc=0.9971, train_pr_auc=0.9078, valid_acc=0.9995, valid_precision=0.9344, valid_recall=0.7600, valid_f1=0.8382, valid_roc_auc=0.9812, valid_pr_auc=0.8665
2026-08-22 03:26:16,324 - INFO - Epoch 22: new best validation PR-AUC = 0.8686
2026-08-22 03:26:16,324 - INFO - Epoch 22/50, loss=0.0017, train_acc=0.9996, train_precision=0.9468, train_recall=0.8218, train_f1=0.8799, train_roc_auc=0.9970, train_pr_auc=0.9073, valid_acc=0.9996, valid_precision=0.9508, valid_recall=0.7733, valid_f1=0.8529, valid_roc_auc=0.9814, valid_pr_auc=0.8686
2026-08-22 03:26:29,114 - INFO - Epoch 23/50, loss=0.0017, train_acc=0.9996, train_precision=0.9370, train_recall=0.8350, train_f1=0.8831, train_roc_auc=0.9968, train_pr_auc=0.9100, valid_acc=0.9995, valid_precision=0.9821, valid_recall=0.7333, valid_f1=0.8397, valid_roc_auc=0.9821, valid_pr_auc=0.8643
2026-08-22 03:26:42,139 - INFO - Epoch 24/50, loss=0.0016, train_acc=0.9996, train_precision=0.9470, train_recall=0.8251, train_f1=0.8818, train_roc_auc=0.9975, train_pr_auc=0.9102, valid_acc=0.9995, valid_precision=0.9821, valid_recall=0.7333, valid_f1=0.8397, valid_roc_auc=0.9807, valid_pr_auc=0.8635
2026-08-22 03:26:54,997 - INFO - Epoch 25/50, loss=0.0016, train_acc=0.9996, train_precision=0.9502, train_recall=0.8185, train_f1=0.8794, train_roc_auc=0.9976, train_pr_auc=0.9129, valid_acc=0.9995, valid_precision=0.9821, valid_recall=0.7333, valid_f1=0.8397, valid_roc_auc=0.9814, valid_pr_auc=0.8619
2026-08-22 03:27:08,812 - INFO - Epoch 26/50, loss=0.0015, train_acc=0.9997, train_precision=0.9552, train_recall=0.8449, train_f1=0.8967, train_roc_auc=0.9973, train_pr_auc=0.9211, valid_acc=0.9996, valid_precision=0.9508, valid_recall=0.7733, valid_f1=0.8529, valid_roc_auc=0.9803, valid_pr_auc=0.8655
2026-08-22 03:27:22,659 - INFO - Epoch 27/50, loss=0.0015, train_acc=0.9997, train_precision=0.9618, train_recall=0.8317, train_f1=0.8920, train_roc_auc=0.9978, train_pr_auc=0.9223, valid_acc=0.9995, valid_precision=0.9492, valid_recall=0.7467, valid_f1=0.8358, valid_roc_auc=0.9800, valid_pr_auc=0.8653
2026-08-22 03:27:36,631 - INFO - Epoch 28/50, loss=0.0015, train_acc=0.9997, train_precision=0.9549, train_recall=0.8383, train_f1=0.8928, train_roc_auc=0.9981, train_pr_auc=0.9212, valid_acc=0.9995, valid_precision=0.9355, valid_recall=0.7733, valid_f1=0.8467, valid_roc_auc=0.9797, valid_pr_auc=0.8675
2026-08-22 03:27:49,676 - INFO - Epoch 29/50, loss=0.0014, train_acc=0.9996, train_precision=0.9509, train_recall=0.8317, train_f1=0.8873, train_roc_auc=0.9980, train_pr_auc=0.9274, valid_acc=0.9996, valid_precision=0.9828, valid_recall=0.7600, valid_f1=0.8571, valid_roc_auc=0.9811, valid_pr_auc=0.8631
2026-08-22 03:28:02,633 - INFO - Epoch 30: new best validation PR-AUC = 0.8696
2026-08-22 03:28:02,633 - INFO - Epoch 30/50, loss=0.0014, train_acc=0.9997, train_precision=0.9580, train_recall=0.8284, train_f1=0.8885, train_roc_auc=0.9982, train_pr_auc=0.9274, valid_acc=0.9995, valid_precision=1.0000, valid_recall=0.6933, valid_f1=0.8189, valid_roc_auc=0.9782, valid_pr_auc=0.8696
2026-08-22 03:28:16,361 - INFO - Epoch 31/50, loss=0.0014, train_acc=0.9997, train_precision=0.9556, train_recall=0.8515, train_f1=0.9005, train_roc_auc=0.9983, train_pr_auc=0.9248, valid_acc=0.9996, valid_precision=0.9828, valid_recall=0.7600, valid_f1=0.8571, valid_roc_auc=0.9819, valid_pr_auc=0.8626
2026-08-22 03:28:30,344 - INFO - Epoch 32/50, loss=0.0015, train_acc=0.9997, train_precision=0.9560, train_recall=0.8614, train_f1=0.9062, train_roc_auc=0.9978, train_pr_auc=0.9237, valid_acc=0.9995, valid_precision=0.9821, valid_recall=0.7333, valid_f1=0.8397, valid_roc_auc=0.9828, valid_pr_auc=0.8653
2026-08-22 03:28:44,438 - INFO - Epoch 33/50, loss=0.0014, train_acc=0.9997, train_precision=0.9444, train_recall=0.8416, train_f1=0.8901, train_roc_auc=0.9980, train_pr_auc=0.9307, valid_acc=0.9996, valid_precision=0.9825, valid_recall=0.7467, valid_f1=0.8485, valid_roc_auc=0.9825, valid_pr_auc=0.8655
2026-08-22 03:28:56,545 - INFO - Epoch 34/50, loss=0.0014, train_acc=0.9997, train_precision=0.9660, train_recall=0.8449, train_f1=0.9014, train_roc_auc=0.9983, train_pr_auc=0.9296, valid_acc=0.9996, valid_precision=1.0000, valid_recall=0.7467, valid_f1=0.8550, valid_roc_auc=0.9801, valid_pr_auc=0.8670
2026-08-22 03:29:10,210 - INFO - Epoch 35/50, loss=0.0014, train_acc=0.9997, train_precision=0.9588, train_recall=0.8449, train_f1=0.8982, train_roc_auc=0.9980, train_pr_auc=0.9289, valid_acc=0.9995, valid_precision=0.9821, valid_recall=0.7333, valid_f1=0.8397, valid_roc_auc=0.9826, valid_pr_auc=0.8663
2026-08-22 03:29:24,031 - INFO - Epoch 36/50, loss=0.0014, train_acc=0.9997, train_precision=0.9736, train_recall=0.8515, train_f1=0.9085, train_roc_auc=0.9984, train_pr_auc=0.9319, valid_acc=0.9995, valid_precision=0.9655, valid_recall=0.7467, valid_f1=0.8421, valid_roc_auc=0.9822, valid_pr_auc=0.8661
2026-08-22 03:29:38,091 - INFO - Epoch 37/50, loss=0.0014, train_acc=0.9997, train_precision=0.9623, train_recall=0.8416, train_f1=0.8979, train_roc_auc=0.9976, train_pr_auc=0.9329, valid_acc=0.9996, valid_precision=0.9667, valid_recall=0.7733, valid_f1=0.8593, valid_roc_auc=0.9811, valid_pr_auc=0.8650
2026-08-22 03:29:52,185 - INFO - Epoch 38/50, loss=0.0013, train_acc=0.9997, train_precision=0.9620, train_recall=0.8350, train_f1=0.8940, train_roc_auc=0.9985, train_pr_auc=0.9352, valid_acc=0.9996, valid_precision=0.9667, valid_recall=0.7733, valid_f1=0.8593, valid_roc_auc=0.9811, valid_pr_auc=0.8651
2026-08-22 03:30:05,581 - INFO - Epoch 39/50, loss=0.0014, train_acc=0.9997, train_precision=0.9696, train_recall=0.8416, train_f1=0.9011, train_roc_auc=0.9978, train_pr_auc=0.9296, valid_acc=0.9995, valid_precision=0.9821, valid_recall=0.7333, valid_f1=0.8397, valid_roc_auc=0.9807, valid_pr_auc=0.8658
2026-08-22 03:30:19,691 - INFO - Epoch 40/50, loss=0.0014, train_acc=0.9997, train_precision=0.9522, train_recall=0.8548, train_f1=0.9009, train_roc_auc=0.9976, train_pr_auc=0.9309, valid_acc=0.9995, valid_precision=0.9821, valid_recall=0.7333, valid_f1=0.8397, valid_roc_auc=0.9815, valid_pr_auc=0.8645
2026-08-22 03:30:33,158 - INFO - Epoch 41/50, loss=0.0013, train_acc=0.9997, train_precision=0.9662, train_recall=0.8482, train_f1=0.9033, train_roc_auc=0.9987, train_pr_auc=0.9355, valid_acc=0.9995, valid_precision=0.9821, valid_recall=0.7333, valid_f1=0.8397, valid_roc_auc=0.9813, valid_pr_auc=0.8643
2026-08-22 03:30:45,985 - INFO - Epoch 42/50, loss=0.0013, train_acc=0.9997, train_precision=0.9660, train_recall=0.8449, train_f1=0.9014, train_roc_auc=0.9981, train_pr_auc=0.9335, valid_acc=0.9995, valid_precision=0.9821, valid_recall=0.7333, valid_f1=0.8397, valid_roc_auc=0.9809, valid_pr_auc=0.8641
2026-08-22 03:30:59,366 - INFO - Epoch 43/50, loss=0.0013, train_acc=0.9997, train_precision=0.9663, train_recall=0.8515, train_f1=0.9053, train_roc_auc=0.9985, train_pr_auc=0.9358, valid_acc=0.9995, valid_precision=0.9821, valid_recall=0.7333, valid_f1=0.8397, valid_roc_auc=0.9815, valid_pr_auc=0.8633
2026-08-22 03:31:12,098 - INFO - Epoch 44/50, loss=0.0013, train_acc=0.9997, train_precision=0.9696, train_recall=0.8416, train_f1=0.9011, train_roc_auc=0.9982, train_pr_auc=0.9341, valid_acc=0.9995, valid_precision=0.9821, valid_recall=0.7333, valid_f1=0.8397, valid_roc_auc=0.9818, valid_pr_auc=0.8633
2026-08-22 03:31:25,078 - INFO - Epoch 45/50, loss=0.0013, train_acc=0.9997, train_precision=0.9623, train_recall=0.8416, train_f1=0.8979, train_roc_auc=0.9987, train_pr_auc=0.9346, valid_acc=0.9995, valid_precision=0.9500, valid_recall=0.7600, valid_f1=0.8444, valid_roc_auc=0.9822, valid_pr_auc=0.8666
2026-08-22 03:31:37,858 - INFO - Epoch 46/50, loss=0.0013, train_acc=0.9997, train_precision=0.9590, train_recall=0.8482, train_f1=0.9002, train_roc_auc=0.9984, train_pr_auc=0.9333, valid_acc=0.9995, valid_precision=0.9649, valid_recall=0.7333, valid_f1=0.8333, valid_roc_auc=0.9818, valid_pr_auc=0.8633
2026-08-22 03:31:50,748 - INFO - Epoch 47/50, loss=0.0013, train_acc=0.9997, train_precision=0.9665, train_recall=0.8581, train_f1=0.9091, train_roc_auc=0.9985, train_pr_auc=0.9340, valid_acc=0.9995, valid_precision=0.9821, valid_recall=0.7333, valid_f1=0.8397, valid_roc_auc=0.9817, valid_pr_auc=0.8637
2026-08-22 03:32:03,841 - INFO - Epoch 48/50, loss=0.0013, train_acc=0.9997, train_precision=0.9623, train_recall=0.8416, train_f1=0.8979, train_roc_auc=0.9979, train_pr_auc=0.9381, valid_acc=0.9995, valid_precision=0.9821, valid_recall=0.7333, valid_f1=0.8397, valid_roc_auc=0.9814, valid_pr_auc=0.8654
2026-08-22 03:32:17,099 - INFO - Epoch 49/50, loss=0.0013, train_acc=0.9997, train_precision=0.9596, train_recall=0.8614, train_f1=0.9078, train_roc_auc=0.9983, train_pr_auc=0.9305, valid_acc=0.9995, valid_precision=0.9821, valid_recall=0.7333, valid_f1=0.8397, valid_roc_auc=0.9822, valid_pr_auc=0.8627
2026-08-22 03:32:31,182 - INFO - Epoch 50/50, loss=0.0014, train_acc=0.9997, train_precision=0.9557, train_recall=0.8548, train_f1=0.9024, train_roc_auc=0.9988, train_pr_auc=0.9291, valid_acc=0.9995, valid_precision=0.9483, valid_recall=0.7333, valid_f1=0.8271, valid_roc_auc=0.9813, valid_pr_auc=0.8646
2026-08-22 03:32:31,185 - INFO - Best epoch: 30
2026-08-22 03:32:31,185 - INFO - Best validation  PR-AUC:: 0.8696
2026-08-22 03:32:31,185 - INFO - Fold 2 results:
2026-08-22 03:32:31,185 - INFO - accuracy: 0.9995
2026-08-22 03:32:31,185 - INFO - f1: 0.8189
2026-08-22 03:32:31,185 - INFO - pr_auc: 0.8696
2026-08-22 03:32:31,185 - INFO - precision: 1.0000
2026-08-22 03:32:31,185 - INFO - recall: 0.6933
2026-08-22 03:32:31,185 - INFO - roc_auc: 0.9782
2026-08-22 03:32:31,185 - INFO - Model saved to models/fraud_model_index_2_fold_2.pth
2026-08-22 03:32:31,185 - INFO - 
========== Fold 3/5 ==========
2026-08-22 03:32:45,289 - INFO - Epoch 1: new best validation PR-AUC = 0.6459
2026-08-22 03:32:45,289 - INFO - Epoch 1/50, loss=0.0169, train_acc=0.9979, train_precision=0.0000, train_recall=0.0000, train_f1=0.0000, train_roc_auc=0.9488, train_pr_auc=0.1218, valid_acc=0.9983, valid_precision=0.0000, valid_recall=0.0000, valid_f1=0.0000, valid_roc_auc=0.9832, valid_pr_auc=0.6459
2026-08-22 03:32:58,707 - INFO - Epoch 2: new best validation PR-AUC = 0.6917
2026-08-22 03:32:58,707 - INFO - Epoch 2/50, loss=0.0034, train_acc=0.9986, train_precision=0.8421, train_recall=0.1589, train_f1=0.2674, train_roc_auc=0.9777, train_pr_auc=0.7459, valid_acc=0.9990, valid_precision=0.8947, valid_recall=0.4474, valid_f1=0.5965, valid_roc_auc=0.9771, valid_pr_auc=0.6917
2026-08-22 03:33:12,363 - INFO - Epoch 3/50, loss=0.0030, train_acc=0.9994, train_precision=0.8521, train_recall=0.8013, train_f1=0.8259, train_roc_auc=0.9828, train_pr_auc=0.7453, valid_acc=0.9991, valid_precision=0.7846, valid_recall=0.6711, valid_f1=0.7234, valid_roc_auc=0.9825, valid_pr_auc=0.6740
2026-08-22 03:33:26,411 - INFO - Epoch 4/50, loss=0.0028, train_acc=0.9994, train_precision=0.8350, train_recall=0.8212, train_f1=0.8280, train_roc_auc=0.9846, train_pr_auc=0.7424, valid_acc=0.9991, valid_precision=0.7846, valid_recall=0.6711, valid_f1=0.7234, valid_roc_auc=0.9892, valid_pr_auc=0.6800
2026-08-22 03:33:39,642 - INFO - Epoch 5/50, loss=0.0026, train_acc=0.9994, train_precision=0.8459, train_recall=0.8179, train_f1=0.8316, train_roc_auc=0.9864, train_pr_auc=0.7548, valid_acc=0.9993, valid_precision=0.8909, valid_recall=0.6447, valid_f1=0.7481, valid_roc_auc=0.9775, valid_pr_auc=0.6592
2026-08-22 03:33:51,782 - INFO - Epoch 6/50, loss=0.0025, train_acc=0.9995, train_precision=0.8562, train_recall=0.8278, train_f1=0.8418, train_roc_auc=0.9894, train_pr_auc=0.7837, valid_acc=0.9991, valid_precision=0.7846, valid_recall=0.6711, valid_f1=0.7234, valid_roc_auc=0.9892, valid_pr_auc=0.6789
2026-08-22 03:34:04,463 - INFO - Epoch 7: new best validation PR-AUC = 0.7110
2026-08-22 03:34:04,463 - INFO - Epoch 7/50, loss=0.0024, train_acc=0.9995, train_precision=0.8527, train_recall=0.8245, train_f1=0.8384, train_roc_auc=0.9883, train_pr_auc=0.7660, valid_acc=0.9992, valid_precision=0.8125, valid_recall=0.6842, valid_f1=0.7429, valid_roc_auc=0.9858, valid_pr_auc=0.7110
2026-08-22 03:34:17,374 - INFO - Epoch 8/50, loss=0.0024, train_acc=0.9995, train_precision=0.8625, train_recall=0.8311, train_f1=0.8465, train_roc_auc=0.9893, train_pr_auc=0.7653, valid_acc=0.9992, valid_precision=0.7969, valid_recall=0.6711, valid_f1=0.7286, valid_roc_auc=0.9895, valid_pr_auc=0.7018
2026-08-22 03:34:30,327 - INFO - Epoch 9/50, loss=0.0023, train_acc=0.9995, train_precision=0.8641, train_recall=0.8212, train_f1=0.8421, train_roc_auc=0.9893, train_pr_auc=0.7914, valid_acc=0.9991, valid_precision=0.8033, valid_recall=0.6447, valid_f1=0.7153, valid_roc_auc=0.9875, valid_pr_auc=0.7019
2026-08-22 03:34:43,122 - INFO - Epoch 10/50, loss=0.0024, train_acc=0.9995, train_precision=0.8741, train_recall=0.8278, train_f1=0.8503, train_roc_auc=0.9908, train_pr_auc=0.7762, valid_acc=0.9993, valid_precision=0.8750, valid_recall=0.6447, valid_f1=0.7424, valid_roc_auc=0.9896, valid_pr_auc=0.7006
2026-08-22 03:34:55,777 - INFO - Epoch 11/50, loss=0.0022, train_acc=0.9995, train_precision=0.8711, train_recall=0.8278, train_f1=0.8489, train_roc_auc=0.9921, train_pr_auc=0.8123, valid_acc=0.9992, valid_precision=0.7969, valid_recall=0.6711, valid_f1=0.7286, valid_roc_auc=0.9880, valid_pr_auc=0.6949
2026-08-22 03:35:08,339 - INFO - Epoch 12/50, loss=0.0022, train_acc=0.9995, train_precision=0.8655, train_recall=0.8311, train_f1=0.8480, train_roc_auc=0.9907, train_pr_auc=0.8030, valid_acc=0.9992, valid_precision=0.8095, valid_recall=0.6711, valid_f1=0.7338, valid_roc_auc=0.9883, valid_pr_auc=0.7097
2026-08-22 03:35:21,381 - INFO - Epoch 13: new best validation PR-AUC = 0.7191
2026-08-22 03:35:21,381 - INFO - Epoch 13/50, loss=0.0022, train_acc=0.9995, train_precision=0.8811, train_recall=0.8344, train_f1=0.8571, train_roc_auc=0.9926, train_pr_auc=0.8106, valid_acc=0.9993, valid_precision=0.8500, valid_recall=0.6711, valid_f1=0.7500, valid_roc_auc=0.9900, valid_pr_auc=0.7191
2026-08-22 03:35:34,380 - INFO - Epoch 14/50, loss=0.0022, train_acc=0.9995, train_precision=0.8715, train_recall=0.8311, train_f1=0.8508, train_roc_auc=0.9918, train_pr_auc=0.8137, valid_acc=0.9992, valid_precision=0.8361, valid_recall=0.6711, valid_f1=0.7445, valid_roc_auc=0.9889, valid_pr_auc=0.7172
2026-08-22 03:35:47,145 - INFO - Epoch 15/50, loss=0.0022, train_acc=0.9995, train_precision=0.8780, train_recall=0.8344, train_f1=0.8557, train_roc_auc=0.9920, train_pr_auc=0.8128, valid_acc=0.9992, valid_precision=0.8305, valid_recall=0.6447, valid_f1=0.7259, valid_roc_auc=0.9865, valid_pr_auc=0.7154
2026-08-22 03:35:59,820 - INFO - Epoch 16/50, loss=0.0021, train_acc=0.9995, train_precision=0.8780, train_recall=0.8344, train_f1=0.8557, train_roc_auc=0.9914, train_pr_auc=0.8185, valid_acc=0.9992, valid_precision=0.8167, valid_recall=0.6447, valid_f1=0.7206, valid_roc_auc=0.9875, valid_pr_auc=0.7149
2026-08-22 03:36:12,060 - INFO - Epoch 17: new best validation PR-AUC = 0.7206
2026-08-22 03:36:12,060 - INFO - Epoch 17/50, loss=0.0021, train_acc=0.9995, train_precision=0.8776, train_recall=0.8311, train_f1=0.8537, train_roc_auc=0.9939, train_pr_auc=0.8345, valid_acc=0.9992, valid_precision=0.8305, valid_recall=0.6447, valid_f1=0.7259, valid_roc_auc=0.9880, valid_pr_auc=0.7206
2026-08-22 03:36:24,082 - INFO - Epoch 18/50, loss=0.0020, train_acc=0.9995, train_precision=0.8842, train_recall=0.8344, train_f1=0.8586, train_roc_auc=0.9927, train_pr_auc=0.8434, valid_acc=0.9992, valid_precision=0.8448, valid_recall=0.6447, valid_f1=0.7313, valid_roc_auc=0.9874, valid_pr_auc=0.7169
2026-08-22 03:36:37,667 - INFO - Epoch 19: new best validation PR-AUC = 0.7230
2026-08-22 03:36:37,683 - INFO - Epoch 19/50, loss=0.0020, train_acc=0.9995, train_precision=0.8780, train_recall=0.8344, train_f1=0.8557, train_roc_auc=0.9945, train_pr_auc=0.8486, valid_acc=0.9992, valid_precision=0.8448, valid_recall=0.6447, valid_f1=0.7313, valid_roc_auc=0.9889, valid_pr_auc=0.7230
2026-08-22 03:36:49,940 - INFO - Epoch 20: new best validation PR-AUC = 0.7338
2026-08-22 03:36:49,940 - INFO - Epoch 20/50, loss=0.0020, train_acc=0.9995, train_precision=0.8789, train_recall=0.8411, train_f1=0.8596, train_roc_auc=0.9933, train_pr_auc=0.8596, valid_acc=0.9992, valid_precision=0.8421, valid_recall=0.6316, valid_f1=0.7218, valid_roc_auc=0.9872, valid_pr_auc=0.7338
2026-08-22 03:37:02,302 - INFO - Epoch 21: new best validation PR-AUC = 0.7381
2026-08-22 03:37:02,302 - INFO - Epoch 21/50, loss=0.0020, train_acc=0.9995, train_precision=0.8842, train_recall=0.8344, train_f1=0.8586, train_roc_auc=0.9932, train_pr_auc=0.8661, valid_acc=0.9992, valid_precision=0.8448, valid_recall=0.6447, valid_f1=0.7313, valid_roc_auc=0.9887, valid_pr_auc=0.7381
2026-08-22 03:37:14,956 - INFO - Epoch 22: new best validation PR-AUC = 0.7414
2026-08-22 03:37:14,956 - INFO - Epoch 22/50, loss=0.0020, train_acc=0.9995, train_precision=0.8754, train_recall=0.8377, train_f1=0.8562, train_roc_auc=0.9941, train_pr_auc=0.8630, valid_acc=0.9992, valid_precision=0.8305, valid_recall=0.6447, valid_f1=0.7259, valid_roc_auc=0.9891, valid_pr_auc=0.7414
2026-08-22 03:37:27,892 - INFO - Epoch 23: new best validation PR-AUC = 0.7417
2026-08-22 03:37:27,892 - INFO - Epoch 23/50, loss=0.0020, train_acc=0.9996, train_precision=0.8824, train_recall=0.8444, train_f1=0.8629, train_roc_auc=0.9920, train_pr_auc=0.8740, valid_acc=0.9992, valid_precision=0.8421, valid_recall=0.6316, valid_f1=0.7218, valid_roc_auc=0.9883, valid_pr_auc=0.7417
2026-08-22 03:37:40,702 - INFO - Epoch 24: new best validation PR-AUC = 0.7451
2026-08-22 03:37:40,702 - INFO - Epoch 24/50, loss=0.0020, train_acc=0.9995, train_precision=0.8789, train_recall=0.8411, train_f1=0.8596, train_roc_auc=0.9936, train_pr_auc=0.8784, valid_acc=0.9992, valid_precision=0.8305, valid_recall=0.6447, valid_f1=0.7259, valid_roc_auc=0.9888, valid_pr_auc=0.7451
2026-08-22 03:37:53,686 - INFO - Epoch 25: new best validation PR-AUC = 0.7462
2026-08-22 03:37:53,686 - INFO - Epoch 25/50, loss=0.0019, train_acc=0.9995, train_precision=0.8789, train_recall=0.8411, train_f1=0.8596, train_roc_auc=0.9954, train_pr_auc=0.8824, valid_acc=0.9992, valid_precision=0.8167, valid_recall=0.6447, valid_f1=0.7206, valid_roc_auc=0.9869, valid_pr_auc=0.7462
2026-08-22 03:38:06,293 - INFO - Epoch 26: new best validation PR-AUC = 0.7501
2026-08-22 03:38:06,293 - INFO - Epoch 26/50, loss=0.0019, train_acc=0.9995, train_precision=0.8846, train_recall=0.8377, train_f1=0.8605, train_roc_auc=0.9958, train_pr_auc=0.8914, valid_acc=0.9992, valid_precision=0.8125, valid_recall=0.6842, valid_f1=0.7429, valid_roc_auc=0.9871, valid_pr_auc=0.7501
2026-08-22 03:38:18,995 - INFO - Epoch 27/50, loss=0.0019, train_acc=0.9996, train_precision=0.8944, train_recall=0.8411, train_f1=0.8669, train_roc_auc=0.9937, train_pr_auc=0.8974, valid_acc=0.9992, valid_precision=0.8167, valid_recall=0.6447, valid_f1=0.7206, valid_roc_auc=0.9856, valid_pr_auc=0.7486
2026-08-22 03:38:31,585 - INFO - Epoch 28/50, loss=0.0019, train_acc=0.9996, train_precision=0.8912, train_recall=0.8411, train_f1=0.8654, train_roc_auc=0.9935, train_pr_auc=0.8954, valid_acc=0.9993, valid_precision=0.9074, valid_recall=0.6447, valid_f1=0.7538, valid_roc_auc=0.9863, valid_pr_auc=0.7497
2026-08-22 03:38:43,847 - INFO - Epoch 29/50, loss=0.0019, train_acc=0.9996, train_precision=0.9065, train_recall=0.8344, train_f1=0.8690, train_roc_auc=0.9920, train_pr_auc=0.8993, valid_acc=0.9993, valid_precision=0.8644, valid_recall=0.6711, valid_f1=0.7556, valid_roc_auc=0.9879, valid_pr_auc=0.7496
2026-08-22 03:38:56,188 - INFO - Epoch 30: new best validation PR-AUC = 0.7511
2026-08-22 03:38:56,188 - INFO - Epoch 30/50, loss=0.0018, train_acc=0.9996, train_precision=0.9107, train_recall=0.8444, train_f1=0.8763, train_roc_auc=0.9954, train_pr_auc=0.9020, valid_acc=0.9993, valid_precision=0.8500, valid_recall=0.6711, valid_f1=0.7500, valid_roc_auc=0.9880, valid_pr_auc=0.7511
2026-08-22 03:39:08,551 - INFO - Epoch 31: new best validation PR-AUC = 0.7536
2026-08-22 03:39:08,551 - INFO - Epoch 31/50, loss=0.0017, train_acc=0.9996, train_precision=0.9140, train_recall=0.8444, train_f1=0.8778, train_roc_auc=0.9953, train_pr_auc=0.9032, valid_acc=0.9993, valid_precision=0.9074, valid_recall=0.6447, valid_f1=0.7538, valid_roc_auc=0.9877, valid_pr_auc=0.7536
2026-08-22 03:39:21,762 - INFO - Epoch 32: new best validation PR-AUC = 0.7553
2026-08-22 03:39:21,762 - INFO - Epoch 32/50, loss=0.0018, train_acc=0.9996, train_precision=0.9170, train_recall=0.8411, train_f1=0.8774, train_roc_auc=0.9936, train_pr_auc=0.9042, valid_acc=0.9993, valid_precision=0.9107, valid_recall=0.6711, valid_f1=0.7727, valid_roc_auc=0.9875, valid_pr_auc=0.7553
2026-08-22 03:39:34,411 - INFO - Epoch 33/50, loss=0.0017, train_acc=0.9996, train_precision=0.9275, train_recall=0.8477, train_f1=0.8858, train_roc_auc=0.9947, train_pr_auc=0.9043, valid_acc=0.9993, valid_precision=0.8793, valid_recall=0.6711, valid_f1=0.7612, valid_roc_auc=0.9866, valid_pr_auc=0.7504
2026-08-22 03:39:46,651 - INFO - Epoch 34: new best validation PR-AUC = 0.7553
2026-08-22 03:39:46,651 - INFO - Epoch 34/50, loss=0.0017, train_acc=0.9996, train_precision=0.9176, train_recall=0.8477, train_f1=0.8812, train_roc_auc=0.9956, train_pr_auc=0.9100, valid_acc=0.9993, valid_precision=0.8644, valid_recall=0.6711, valid_f1=0.7556, valid_roc_auc=0.9866, valid_pr_auc=0.7553
2026-08-22 03:39:58,943 - INFO - Epoch 35/50, loss=0.0017, train_acc=0.9997, train_precision=0.9314, train_recall=0.8543, train_f1=0.8912, train_roc_auc=0.9954, train_pr_auc=0.9056, valid_acc=0.9993, valid_precision=0.8500, valid_recall=0.6711, valid_f1=0.7500, valid_roc_auc=0.9845, valid_pr_auc=0.7532
2026-08-22 03:40:12,176 - INFO - Epoch 36: new best validation PR-AUC = 0.7564
2026-08-22 03:40:12,176 - INFO - Epoch 36/50, loss=0.0016, train_acc=0.9997, train_precision=0.9355, train_recall=0.8642, train_f1=0.8985, train_roc_auc=0.9954, train_pr_auc=0.9159, valid_acc=0.9993, valid_precision=0.8644, valid_recall=0.6711, valid_f1=0.7556, valid_roc_auc=0.9853, valid_pr_auc=0.7564
2026-08-22 03:40:26,402 - INFO - Epoch 37/50, loss=0.0017, train_acc=0.9996, train_precision=0.9278, train_recall=0.8510, train_f1=0.8877, train_roc_auc=0.9965, train_pr_auc=0.9106, valid_acc=0.9993, valid_precision=0.8793, valid_recall=0.6711, valid_f1=0.7612, valid_roc_auc=0.9866, valid_pr_auc=0.7536
2026-08-22 03:40:40,559 - INFO - Epoch 38: new best validation PR-AUC = 0.7568
2026-08-22 03:40:40,559 - INFO - Epoch 38/50, loss=0.0017, train_acc=0.9996, train_precision=0.9281, train_recall=0.8543, train_f1=0.8897, train_roc_auc=0.9953, train_pr_auc=0.9062, valid_acc=0.9993, valid_precision=0.8500, valid_recall=0.6711, valid_f1=0.7500, valid_roc_auc=0.9856, valid_pr_auc=0.7568
2026-08-22 03:40:54,669 - INFO - Epoch 39/50, loss=0.0017, train_acc=0.9996, train_precision=0.9309, train_recall=0.8477, train_f1=0.8873, train_roc_auc=0.9947, train_pr_auc=0.9123, valid_acc=0.9993, valid_precision=0.9107, valid_recall=0.6711, valid_f1=0.7727, valid_roc_auc=0.9872, valid_pr_auc=0.7534
2026-08-22 03:41:07,489 - INFO - Epoch 40: new best validation PR-AUC = 0.7587
2026-08-22 03:41:07,489 - INFO - Epoch 40/50, loss=0.0017, train_acc=0.9996, train_precision=0.9278, train_recall=0.8510, train_f1=0.8877, train_roc_auc=0.9942, train_pr_auc=0.9124, valid_acc=0.9993, valid_precision=0.8793, valid_recall=0.6711, valid_f1=0.7612, valid_roc_auc=0.9845, valid_pr_auc=0.7587
2026-08-22 03:41:21,734 - INFO - Epoch 41/50, loss=0.0017, train_acc=0.9996, train_precision=0.9250, train_recall=0.8576, train_f1=0.8900, train_roc_auc=0.9971, train_pr_auc=0.9115, valid_acc=0.9993, valid_precision=0.8929, valid_recall=0.6579, valid_f1=0.7576, valid_roc_auc=0.9859, valid_pr_auc=0.7538
2026-08-22 03:41:35,769 - INFO - Epoch 42/50, loss=0.0016, train_acc=0.9997, train_precision=0.9350, train_recall=0.8576, train_f1=0.8946, train_roc_auc=0.9945, train_pr_auc=0.9138, valid_acc=0.9993, valid_precision=0.8644, valid_recall=0.6711, valid_f1=0.7556, valid_roc_auc=0.9848, valid_pr_auc=0.7573
2026-08-22 03:41:49,686 - INFO - Epoch 43/50, loss=0.0016, train_acc=0.9997, train_precision=0.9350, train_recall=0.8576, train_f1=0.8946, train_roc_auc=0.9965, train_pr_auc=0.9109, valid_acc=0.9993, valid_precision=0.8929, valid_recall=0.6579, valid_f1=0.7576, valid_roc_auc=0.9877, valid_pr_auc=0.7541
2026-08-22 03:42:03,680 - INFO - Epoch 44: new best validation PR-AUC = 0.7594
2026-08-22 03:42:03,680 - INFO - Epoch 44/50, loss=0.0016, train_acc=0.9997, train_precision=0.9286, train_recall=0.8609, train_f1=0.8935, train_roc_auc=0.9959, train_pr_auc=0.9164, valid_acc=0.9993, valid_precision=0.8947, valid_recall=0.6711, valid_f1=0.7669, valid_roc_auc=0.9870, valid_pr_auc=0.7594
2026-08-22 03:42:16,428 - INFO - Epoch 45/50, loss=0.0016, train_acc=0.9997, train_precision=0.9386, train_recall=0.8609, train_f1=0.8981, train_roc_auc=0.9953, train_pr_auc=0.9185, valid_acc=0.9993, valid_precision=0.8947, valid_recall=0.6711, valid_f1=0.7669, valid_roc_auc=0.9863, valid_pr_auc=0.7582
2026-08-22 03:42:29,367 - INFO - Epoch 46: new best validation PR-AUC = 0.7601
2026-08-22 03:42:29,367 - INFO - Epoch 46/50, loss=0.0016, train_acc=0.9997, train_precision=0.9377, train_recall=0.8477, train_f1=0.8904, train_roc_auc=0.9959, train_pr_auc=0.9148, valid_acc=0.9993, valid_precision=0.8793, valid_recall=0.6711, valid_f1=0.7612, valid_roc_auc=0.9855, valid_pr_auc=0.7601
2026-08-22 03:42:42,648 - INFO - Epoch 47/50, loss=0.0016, train_acc=0.9997, train_precision=0.9393, train_recall=0.8709, train_f1=0.9038, train_roc_auc=0.9954, train_pr_auc=0.9214, valid_acc=0.9993, valid_precision=0.8947, valid_recall=0.6711, valid_f1=0.7669, valid_roc_auc=0.9848, valid_pr_auc=0.7577
2026-08-22 03:42:55,908 - INFO - Epoch 48/50, loss=0.0016, train_acc=0.9997, train_precision=0.9384, train_recall=0.8576, train_f1=0.8962, train_roc_auc=0.9953, train_pr_auc=0.9215, valid_acc=0.9993, valid_precision=0.8833, valid_recall=0.6974, valid_f1=0.7794, valid_roc_auc=0.9832, valid_pr_auc=0.7576
2026-08-22 03:43:08,912 - INFO - Epoch 49/50, loss=0.0016, train_acc=0.9997, train_precision=0.9317, train_recall=0.8576, train_f1=0.8931, train_roc_auc=0.9953, train_pr_auc=0.9176, valid_acc=0.9993, valid_precision=0.8947, valid_recall=0.6711, valid_f1=0.7669, valid_roc_auc=0.9857, valid_pr_auc=0.7572
2026-08-22 03:43:21,870 - INFO - Epoch 50/50, loss=0.0016, train_acc=0.9997, train_precision=0.9355, train_recall=0.8642, train_f1=0.8985, train_roc_auc=0.9955, train_pr_auc=0.9172, valid_acc=0.9993, valid_precision=0.8772, valid_recall=0.6579, valid_f1=0.7519, valid_roc_auc=0.9868, valid_pr_auc=0.7521
2026-08-22 03:43:21,870 - INFO - Best epoch: 46
2026-08-22 03:43:21,870 - INFO - Best validation  PR-AUC:: 0.7601
2026-08-22 03:43:21,870 - INFO - Fold 3 results:
2026-08-22 03:43:21,870 - INFO - accuracy: 0.9993
2026-08-22 03:43:21,870 - INFO - f1: 0.7612
2026-08-22 03:43:21,870 - INFO - pr_auc: 0.7601
2026-08-22 03:43:21,870 - INFO - precision: 0.8793
2026-08-22 03:43:21,870 - INFO - recall: 0.6711
2026-08-22 03:43:21,870 - INFO - roc_auc: 0.9855
2026-08-22 03:43:21,870 - INFO - Model saved to models/fraud_model_index_2_fold_3.pth
2026-08-22 03:43:21,882 - INFO - 
========== Fold 4/5 ==========
2026-08-22 03:43:35,054 - INFO - Epoch 1: new best validation PR-AUC = 0.7342
2026-08-22 03:43:35,054 - INFO - Epoch 1/50, loss=0.0191, train_acc=0.9966, train_precision=0.0000, train_recall=0.0000, train_f1=0.0000, train_roc_auc=0.9347, train_pr_auc=0.1025, valid_acc=0.9983, valid_precision=0.0000, valid_recall=0.0000, valid_f1=0.0000, valid_roc_auc=0.9872, valid_pr_auc=0.7342
2026-08-22 03:43:47,095 - INFO - Epoch 2: new best validation PR-AUC = 0.7389
2026-08-22 03:43:47,095 - INFO - Epoch 2/50, loss=0.0037, train_acc=0.9984, train_precision=0.8462, train_recall=0.0364, train_f1=0.0698, train_roc_auc=0.9725, train_pr_auc=0.7342, valid_acc=0.9983, valid_precision=0.0000, valid_recall=0.0000, valid_f1=0.0000, valid_roc_auc=0.9805, valid_pr_auc=0.7389
2026-08-22 03:43:59,529 - INFO - Epoch 3: new best validation PR-AUC = 0.7457
2026-08-22 03:43:59,529 - INFO - Epoch 3/50, loss=0.0033, train_acc=0.9993, train_precision=0.8807, train_recall=0.6358, train_f1=0.7385, train_roc_auc=0.9808, train_pr_auc=0.7532, valid_acc=0.9994, valid_precision=0.8025, valid_recall=0.8553, valid_f1=0.8280, valid_roc_auc=0.9887, valid_pr_auc=0.7457
2026-08-22 03:44:12,479 - INFO - Epoch 4: new best validation PR-AUC = 0.7567
2026-08-22 03:44:12,479 - INFO - Epoch 4/50, loss=0.0032, train_acc=0.9994, train_precision=0.8478, train_recall=0.7748, train_f1=0.8097, train_roc_auc=0.9847, train_pr_auc=0.7589, valid_acc=0.9995, valid_precision=0.8250, valid_recall=0.8684, valid_f1=0.8462, valid_roc_auc=0.9900, valid_pr_auc=0.7567
2026-08-22 03:44:25,619 - INFO - Epoch 5: new best validation PR-AUC = 0.7572
2026-08-22 03:44:25,619 - INFO - Epoch 5/50, loss=0.0030, train_acc=0.9994, train_precision=0.8598, train_recall=0.7715, train_f1=0.8133, train_roc_auc=0.9866, train_pr_auc=0.7548, valid_acc=0.9994, valid_precision=0.8205, valid_recall=0.8421, valid_f1=0.8312, valid_roc_auc=0.9902, valid_pr_auc=0.7572
2026-08-22 03:44:38,658 - INFO - Epoch 6/50, loss=0.0030, train_acc=0.9994, train_precision=0.8429, train_recall=0.7815, train_f1=0.8110, train_roc_auc=0.9874, train_pr_auc=0.7443, valid_acc=0.9994, valid_precision=0.7901, valid_recall=0.8421, valid_f1=0.8153, valid_roc_auc=0.9869, valid_pr_auc=0.7553
2026-08-22 03:44:51,557 - INFO - Epoch 7: new best validation PR-AUC = 0.7582
2026-08-22 03:44:51,557 - INFO - Epoch 7/50, loss=0.0028, train_acc=0.9994, train_precision=0.8613, train_recall=0.7815, train_f1=0.8194, train_roc_auc=0.9899, train_pr_auc=0.7479, valid_acc=0.9993, valid_precision=0.7528, valid_recall=0.8816, valid_f1=0.8121, valid_roc_auc=0.9878, valid_pr_auc=0.7582
2026-08-22 03:45:04,774 - INFO - Epoch 8/50, loss=0.0028, train_acc=0.9994, train_precision=0.8545, train_recall=0.7781, train_f1=0.8146, train_roc_auc=0.9901, train_pr_auc=0.7610, valid_acc=0.9993, valid_precision=0.7647, valid_recall=0.8553, valid_f1=0.8075, valid_roc_auc=0.9885, valid_pr_auc=0.7461
2026-08-22 03:45:18,076 - INFO - Epoch 9/50, loss=0.0027, train_acc=0.9994, train_precision=0.8582, train_recall=0.7815, train_f1=0.8180, train_roc_auc=0.9912, train_pr_auc=0.7717, valid_acc=0.9993, valid_precision=0.7805, valid_recall=0.8421, valid_f1=0.8101, valid_roc_auc=0.9868, valid_pr_auc=0.7554
2026-08-22 03:45:32,419 - INFO - Epoch 10/50, loss=0.0027, train_acc=0.9994, train_precision=0.8676, train_recall=0.7815, train_f1=0.8223, train_roc_auc=0.9889, train_pr_auc=0.7534, valid_acc=0.9994, valid_precision=0.7831, valid_recall=0.8553, valid_f1=0.8176, valid_roc_auc=0.9873, valid_pr_auc=0.7552
2026-08-22 03:45:46,563 - INFO - Epoch 11: new best validation PR-AUC = 0.7807
2026-08-22 03:45:46,563 - INFO - Epoch 11/50, loss=0.0025, train_acc=0.9995, train_precision=0.8638, train_recall=0.7980, train_f1=0.8296, train_roc_auc=0.9907, train_pr_auc=0.7881, valid_acc=0.9994, valid_precision=0.8551, valid_recall=0.7763, valid_f1=0.8138, valid_roc_auc=0.9871, valid_pr_auc=0.7807
2026-08-22 03:45:59,783 - INFO - Epoch 12/50, loss=0.0025, train_acc=0.9994, train_precision=0.8704, train_recall=0.7781, train_f1=0.8217, train_roc_auc=0.9905, train_pr_auc=0.7765, valid_acc=0.9994, valid_precision=0.8400, valid_recall=0.8289, valid_f1=0.8344, valid_roc_auc=0.9845, valid_pr_auc=0.7569
2026-08-22 03:46:13,833 - INFO - Epoch 13/50, loss=0.0024, train_acc=0.9994, train_precision=0.8681, train_recall=0.7848, train_f1=0.8243, train_roc_auc=0.9911, train_pr_auc=0.7865, valid_acc=0.9994, valid_precision=0.8312, valid_recall=0.8421, valid_f1=0.8366, valid_roc_auc=0.9863, valid_pr_auc=0.7681
2026-08-22 03:46:27,881 - INFO - Epoch 14/50, loss=0.0024, train_acc=0.9994, train_precision=0.8655, train_recall=0.7881, train_f1=0.8250, train_roc_auc=0.9925, train_pr_auc=0.7872, valid_acc=0.9995, valid_precision=0.8514, valid_recall=0.8289, valid_f1=0.8400, valid_roc_auc=0.9817, valid_pr_auc=0.7755
2026-08-22 03:46:40,678 - INFO - Epoch 15: new best validation PR-AUC = 0.7822
2026-08-22 03:46:40,678 - INFO - Epoch 15/50, loss=0.0023, train_acc=0.9995, train_precision=0.8759, train_recall=0.7947, train_f1=0.8333, train_roc_auc=0.9950, train_pr_auc=0.7945, valid_acc=0.9994, valid_precision=0.8493, valid_recall=0.8158, valid_f1=0.8322, valid_roc_auc=0.9834, valid_pr_auc=0.7822
2026-08-22 03:46:53,126 - INFO - Epoch 16/50, loss=0.0023, train_acc=0.9994, train_precision=0.8659, train_recall=0.7914, train_f1=0.8270, train_roc_auc=0.9941, train_pr_auc=0.8005, valid_acc=0.9995, valid_precision=0.8533, valid_recall=0.8421, valid_f1=0.8477, valid_roc_auc=0.9840, valid_pr_auc=0.7762
2026-08-22 03:47:05,343 - INFO - Epoch 17: new best validation PR-AUC = 0.7939
2026-08-22 03:47:05,343 - INFO - Epoch 17/50, loss=0.0022, train_acc=0.9995, train_precision=0.8732, train_recall=0.7980, train_f1=0.8339, train_roc_auc=0.9944, train_pr_auc=0.8075, valid_acc=0.9995, valid_precision=0.8514, valid_recall=0.8289, valid_f1=0.8400, valid_roc_auc=0.9841, valid_pr_auc=0.7939
2026-08-22 03:47:18,230 - INFO - Epoch 18/50, loss=0.0023, train_acc=0.9995, train_precision=0.8864, train_recall=0.8013, train_f1=0.8417, train_roc_auc=0.9952, train_pr_auc=0.7959, valid_acc=0.9994, valid_precision=0.8289, valid_recall=0.8289, valid_f1=0.8289, valid_roc_auc=0.9855, valid_pr_auc=0.7918
2026-08-22 03:47:31,081 - INFO - Epoch 19: new best validation PR-AUC = 0.7988
2026-08-22 03:47:31,081 - INFO - Epoch 19/50, loss=0.0023, train_acc=0.9995, train_precision=0.8836, train_recall=0.8046, train_f1=0.8423, train_roc_auc=0.9919, train_pr_auc=0.8100, valid_acc=0.9995, valid_precision=0.8533, valid_recall=0.8421, valid_f1=0.8477, valid_roc_auc=0.9834, valid_pr_auc=0.7988
2026-08-22 03:47:44,369 - INFO - Epoch 20: new best validation PR-AUC = 0.8018
2026-08-22 03:47:44,369 - INFO - Epoch 20/50, loss=0.0022, train_acc=0.9995, train_precision=0.8845, train_recall=0.8113, train_f1=0.8463, train_roc_auc=0.9928, train_pr_auc=0.7996, valid_acc=0.9994, valid_precision=0.8312, valid_recall=0.8421, valid_f1=0.8366, valid_roc_auc=0.9809, valid_pr_auc=0.8018
2026-08-22 03:47:57,306 - INFO - Epoch 21: new best validation PR-AUC = 0.8115
2026-08-22 03:47:57,306 - INFO - Epoch 21/50, loss=0.0022, train_acc=0.9995, train_precision=0.8781, train_recall=0.8113, train_f1=0.8434, train_roc_auc=0.9940, train_pr_auc=0.8143, valid_acc=0.9994, valid_precision=0.8400, valid_recall=0.8289, valid_f1=0.8344, valid_roc_auc=0.9847, valid_pr_auc=0.8115
2026-08-22 03:48:11,031 - INFO - Epoch 22: new best validation PR-AUC = 0.8149
2026-08-22 03:48:11,031 - INFO - Epoch 22/50, loss=0.0022, train_acc=0.9995, train_precision=0.8813, train_recall=0.8113, train_f1=0.8448, train_roc_auc=0.9930, train_pr_auc=0.8109, valid_acc=0.9994, valid_precision=0.8493, valid_recall=0.8158, valid_f1=0.8322, valid_roc_auc=0.9829, valid_pr_auc=0.8149
2026-08-22 03:48:24,787 - INFO - Epoch 23: new best validation PR-AUC = 0.8158
2026-08-22 03:48:24,787 - INFO - Epoch 23/50, loss=0.0021, train_acc=0.9995, train_precision=0.8836, train_recall=0.8046, train_f1=0.8423, train_roc_auc=0.9946, train_pr_auc=0.8057, valid_acc=0.9994, valid_precision=0.8472, valid_recall=0.8026, valid_f1=0.8243, valid_roc_auc=0.9823, valid_pr_auc=0.8158
2026-08-22 03:48:38,508 - INFO - Epoch 24/50, loss=0.0022, train_acc=0.9995, train_precision=0.8934, train_recall=0.8046, train_f1=0.8467, train_roc_auc=0.9940, train_pr_auc=0.8203, valid_acc=0.9995, valid_precision=0.8514, valid_recall=0.8289, valid_f1=0.8400, valid_roc_auc=0.9808, valid_pr_auc=0.8142
2026-08-22 03:48:52,408 - INFO - Epoch 25/50, loss=0.0021, train_acc=0.9995, train_precision=0.8841, train_recall=0.8079, train_f1=0.8443, train_roc_auc=0.9946, train_pr_auc=0.8151, valid_acc=0.9994, valid_precision=0.8493, valid_recall=0.8158, valid_f1=0.8322, valid_roc_auc=0.9843, valid_pr_auc=0.8156
2026-08-22 03:49:04,761 - INFO - Epoch 26: new best validation PR-AUC = 0.8178
2026-08-22 03:49:04,761 - INFO - Epoch 26/50, loss=0.0021, train_acc=0.9995, train_precision=0.8836, train_recall=0.8046, train_f1=0.8423, train_roc_auc=0.9955, train_pr_auc=0.8297, valid_acc=0.9994, valid_precision=0.8400, valid_recall=0.8289, valid_f1=0.8344, valid_roc_auc=0.9832, valid_pr_auc=0.8178
2026-08-22 03:49:16,886 - INFO - Epoch 27: new best validation PR-AUC = 0.8260
2026-08-22 03:49:16,886 - INFO - Epoch 27/50, loss=0.0021, train_acc=0.9995, train_precision=0.8957, train_recall=0.8245, train_f1=0.8586, train_roc_auc=0.9936, train_pr_auc=0.8262, valid_acc=0.9994, valid_precision=0.8400, valid_recall=0.8289, valid_f1=0.8344, valid_roc_auc=0.9827, valid_pr_auc=0.8260
2026-08-22 03:49:29,211 - INFO - Epoch 28/50, loss=0.0021, train_acc=0.9995, train_precision=0.8921, train_recall=0.8212, train_f1=0.8552, train_roc_auc=0.9955, train_pr_auc=0.8325, valid_acc=0.9995, valid_precision=0.8514, valid_recall=0.8289, valid_f1=0.8400, valid_roc_auc=0.9813, valid_pr_auc=0.8195
2026-08-22 03:49:42,084 - INFO - Epoch 29/50, loss=0.0021, train_acc=0.9995, train_precision=0.8909, train_recall=0.8113, train_f1=0.8492, train_roc_auc=0.9954, train_pr_auc=0.8271, valid_acc=0.9995, valid_precision=0.8533, valid_recall=0.8421, valid_f1=0.8477, valid_roc_auc=0.9831, valid_pr_auc=0.8200
2026-08-22 03:49:54,924 - INFO - Epoch 30/50, loss=0.0020, train_acc=0.9995, train_precision=0.8971, train_recall=0.8079, train_f1=0.8502, train_roc_auc=0.9958, train_pr_auc=0.8408, valid_acc=0.9995, valid_precision=0.8442, valid_recall=0.8553, valid_f1=0.8497, valid_roc_auc=0.9791, valid_pr_auc=0.8177
2026-08-22 03:50:07,100 - INFO - Epoch 31: new best validation PR-AUC = 0.8325
2026-08-22 03:50:07,100 - INFO - Epoch 31/50, loss=0.0020, train_acc=0.9995, train_precision=0.8893, train_recall=0.8245, train_f1=0.8557, train_roc_auc=0.9962, train_pr_auc=0.8450, valid_acc=0.9995, valid_precision=0.8514, valid_recall=0.8289, valid_f1=0.8400, valid_roc_auc=0.9812, valid_pr_auc=0.8325
2026-08-22 03:50:20,129 - INFO - Epoch 32: new best validation PR-AUC = 0.8432
2026-08-22 03:50:20,129 - INFO - Epoch 32/50, loss=0.0019, train_acc=0.9996, train_precision=0.9097, train_recall=0.8344, train_f1=0.8705, train_roc_auc=0.9949, train_pr_auc=0.8427, valid_acc=0.9995, valid_precision=0.8514, valid_recall=0.8289, valid_f1=0.8400, valid_roc_auc=0.9809, valid_pr_auc=0.8432
2026-08-22 03:50:32,812 - INFO - Epoch 33: new best validation PR-AUC = 0.8475
2026-08-22 03:50:32,812 - INFO - Epoch 33/50, loss=0.0019, train_acc=0.9996, train_precision=0.9051, train_recall=0.8212, train_f1=0.8611, train_roc_auc=0.9961, train_pr_auc=0.8587, valid_acc=0.9994, valid_precision=0.8493, valid_recall=0.8158, valid_f1=0.8322, valid_roc_auc=0.9843, valid_pr_auc=0.8475
2026-08-22 03:50:45,667 - INFO - Epoch 34: new best validation PR-AUC = 0.8658
2026-08-22 03:50:45,667 - INFO - Epoch 34/50, loss=0.0019, train_acc=0.9996, train_precision=0.8989, train_recall=0.8245, train_f1=0.8601, train_roc_auc=0.9960, train_pr_auc=0.8666, valid_acc=0.9995, valid_precision=0.8514, valid_recall=0.8289, valid_f1=0.8400, valid_roc_auc=0.9791, valid_pr_auc=0.8658
2026-08-22 03:50:58,542 - INFO - Epoch 35/50, loss=0.0019, train_acc=0.9996, train_precision=0.9091, train_recall=0.8278, train_f1=0.8666, train_roc_auc=0.9960, train_pr_auc=0.8686, valid_acc=0.9995, valid_precision=0.8514, valid_recall=0.8289, valid_f1=0.8400, valid_roc_auc=0.9822, valid_pr_auc=0.8655
2026-08-22 03:51:11,432 - INFO - Epoch 36/50, loss=0.0018, train_acc=0.9996, train_precision=0.9039, train_recall=0.8411, train_f1=0.8714, train_roc_auc=0.9968, train_pr_auc=0.8844, valid_acc=0.9995, valid_precision=0.8514, valid_recall=0.8289, valid_f1=0.8400, valid_roc_auc=0.9816, valid_pr_auc=0.8641
2026-08-22 03:51:24,319 - INFO - Epoch 37: new best validation PR-AUC = 0.8668
2026-08-22 03:51:24,319 - INFO - Epoch 37/50, loss=0.0019, train_acc=0.9996, train_precision=0.9025, train_recall=0.8278, train_f1=0.8636, train_roc_auc=0.9965, train_pr_auc=0.8810, valid_acc=0.9995, valid_precision=0.8421, valid_recall=0.8421, valid_f1=0.8421, valid_roc_auc=0.9798, valid_pr_auc=0.8668
2026-08-22 03:51:36,339 - INFO - Epoch 38: new best validation PR-AUC = 0.8692
2026-08-22 03:51:36,339 - INFO - Epoch 38/50, loss=0.0019, train_acc=0.9996, train_precision=0.9094, train_recall=0.8311, train_f1=0.8685, train_roc_auc=0.9961, train_pr_auc=0.8817, valid_acc=0.9995, valid_precision=0.8514, valid_recall=0.8289, valid_f1=0.8400, valid_roc_auc=0.9806, valid_pr_auc=0.8692
2026-08-22 03:51:49,179 - INFO - Epoch 39: new best validation PR-AUC = 0.8702
2026-08-22 03:51:49,179 - INFO - Epoch 39/50, loss=0.0018, train_acc=0.9996, train_precision=0.9055, train_recall=0.8245, train_f1=0.8631, train_roc_auc=0.9971, train_pr_auc=0.8879, valid_acc=0.9995, valid_precision=0.8442, valid_recall=0.8553, valid_f1=0.8497, valid_roc_auc=0.9798, valid_pr_auc=0.8702
2026-08-22 03:52:01,413 - INFO - Epoch 40/50, loss=0.0018, train_acc=0.9996, train_precision=0.9036, train_recall=0.8377, train_f1=0.8694, train_roc_auc=0.9967, train_pr_auc=0.8910, valid_acc=0.9995, valid_precision=0.8514, valid_recall=0.8289, valid_f1=0.8400, valid_roc_auc=0.9788, valid_pr_auc=0.8679
2026-08-22 03:52:13,430 - INFO - Epoch 41: new best validation PR-AUC = 0.8716
2026-08-22 03:52:13,430 - INFO - Epoch 41/50, loss=0.0018, train_acc=0.9996, train_precision=0.9065, train_recall=0.8344, train_f1=0.8690, train_roc_auc=0.9957, train_pr_auc=0.8880, valid_acc=0.9995, valid_precision=0.8514, valid_recall=0.8289, valid_f1=0.8400, valid_roc_auc=0.9803, valid_pr_auc=0.8716
2026-08-22 03:52:25,237 - INFO - Epoch 42/50, loss=0.0019, train_acc=0.9996, train_precision=0.9036, train_recall=0.8377, train_f1=0.8694, train_roc_auc=0.9957, train_pr_auc=0.8888, valid_acc=0.9995, valid_precision=0.8514, valid_recall=0.8289, valid_f1=0.8400, valid_roc_auc=0.9779, valid_pr_auc=0.8705
2026-08-22 03:52:37,958 - INFO - Epoch 43: new best validation PR-AUC = 0.8761
2026-08-22 03:52:37,958 - INFO - Epoch 43/50, loss=0.0018, train_acc=0.9996, train_precision=0.9061, train_recall=0.8311, train_f1=0.8670, train_roc_auc=0.9979, train_pr_auc=0.8912, valid_acc=0.9995, valid_precision=0.8533, valid_recall=0.8421, valid_f1=0.8477, valid_roc_auc=0.9811, valid_pr_auc=0.8761
2026-08-22 03:52:49,822 - INFO - Epoch 44/50, loss=0.0018, train_acc=0.9996, train_precision=0.9032, train_recall=0.8344, train_f1=0.8675, train_roc_auc=0.9974, train_pr_auc=0.8976, valid_acc=0.9995, valid_precision=0.8514, valid_recall=0.8289, valid_f1=0.8400, valid_roc_auc=0.9780, valid_pr_auc=0.8699
2026-08-22 03:53:02,089 - INFO - Epoch 45: new best validation PR-AUC = 0.8788
2026-08-22 03:53:02,089 - INFO - Epoch 45/50, loss=0.0017, train_acc=0.9996, train_precision=0.9101, train_recall=0.8377, train_f1=0.8724, train_roc_auc=0.9976, train_pr_auc=0.9008, valid_acc=0.9994, valid_precision=0.8451, valid_recall=0.7895, valid_f1=0.8163, valid_roc_auc=0.9805, valid_pr_auc=0.8788
2026-08-22 03:53:14,932 - INFO - Epoch 46/50, loss=0.0018, train_acc=0.9996, train_precision=0.8996, train_recall=0.8311, train_f1=0.8640, train_roc_auc=0.9956, train_pr_auc=0.8963, valid_acc=0.9995, valid_precision=0.8514, valid_recall=0.8289, valid_f1=0.8400, valid_roc_auc=0.9809, valid_pr_auc=0.8715
2026-08-22 03:53:27,804 - INFO - Epoch 47/50, loss=0.0017, train_acc=0.9996, train_precision=0.9029, train_recall=0.8311, train_f1=0.8655, train_roc_auc=0.9965, train_pr_auc=0.9042, valid_acc=0.9995, valid_precision=0.8514, valid_recall=0.8289, valid_f1=0.8400, valid_roc_auc=0.9793, valid_pr_auc=0.8751
2026-08-22 03:53:40,567 - INFO - Epoch 48/50, loss=0.0017, train_acc=0.9996, train_precision=0.9137, train_recall=0.8411, train_f1=0.8759, train_roc_auc=0.9974, train_pr_auc=0.9032, valid_acc=0.9995, valid_precision=0.8514, valid_recall=0.8289, valid_f1=0.8400, valid_roc_auc=0.9778, valid_pr_auc=0.8708
2026-08-22 03:53:54,809 - INFO - Epoch 49/50, loss=0.0017, train_acc=0.9996, train_precision=0.9071, train_recall=0.8411, train_f1=0.8729, train_roc_auc=0.9982, train_pr_auc=0.9064, valid_acc=0.9994, valid_precision=0.8493, valid_recall=0.8158, valid_f1=0.8322, valid_roc_auc=0.9795, valid_pr_auc=0.8729
2026-08-22 03:54:07,806 - INFO - Epoch 50/50, loss=0.0016, train_acc=0.9996, train_precision=0.9137, train_recall=0.8411, train_f1=0.8759, train_roc_auc=0.9979, train_pr_auc=0.9096, valid_acc=0.9995, valid_precision=0.8514, valid_recall=0.8289, valid_f1=0.8400, valid_roc_auc=0.9765, valid_pr_auc=0.8739
2026-08-22 03:54:07,806 - INFO - Best epoch: 45
2026-08-22 03:54:07,806 - INFO - Best validation  PR-AUC:: 0.8788
2026-08-22 03:54:07,806 - INFO - Fold 4 results:
2026-08-22 03:54:07,806 - INFO - accuracy: 0.9994
2026-08-22 03:54:07,806 - INFO - f1: 0.8163
2026-08-22 03:54:07,806 - INFO - pr_auc: 0.8788
2026-08-22 03:54:07,806 - INFO - precision: 0.8451
2026-08-22 03:54:07,806 - INFO - recall: 0.7895
2026-08-22 03:54:07,806 - INFO - roc_auc: 0.9805
2026-08-22 03:54:07,806 - INFO - Model saved to models/fraud_model_index_2_fold_4.pth
2026-08-22 03:54:07,806 - INFO - 
========== Fold 5/5 ==========
2026-08-22 03:54:20,602 - INFO - Epoch 1: new best validation PR-AUC = 0.7398
2026-08-22 03:54:20,602 - INFO - Epoch 1/50, loss=0.0172, train_acc=0.9980, train_precision=0.0000, train_recall=0.0000, train_f1=0.0000, train_roc_auc=0.9355, train_pr_auc=0.1385, valid_acc=0.9983, valid_precision=0.0000, valid_recall=0.0000, valid_f1=0.0000, valid_roc_auc=0.9919, valid_pr_auc=0.7398
2026-08-22 03:54:33,571 - INFO - Epoch 2: new best validation PR-AUC = 0.7960
2026-08-22 03:54:33,571 - INFO - Epoch 2/50, loss=0.0037, train_acc=0.9983, train_precision=0.0000, train_recall=0.0000, train_f1=0.0000, train_roc_auc=0.9737, train_pr_auc=0.6815, valid_acc=0.9983, valid_precision=0.0000, valid_recall=0.0000, valid_f1=0.0000, valid_roc_auc=0.9797, valid_pr_auc=0.7960
2026-08-22 03:54:46,833 - INFO - Epoch 3: new best validation PR-AUC = 0.8055
2026-08-22 03:54:46,833 - INFO - Epoch 3/50, loss=0.0035, train_acc=0.9989, train_precision=0.8471, train_recall=0.4404, train_f1=0.5795, train_roc_auc=0.9800, train_pr_auc=0.7270, valid_acc=0.9995, valid_precision=0.8630, valid_recall=0.8289, valid_f1=0.8456, valid_roc_auc=0.9916, valid_pr_auc=0.8055
2026-08-22 03:55:00,147 - INFO - Epoch 4/50, loss=0.0032, train_acc=0.9994, train_precision=0.8556, train_recall=0.7649, train_f1=0.8077, train_roc_auc=0.9819, train_pr_auc=0.7457, valid_acc=0.9994, valid_precision=0.8312, valid_recall=0.8421, valid_f1=0.8366, valid_roc_auc=0.9956, valid_pr_auc=0.7851
2026-08-22 03:55:14,024 - INFO - Epoch 5/50, loss=0.0031, train_acc=0.9994, train_precision=0.8429, train_recall=0.7815, train_f1=0.8110, train_roc_auc=0.9844, train_pr_auc=0.7357, valid_acc=0.9995, valid_precision=0.8442, valid_recall=0.8553, valid_f1=0.8497, valid_roc_auc=0.9923, valid_pr_auc=0.7877
2026-08-22 03:55:28,113 - INFO - Epoch 6: new best validation PR-AUC = 0.8066
2026-08-22 03:55:28,113 - INFO - Epoch 6/50, loss=0.0029, train_acc=0.9994, train_precision=0.8369, train_recall=0.7815, train_f1=0.8082, train_roc_auc=0.9827, train_pr_auc=0.7313, valid_acc=0.9995, valid_precision=0.8841, valid_recall=0.8026, valid_f1=0.8414, valid_roc_auc=0.9961, valid_pr_auc=0.8066
2026-08-22 03:55:42,060 - INFO - Epoch 7: new best validation PR-AUC = 0.8069
2026-08-22 03:55:42,060 - INFO - Epoch 7/50, loss=0.0029, train_acc=0.9994, train_precision=0.8473, train_recall=0.7715, train_f1=0.8076, train_roc_auc=0.9827, train_pr_auc=0.7465, valid_acc=0.9994, valid_precision=0.8228, valid_recall=0.8553, valid_f1=0.8387, valid_roc_auc=0.9953, valid_pr_auc=0.8069
2026-08-22 03:55:56,019 - INFO - Epoch 8/50, loss=0.0028, train_acc=0.9994, train_precision=0.8404, train_recall=0.7848, train_f1=0.8116, train_roc_auc=0.9872, train_pr_auc=0.7542, valid_acc=0.9994, valid_precision=0.8228, valid_recall=0.8553, valid_f1=0.8387, valid_roc_auc=0.9921, valid_pr_auc=0.8001
2026-08-22 03:56:07,976 - INFO - Epoch 9: new best validation PR-AUC = 0.8111
2026-08-22 03:56:07,976 - INFO - Epoch 9/50, loss=0.0028, train_acc=0.9994, train_precision=0.8530, train_recall=0.7881, train_f1=0.8193, train_roc_auc=0.9845, train_pr_auc=0.7544, valid_acc=0.9994, valid_precision=0.8228, valid_recall=0.8553, valid_f1=0.8387, valid_roc_auc=0.9972, valid_pr_auc=0.8111
2026-08-22 03:56:20,196 - INFO - Epoch 10: new best validation PR-AUC = 0.8114
2026-08-22 03:56:20,196 - INFO - Epoch 10/50, loss=0.0027, train_acc=0.9994, train_precision=0.8434, train_recall=0.7848, train_f1=0.8130, train_roc_auc=0.9851, train_pr_auc=0.7805, valid_acc=0.9995, valid_precision=0.8333, valid_recall=0.8553, valid_f1=0.8442, valid_roc_auc=0.9961, valid_pr_auc=0.8114
2026-08-22 03:56:32,927 - INFO - Epoch 11: new best validation PR-AUC = 0.8184
2026-08-22 03:56:32,927 - INFO - Epoch 11/50, loss=0.0027, train_acc=0.9994, train_precision=0.8592, train_recall=0.7881, train_f1=0.8221, train_roc_auc=0.9853, train_pr_auc=0.7836, valid_acc=0.9994, valid_precision=0.8750, valid_recall=0.7368, valid_f1=0.8000, valid_roc_auc=0.9937, valid_pr_auc=0.8184
2026-08-22 03:56:45,818 - INFO - Epoch 12: new best validation PR-AUC = 0.8240
2026-08-22 03:56:45,818 - INFO - Epoch 12/50, loss=0.0027, train_acc=0.9994, train_precision=0.8489, train_recall=0.7815, train_f1=0.8138, train_roc_auc=0.9872, train_pr_auc=0.7859, valid_acc=0.9994, valid_precision=0.8788, valid_recall=0.7632, valid_f1=0.8169, valid_roc_auc=0.9924, valid_pr_auc=0.8240
2026-08-22 03:56:58,709 - INFO - Epoch 13: new best validation PR-AUC = 0.8280
2026-08-22 03:56:58,709 - INFO - Epoch 13/50, loss=0.0026, train_acc=0.9994, train_precision=0.8613, train_recall=0.7815, train_f1=0.8194, train_roc_auc=0.9895, train_pr_auc=0.7913, valid_acc=0.9994, valid_precision=0.8125, valid_recall=0.8553, valid_f1=0.8333, valid_roc_auc=0.9972, valid_pr_auc=0.8280
2026-08-22 03:57:12,258 - INFO - Epoch 14: new best validation PR-AUC = 0.8350
2026-08-22 03:57:12,258 - INFO - Epoch 14/50, loss=0.0026, train_acc=0.9994, train_precision=0.8486, train_recall=0.7980, train_f1=0.8225, train_roc_auc=0.9853, train_pr_auc=0.8016, valid_acc=0.9994, valid_precision=0.8228, valid_recall=0.8553, valid_f1=0.8387, valid_roc_auc=0.9952, valid_pr_auc=0.8350
2026-08-22 03:57:25,864 - INFO - Epoch 15: new best validation PR-AUC = 0.8467
2026-08-22 03:57:25,864 - INFO - Epoch 15/50, loss=0.0025, train_acc=0.9994, train_precision=0.8464, train_recall=0.7848, train_f1=0.8144, train_roc_auc=0.9871, train_pr_auc=0.8231, valid_acc=0.9995, valid_precision=0.8841, valid_recall=0.8026, valid_f1=0.8414, valid_roc_auc=0.9935, valid_pr_auc=0.8467
2026-08-22 03:57:38,741 - INFO - Epoch 16: new best validation PR-AUC = 0.8543
2026-08-22 03:57:38,741 - INFO - Epoch 16/50, loss=0.0025, train_acc=0.9994, train_precision=0.8577, train_recall=0.7781, train_f1=0.8160, train_roc_auc=0.9879, train_pr_auc=0.8340, valid_acc=0.9995, valid_precision=0.8553, valid_recall=0.8553, valid_f1=0.8553, valid_roc_auc=0.9967, valid_pr_auc=0.8543
2026-08-22 03:57:51,440 - INFO - Epoch 17: new best validation PR-AUC = 0.8606
2026-08-22 03:57:51,440 - INFO - Epoch 17/50, loss=0.0025, train_acc=0.9995, train_precision=0.8648, train_recall=0.8046, train_f1=0.8336, train_roc_auc=0.9881, train_pr_auc=0.8512, valid_acc=0.9995, valid_precision=0.8272, valid_recall=0.8816, valid_f1=0.8535, valid_roc_auc=0.9976, valid_pr_auc=0.8606
2026-08-22 03:58:04,395 - INFO - Epoch 18/50, loss=0.0024, train_acc=0.9995, train_precision=0.8691, train_recall=0.7914, train_f1=0.8284, train_roc_auc=0.9892, train_pr_auc=0.8570, valid_acc=0.9995, valid_precision=0.8333, valid_recall=0.8553, valid_f1=0.8442, valid_roc_auc=0.9906, valid_pr_auc=0.8540
2026-08-22 03:58:17,436 - INFO - Epoch 19: new best validation PR-AUC = 0.8651
2026-08-22 03:58:17,436 - INFO - Epoch 19/50, loss=0.0024, train_acc=0.9995, train_precision=0.8828, train_recall=0.7980, train_f1=0.8383, train_roc_auc=0.9905, train_pr_auc=0.8585, valid_acc=0.9995, valid_precision=0.8553, valid_recall=0.8553, valid_f1=0.8553, valid_roc_auc=0.9947, valid_pr_auc=0.8651
2026-08-22 03:58:30,320 - INFO - Epoch 20: new best validation PR-AUC = 0.8718
2026-08-22 03:58:30,320 - INFO - Epoch 20/50, loss=0.0023, train_acc=0.9995, train_precision=0.8828, train_recall=0.7980, train_f1=0.8383, train_roc_auc=0.9899, train_pr_auc=0.8658, valid_acc=0.9995, valid_precision=0.8767, valid_recall=0.8421, valid_f1=0.8591, valid_roc_auc=0.9957, valid_pr_auc=0.8718
2026-08-22 03:58:42,300 - INFO - Epoch 21/50, loss=0.0023, train_acc=0.9994, train_precision=0.8686, train_recall=0.7881, train_f1=0.8264, train_roc_auc=0.9896, train_pr_auc=0.8678, valid_acc=0.9995, valid_precision=0.8553, valid_recall=0.8553, valid_f1=0.8553, valid_roc_auc=0.9976, valid_pr_auc=0.8663
2026-08-22 03:58:54,077 - INFO - Epoch 22: new best validation PR-AUC = 0.8728
2026-08-22 03:58:54,077 - INFO - Epoch 22/50, loss=0.0023, train_acc=0.9995, train_precision=0.8778, train_recall=0.7848, train_f1=0.8287, train_roc_auc=0.9914, train_pr_auc=0.8698, valid_acc=0.9996, valid_precision=0.8904, valid_recall=0.8553, valid_f1=0.8725, valid_roc_auc=0.9954, valid_pr_auc=0.8728
2026-08-22 03:59:06,235 - INFO - Epoch 23: new best validation PR-AUC = 0.8764
2026-08-22 03:59:06,235 - INFO - Epoch 23/50, loss=0.0021, train_acc=0.9995, train_precision=0.9023, train_recall=0.7947, train_f1=0.8451, train_roc_auc=0.9917, train_pr_auc=0.8844, valid_acc=0.9995, valid_precision=0.8481, valid_recall=0.8816, valid_f1=0.8645, valid_roc_auc=0.9951, valid_pr_auc=0.8764
2026-08-22 03:59:18,479 - INFO - Epoch 24/50, loss=0.0022, train_acc=0.9995, train_precision=0.8786, train_recall=0.8146, train_f1=0.8454, train_roc_auc=0.9893, train_pr_auc=0.8765, valid_acc=0.9995, valid_precision=0.8971, valid_recall=0.8026, valid_f1=0.8472, valid_roc_auc=0.9943, valid_pr_auc=0.8724
2026-08-22 03:59:31,010 - INFO - Epoch 25/50, loss=0.0021, train_acc=0.9995, train_precision=0.8918, train_recall=0.7914, train_f1=0.8386, train_roc_auc=0.9934, train_pr_auc=0.8841, valid_acc=0.9995, valid_precision=0.9219, valid_recall=0.7763, valid_f1=0.8429, valid_roc_auc=0.9932, valid_pr_auc=0.8751
2026-08-22 03:59:43,542 - INFO - Epoch 26: new best validation PR-AUC = 0.8826
2026-08-22 03:59:43,542 - INFO - Epoch 26/50, loss=0.0021, train_acc=0.9995, train_precision=0.9216, train_recall=0.7781, train_f1=0.8438, train_roc_auc=0.9918, train_pr_auc=0.8867, valid_acc=0.9995, valid_precision=0.8272, valid_recall=0.8816, valid_f1=0.8535, valid_roc_auc=0.9969, valid_pr_auc=0.8826
2026-08-22 03:59:56,197 - INFO - Epoch 27/50, loss=0.0021, train_acc=0.9995, train_precision=0.8905, train_recall=0.8079, train_f1=0.8472, train_roc_auc=0.9927, train_pr_auc=0.8794, valid_acc=0.9995, valid_precision=0.8750, valid_recall=0.8289, valid_f1=0.8514, valid_roc_auc=0.9930, valid_pr_auc=0.8719
2026-08-22 04:00:08,867 - INFO - Epoch 28/50, loss=0.0020, train_acc=0.9995, train_precision=0.9067, train_recall=0.8046, train_f1=0.8526, train_roc_auc=0.9921, train_pr_auc=0.8885, valid_acc=0.9996, valid_precision=0.8784, valid_recall=0.8553, valid_f1=0.8667, valid_roc_auc=0.9911, valid_pr_auc=0.8777
2026-08-22 04:00:22,270 - INFO - Epoch 29/50, loss=0.0021, train_acc=0.9995, train_precision=0.9112, train_recall=0.7815, train_f1=0.8414, train_roc_auc=0.9931, train_pr_auc=0.8883, valid_acc=0.9994, valid_precision=0.8125, valid_recall=0.8553, valid_f1=0.8333, valid_roc_auc=0.9946, valid_pr_auc=0.8751
2026-08-22 04:00:36,473 - INFO - Epoch 30/50, loss=0.0018, train_acc=0.9996, train_precision=0.9361, train_recall=0.8245, train_f1=0.8768, train_roc_auc=0.9954, train_pr_auc=0.9043, valid_acc=0.9995, valid_precision=0.9091, valid_recall=0.7895, valid_f1=0.8451, valid_roc_auc=0.9970, valid_pr_auc=0.8761
2026-08-22 04:00:50,824 - INFO - Epoch 31/50, loss=0.0018, train_acc=0.9996, train_precision=0.9366, train_recall=0.8311, train_f1=0.8807, train_roc_auc=0.9950, train_pr_auc=0.9071, valid_acc=0.9994, valid_precision=0.9808, valid_recall=0.6711, valid_f1=0.7969, valid_roc_auc=0.9944, valid_pr_auc=0.8702
2026-08-22 04:01:03,841 - INFO - Epoch 32: new best validation PR-AUC = 0.8829
2026-08-22 04:01:03,841 - INFO - Epoch 32/50, loss=0.0017, train_acc=0.9996, train_precision=0.9333, train_recall=0.8344, train_f1=0.8811, train_roc_auc=0.9961, train_pr_auc=0.9093, valid_acc=0.9996, valid_precision=0.9028, valid_recall=0.8553, valid_f1=0.8784, valid_roc_auc=0.9955, valid_pr_auc=0.8829
2026-08-22 04:01:15,758 - INFO - Epoch 33/50, loss=0.0017, train_acc=0.9996, train_precision=0.9231, train_recall=0.8344, train_f1=0.8765, train_roc_auc=0.9973, train_pr_auc=0.9044, valid_acc=0.9996, valid_precision=0.8800, valid_recall=0.8684, valid_f1=0.8742, valid_roc_auc=0.9910, valid_pr_auc=0.8779
2026-08-22 04:01:27,689 - INFO - Epoch 34/50, loss=0.0018, train_acc=0.9996, train_precision=0.9403, train_recall=0.8344, train_f1=0.8842, train_roc_auc=0.9930, train_pr_auc=0.9126, valid_acc=0.9996, valid_precision=0.9155, valid_recall=0.8553, valid_f1=0.8844, valid_roc_auc=0.9950, valid_pr_auc=0.8750
2026-08-22 04:01:40,547 - INFO - Epoch 35/50, loss=0.0017, train_acc=0.9996, train_precision=0.9434, train_recall=0.8278, train_f1=0.8818, train_roc_auc=0.9971, train_pr_auc=0.9122, valid_acc=0.9996, valid_precision=0.8919, valid_recall=0.8684, valid_f1=0.8800, valid_roc_auc=0.9937, valid_pr_auc=0.8745
2026-08-22 04:01:53,611 - INFO - Epoch 36/50, loss=0.0015, train_acc=0.9997, train_precision=0.9382, train_recall=0.8543, train_f1=0.8943, train_roc_auc=0.9976, train_pr_auc=0.9221, valid_acc=0.9996, valid_precision=0.9242, valid_recall=0.8026, valid_f1=0.8592, valid_roc_auc=0.9939, valid_pr_auc=0.8738
2026-08-22 04:02:07,673 - INFO - Epoch 37/50, loss=0.0015, train_acc=0.9997, train_precision=0.9511, train_recall=0.8377, train_f1=0.8908, train_roc_auc=0.9979, train_pr_auc=0.9271, valid_acc=0.9996, valid_precision=0.9167, valid_recall=0.8684, valid_f1=0.8919, valid_roc_auc=0.9946, valid_pr_auc=0.8784
2026-08-22 04:02:21,506 - INFO - Epoch 38/50, loss=0.0015, train_acc=0.9997, train_precision=0.9624, train_recall=0.8477, train_f1=0.9014, train_roc_auc=0.9976, train_pr_auc=0.9286, valid_acc=0.9996, valid_precision=0.9265, valid_recall=0.8289, valid_f1=0.8750, valid_roc_auc=0.9937, valid_pr_auc=0.8749
2026-08-22 04:02:33,551 - INFO - Epoch 39/50, loss=0.0014, train_acc=0.9997, train_precision=0.9630, train_recall=0.8609, train_f1=0.9091, train_roc_auc=0.9985, train_pr_auc=0.9276, valid_acc=0.9996, valid_precision=0.9403, valid_recall=0.8289, valid_f1=0.8811, valid_roc_auc=0.9943, valid_pr_auc=0.8782
2026-08-22 04:02:45,668 - INFO - Epoch 40/50, loss=0.0014, train_acc=0.9997, train_precision=0.9483, train_recall=0.8510, train_f1=0.8970, train_roc_auc=0.9987, train_pr_auc=0.9288, valid_acc=0.9996, valid_precision=0.9394, valid_recall=0.8158, valid_f1=0.8732, valid_roc_auc=0.9932, valid_pr_auc=0.8736
2026-08-22 04:02:57,345 - INFO - Epoch 41/50, loss=0.0014, train_acc=0.9997, train_precision=0.9659, train_recall=0.8444, train_f1=0.9011, train_roc_auc=0.9983, train_pr_auc=0.9285, valid_acc=0.9996, valid_precision=0.9014, valid_recall=0.8421, valid_f1=0.8707, valid_roc_auc=0.9956, valid_pr_auc=0.8782
2026-08-22 04:03:09,052 - INFO - Epoch 42/50, loss=0.0014, train_acc=0.9997, train_precision=0.9625, train_recall=0.8510, train_f1=0.9033, train_roc_auc=0.9983, train_pr_auc=0.9329, valid_acc=0.9996, valid_precision=0.9412, valid_recall=0.8421, valid_f1=0.8889, valid_roc_auc=0.9943, valid_pr_auc=0.8730
2026-08-22 04:03:20,899 - INFO - Epoch 43/50, loss=0.0013, train_acc=0.9997, train_precision=0.9700, train_recall=0.8576, train_f1=0.9104, train_roc_auc=0.9986, train_pr_auc=0.9354, valid_acc=0.9996, valid_precision=0.9286, valid_recall=0.8553, valid_f1=0.8904, valid_roc_auc=0.9942, valid_pr_auc=0.8764
2026-08-22 04:03:34,837 - INFO - Epoch 44/50, loss=0.0013, train_acc=0.9997, train_precision=0.9668, train_recall=0.8675, train_f1=0.9145, train_roc_auc=0.9990, train_pr_auc=0.9358, valid_acc=0.9996, valid_precision=0.9275, valid_recall=0.8421, valid_f1=0.8828, valid_roc_auc=0.9954, valid_pr_auc=0.8765
2026-08-22 04:03:46,717 - INFO - Epoch 45/50, loss=0.0013, train_acc=0.9997, train_precision=0.9740, train_recall=0.8675, train_f1=0.9177, train_roc_auc=0.9989, train_pr_auc=0.9364, valid_acc=0.9996, valid_precision=0.9403, valid_recall=0.8289, valid_f1=0.8811, valid_roc_auc=0.9939, valid_pr_auc=0.8766
2026-08-22 04:03:59,084 - INFO - Epoch 46/50, loss=0.0013, train_acc=0.9997, train_precision=0.9630, train_recall=0.8609, train_f1=0.9091, train_roc_auc=0.9990, train_pr_auc=0.9389, valid_acc=0.9996, valid_precision=0.9412, valid_recall=0.8421, valid_f1=0.8889, valid_roc_auc=0.9947, valid_pr_auc=0.8751
2026-08-22 04:04:11,600 - INFO - Epoch 47/50, loss=0.0013, train_acc=0.9998, train_precision=0.9742, train_recall=0.8742, train_f1=0.9215, train_roc_auc=0.9990, train_pr_auc=0.9356, valid_acc=0.9996, valid_precision=0.9394, valid_recall=0.8158, valid_f1=0.8732, valid_roc_auc=0.9947, valid_pr_auc=0.8751
2026-08-22 04:04:24,364 - INFO - Epoch 48/50, loss=0.0013, train_acc=0.9997, train_precision=0.9738, train_recall=0.8609, train_f1=0.9139, train_roc_auc=0.9987, train_pr_auc=0.9387, valid_acc=0.9996, valid_precision=0.9394, valid_recall=0.8158, valid_f1=0.8732, valid_roc_auc=0.9948, valid_pr_auc=0.8758
2026-08-22 04:04:37,534 - INFO - Epoch 49/50, loss=0.0013, train_acc=0.9997, train_precision=0.9775, train_recall=0.8642, train_f1=0.9174, train_roc_auc=0.9991, train_pr_auc=0.9394, valid_acc=0.9996, valid_precision=0.9254, valid_recall=0.8158, valid_f1=0.8671, valid_roc_auc=0.9957, valid_pr_auc=0.8780
2026-08-22 04:04:50,547 - INFO - Epoch 50/50, loss=0.0013, train_acc=0.9997, train_precision=0.9560, train_recall=0.8642, train_f1=0.9078, train_roc_auc=0.9990, train_pr_auc=0.9418, valid_acc=0.9996, valid_precision=0.9394, valid_recall=0.8158, valid_f1=0.8732, valid_roc_auc=0.9933, valid_pr_auc=0.8760
2026-08-22 04:04:50,547 - INFO - Best epoch: 32
2026-08-22 04:04:50,547 - INFO - Best validation  PR-AUC:: 0.8829
2026-08-22 04:04:50,547 - INFO - Fold 5 results:
2026-08-22 04:04:50,547 - INFO - accuracy: 0.9996
2026-08-22 04:04:50,547 - INFO - f1: 0.8784
2026-08-22 04:04:50,547 - INFO - pr_auc: 0.8829
2026-08-22 04:04:50,547 - INFO - precision: 0.9028
2026-08-22 04:04:50,547 - INFO - recall: 0.8553
2026-08-22 04:04:50,547 - INFO - roc_auc: 0.9955
2026-08-22 04:04:50,547 - INFO - Model saved to models/fraud_model_index_2_fold_5.pth
2026-08-22 04:04:50,547 - INFO - ================== Training Model 3 ==================
2026-08-22 04:04:50,579 - INFO - 
========== Fold 1/5 ==========
2026-08-22 04:05:03,797 - INFO - Epoch 1: new best validation PR-AUC = 0.7367
2026-08-22 04:05:03,797 - INFO - Epoch 1/50, loss=0.0215, train_acc=0.9946, train_precision=0.0223, train_recall=0.0528, train_f1=0.0314, train_roc_auc=0.9316, train_pr_auc=0.0751, valid_acc=0.9983, valid_precision=0.0000, valid_recall=0.0000, valid_f1=0.0000, valid_roc_auc=0.9684, valid_pr_auc=0.7367
2026-08-22 04:05:17,723 - INFO - Epoch 2: new best validation PR-AUC = 0.7552
2026-08-22 04:05:17,723 - INFO - Epoch 2/50, loss=0.0036, train_acc=0.9986, train_precision=0.8608, train_recall=0.2244, train_f1=0.3560, train_roc_auc=0.9802, train_pr_auc=0.7175, valid_acc=0.9991, valid_precision=0.8864, valid_recall=0.5200, valid_f1=0.6555, valid_roc_auc=0.9658, valid_pr_auc=0.7552
2026-08-22 04:05:31,929 - INFO - Epoch 3: new best validation PR-AUC = 0.7579
2026-08-22 04:05:31,929 - INFO - Epoch 3/50, loss=0.0031, train_acc=0.9993, train_precision=0.8262, train_recall=0.7690, train_f1=0.7966, train_roc_auc=0.9835, train_pr_auc=0.7268, valid_acc=0.9995, valid_precision=0.8824, valid_recall=0.8000, valid_f1=0.8392, valid_roc_auc=0.9723, valid_pr_auc=0.7579
2026-08-22 04:05:46,247 - INFO - Epoch 4: new best validation PR-AUC = 0.7673
2026-08-22 04:05:46,247 - INFO - Epoch 4/50, loss=0.0028, train_acc=0.9994, train_precision=0.8392, train_recall=0.7921, train_f1=0.8149, train_roc_auc=0.9870, train_pr_auc=0.7516, valid_acc=0.9995, valid_precision=0.8939, valid_recall=0.7867, valid_f1=0.8369, valid_roc_auc=0.9707, valid_pr_auc=0.7673
2026-08-22 04:06:00,262 - INFO - Epoch 5: new best validation PR-AUC = 0.8036
2026-08-22 04:06:00,262 - INFO - Epoch 5/50, loss=0.0028, train_acc=0.9994, train_precision=0.8270, train_recall=0.7888, train_f1=0.8074, train_roc_auc=0.9888, train_pr_auc=0.7599, valid_acc=0.9995, valid_precision=0.9091, valid_recall=0.8000, valid_f1=0.8511, valid_roc_auc=0.9694, valid_pr_auc=0.8036
2026-08-22 04:06:12,025 - INFO - Epoch 6: new best validation PR-AUC = 0.8100
2026-08-22 04:06:12,025 - INFO - Epoch 6/50, loss=0.0027, train_acc=0.9994, train_precision=0.8415, train_recall=0.7888, train_f1=0.8143, train_roc_auc=0.9882, train_pr_auc=0.7899, valid_acc=0.9995, valid_precision=0.9077, valid_recall=0.7867, valid_f1=0.8429, valid_roc_auc=0.9745, valid_pr_auc=0.8100
2026-08-22 04:06:25,732 - INFO - Epoch 7: new best validation PR-AUC = 0.8294
2026-08-22 04:06:25,732 - INFO - Epoch 7/50, loss=0.0026, train_acc=0.9994, train_precision=0.8429, train_recall=0.7789, train_f1=0.8096, train_roc_auc=0.9875, train_pr_auc=0.8208, valid_acc=0.9995, valid_precision=0.9091, valid_recall=0.8000, valid_f1=0.8511, valid_roc_auc=0.9731, valid_pr_auc=0.8294
2026-08-22 04:06:38,854 - INFO - Epoch 8/50, loss=0.0025, train_acc=0.9994, train_precision=0.8470, train_recall=0.7855, train_f1=0.8151, train_roc_auc=0.9867, train_pr_auc=0.8316, valid_acc=0.9994, valid_precision=0.8852, valid_recall=0.7200, valid_f1=0.7941, valid_roc_auc=0.9729, valid_pr_auc=0.8220
2026-08-22 04:06:51,803 - INFO - Epoch 9/50, loss=0.0024, train_acc=0.9994, train_precision=0.8500, train_recall=0.7855, train_f1=0.8165, train_roc_auc=0.9889, train_pr_auc=0.8421, valid_acc=0.9995, valid_precision=0.9048, valid_recall=0.7600, valid_f1=0.8261, valid_roc_auc=0.9716, valid_pr_auc=0.8288
2026-08-22 04:07:04,677 - INFO - Epoch 10: new best validation PR-AUC = 0.8360
2026-08-22 04:07:04,677 - INFO - Epoch 10/50, loss=0.0024, train_acc=0.9994, train_precision=0.8475, train_recall=0.7888, train_f1=0.8171, train_roc_auc=0.9910, train_pr_auc=0.8564, valid_acc=0.9994, valid_precision=0.9032, valid_recall=0.7467, valid_f1=0.8175, valid_roc_auc=0.9716, valid_pr_auc=0.8360
2026-08-22 04:07:17,331 - INFO - Epoch 11/50, loss=0.0023, train_acc=0.9995, train_precision=0.8669, train_recall=0.7954, train_f1=0.8296, train_roc_auc=0.9901, train_pr_auc=0.8614, valid_acc=0.9994, valid_precision=0.8906, valid_recall=0.7600, valid_f1=0.8201, valid_roc_auc=0.9642, valid_pr_auc=0.8277
2026-08-22 04:07:29,692 - INFO - Epoch 12/50, loss=0.0023, train_acc=0.9995, train_precision=0.8736, train_recall=0.7987, train_f1=0.8345, train_roc_auc=0.9924, train_pr_auc=0.8606, valid_acc=0.9994, valid_precision=0.9615, valid_recall=0.6667, valid_f1=0.7874, valid_roc_auc=0.9680, valid_pr_auc=0.8335
2026-08-22 04:07:42,423 - INFO - Epoch 13/50, loss=0.0023, train_acc=0.9994, train_precision=0.8745, train_recall=0.7822, train_f1=0.8258, train_roc_auc=0.9906, train_pr_auc=0.8583, valid_acc=0.9994, valid_precision=0.9623, valid_recall=0.6800, valid_f1=0.7969, valid_roc_auc=0.9711, valid_pr_auc=0.8317
2026-08-22 04:07:55,242 - INFO - Epoch 14: new best validation PR-AUC = 0.8402
2026-08-22 04:07:55,242 - INFO - Epoch 14/50, loss=0.0020, train_acc=0.9995, train_precision=0.8881, train_recall=0.8119, train_f1=0.8483, train_roc_auc=0.9937, train_pr_auc=0.8840, valid_acc=0.9994, valid_precision=0.9153, valid_recall=0.7200, valid_f1=0.8060, valid_roc_auc=0.9758, valid_pr_auc=0.8402
2026-08-22 04:08:08,531 - INFO - Epoch 15/50, loss=0.0020, train_acc=0.9995, train_precision=0.9067, train_recall=0.8020, train_f1=0.8511, train_roc_auc=0.9943, train_pr_auc=0.8881, valid_acc=0.9994, valid_precision=0.9804, valid_recall=0.6667, valid_f1=0.7937, valid_roc_auc=0.9643, valid_pr_auc=0.8373
2026-08-22 04:08:21,958 - INFO - Epoch 16: new best validation PR-AUC = 0.8409
2026-08-22 04:08:21,958 - INFO - Epoch 16/50, loss=0.0020, train_acc=0.9996, train_precision=0.9142, train_recall=0.8086, train_f1=0.8581, train_roc_auc=0.9946, train_pr_auc=0.8884, valid_acc=0.9994, valid_precision=0.9444, valid_recall=0.6800, valid_f1=0.7907, valid_roc_auc=0.9705, valid_pr_auc=0.8409
2026-08-22 04:08:34,936 - INFO - Epoch 17: new best validation PR-AUC = 0.8465
2026-08-22 04:08:34,936 - INFO - Epoch 17/50, loss=0.0019, train_acc=0.9996, train_precision=0.9179, train_recall=0.8119, train_f1=0.8616, train_roc_auc=0.9944, train_pr_auc=0.8942, valid_acc=0.9995, valid_precision=0.9355, valid_recall=0.7733, valid_f1=0.8467, valid_roc_auc=0.9699, valid_pr_auc=0.8465
2026-08-22 04:08:47,605 - INFO - Epoch 18: new best validation PR-AUC = 0.8479
2026-08-22 04:08:47,605 - INFO - Epoch 18/50, loss=0.0019, train_acc=0.9996, train_precision=0.9354, train_recall=0.8119, train_f1=0.8693, train_roc_auc=0.9936, train_pr_auc=0.8962, valid_acc=0.9996, valid_precision=0.9231, valid_recall=0.8000, valid_f1=0.8571, valid_roc_auc=0.9688, valid_pr_auc=0.8479
2026-08-22 04:08:59,818 - INFO - Epoch 19/50, loss=0.0019, train_acc=0.9996, train_precision=0.9228, train_recall=0.8284, train_f1=0.8730, train_roc_auc=0.9928, train_pr_auc=0.8945, valid_acc=0.9996, valid_precision=0.9231, valid_recall=0.8000, valid_f1=0.8571, valid_roc_auc=0.9686, valid_pr_auc=0.8424
2026-08-22 04:09:12,803 - INFO - Epoch 20: new best validation PR-AUC = 0.8497
2026-08-22 04:09:12,803 - INFO - Epoch 20/50, loss=0.0018, train_acc=0.9996, train_precision=0.9294, train_recall=0.8251, train_f1=0.8741, train_roc_auc=0.9959, train_pr_auc=0.9033, valid_acc=0.9996, valid_precision=0.9365, valid_recall=0.7867, valid_f1=0.8551, valid_roc_auc=0.9664, valid_pr_auc=0.8497
2026-08-22 04:09:26,996 - INFO - Epoch 21/50, loss=0.0018, train_acc=0.9996, train_precision=0.9234, train_recall=0.8350, train_f1=0.8769, train_roc_auc=0.9963, train_pr_auc=0.9010, valid_acc=0.9995, valid_precision=0.9483, valid_recall=0.7333, valid_f1=0.8271, valid_roc_auc=0.9715, valid_pr_auc=0.8478
2026-08-22 04:09:40,946 - INFO - Epoch 22/50, loss=0.0017, train_acc=0.9996, train_precision=0.9368, train_recall=0.8317, train_f1=0.8811, train_roc_auc=0.9950, train_pr_auc=0.9056, valid_acc=0.9996, valid_precision=0.9508, valid_recall=0.7733, valid_f1=0.8529, valid_roc_auc=0.9660, valid_pr_auc=0.8369
2026-08-22 04:09:55,221 - INFO - Epoch 23/50, loss=0.0017, train_acc=0.9996, train_precision=0.9410, train_recall=0.8416, train_f1=0.8885, train_roc_auc=0.9963, train_pr_auc=0.9032, valid_acc=0.9996, valid_precision=0.9365, valid_recall=0.7867, valid_f1=0.8551, valid_roc_auc=0.9634, valid_pr_auc=0.8437
2026-08-22 04:10:09,567 - INFO - Epoch 24: new best validation PR-AUC = 0.8513
2026-08-22 04:10:09,567 - INFO - Epoch 24/50, loss=0.0016, train_acc=0.9997, train_precision=0.9446, train_recall=0.8449, train_f1=0.8920, train_roc_auc=0.9969, train_pr_auc=0.9141, valid_acc=0.9996, valid_precision=0.9508, valid_recall=0.7733, valid_f1=0.8529, valid_roc_auc=0.9631, valid_pr_auc=0.8513
2026-08-22 04:10:23,617 - INFO - Epoch 25/50, loss=0.0015, train_acc=0.9997, train_precision=0.9487, train_recall=0.8548, train_f1=0.8993, train_roc_auc=0.9969, train_pr_auc=0.9237, valid_acc=0.9996, valid_precision=0.9508, valid_recall=0.7733, valid_f1=0.8529, valid_roc_auc=0.9628, valid_pr_auc=0.8503
2026-08-22 04:10:35,258 - INFO - Epoch 26/50, loss=0.0015, train_acc=0.9997, train_precision=0.9590, train_recall=0.8482, train_f1=0.9002, train_roc_auc=0.9975, train_pr_auc=0.9223, valid_acc=0.9995, valid_precision=0.9219, valid_recall=0.7867, valid_f1=0.8489, valid_roc_auc=0.9607, valid_pr_auc=0.8507
2026-08-22 04:10:47,647 - INFO - Epoch 27: new best validation PR-AUC = 0.8539
2026-08-22 04:10:47,647 - INFO - Epoch 27/50, loss=0.0014, train_acc=0.9997, train_precision=0.9557, train_recall=0.8548, train_f1=0.9024, train_roc_auc=0.9977, train_pr_auc=0.9279, valid_acc=0.9995, valid_precision=0.9500, valid_recall=0.7600, valid_f1=0.8444, valid_roc_auc=0.9599, valid_pr_auc=0.8539
2026-08-22 04:11:01,041 - INFO - Epoch 28/50, loss=0.0014, train_acc=0.9997, train_precision=0.9489, train_recall=0.8581, train_f1=0.9012, train_roc_auc=0.9964, train_pr_auc=0.9334, valid_acc=0.9996, valid_precision=0.9667, valid_recall=0.7733, valid_f1=0.8593, valid_roc_auc=0.9596, valid_pr_auc=0.8445
2026-08-22 04:11:13,859 - INFO - Epoch 29/50, loss=0.0014, train_acc=0.9997, train_precision=0.9457, train_recall=0.8614, train_f1=0.9016, train_roc_auc=0.9977, train_pr_auc=0.9271, valid_acc=0.9996, valid_precision=0.9828, valid_recall=0.7600, valid_f1=0.8571, valid_roc_auc=0.9610, valid_pr_auc=0.8390
2026-08-22 04:11:26,607 - INFO - Epoch 30/50, loss=0.0014, train_acc=0.9997, train_precision=0.9560, train_recall=0.8614, train_f1=0.9062, train_roc_auc=0.9982, train_pr_auc=0.9280, valid_acc=0.9996, valid_precision=0.9508, valid_recall=0.7733, valid_f1=0.8529, valid_roc_auc=0.9562, valid_pr_auc=0.8472
2026-08-22 04:11:39,887 - INFO - Epoch 31/50, loss=0.0013, train_acc=0.9997, train_precision=0.9635, train_recall=0.8713, train_f1=0.9151, train_roc_auc=0.9986, train_pr_auc=0.9379, valid_acc=0.9996, valid_precision=0.9365, valid_recall=0.7867, valid_f1=0.8551, valid_roc_auc=0.9577, valid_pr_auc=0.8454
2026-08-22 04:11:53,637 - INFO - Epoch 32/50, loss=0.0013, train_acc=0.9997, train_precision=0.9594, train_recall=0.8581, train_f1=0.9059, train_roc_auc=0.9985, train_pr_auc=0.9337, valid_acc=0.9996, valid_precision=0.9508, valid_recall=0.7733, valid_f1=0.8529, valid_roc_auc=0.9598, valid_pr_auc=0.8463
2026-08-22 04:12:06,524 - INFO - Epoch 33/50, loss=0.0013, train_acc=0.9997, train_precision=0.9636, train_recall=0.8746, train_f1=0.9170, train_roc_auc=0.9986, train_pr_auc=0.9385, valid_acc=0.9995, valid_precision=0.9483, valid_recall=0.7333, valid_f1=0.8271, valid_roc_auc=0.9582, valid_pr_auc=0.8440
2026-08-22 04:12:18,323 - INFO - Epoch 34/50, loss=0.0013, train_acc=0.9997, train_precision=0.9634, train_recall=0.8680, train_f1=0.9132, train_roc_auc=0.9978, train_pr_auc=0.9397, valid_acc=0.9995, valid_precision=0.9655, valid_recall=0.7467, valid_f1=0.8421, valid_roc_auc=0.9578, valid_pr_auc=0.8437
2026-08-22 04:12:30,295 - INFO - Epoch 35/50, loss=0.0012, train_acc=0.9997, train_precision=0.9707, train_recall=0.8746, train_f1=0.9201, train_roc_auc=0.9985, train_pr_auc=0.9464, valid_acc=0.9996, valid_precision=0.9365, valid_recall=0.7867, valid_f1=0.8551, valid_roc_auc=0.9569, valid_pr_auc=0.8460
2026-08-22 04:12:43,754 - INFO - Epoch 36/50, loss=0.0012, train_acc=0.9997, train_precision=0.9673, train_recall=0.8779, train_f1=0.9204, train_roc_auc=0.9989, train_pr_auc=0.9432, valid_acc=0.9996, valid_precision=0.9365, valid_recall=0.7867, valid_f1=0.8551, valid_roc_auc=0.9561, valid_pr_auc=0.8473
2026-08-22 04:12:56,612 - INFO - Epoch 37/50, loss=0.0011, train_acc=0.9997, train_precision=0.9672, train_recall=0.8746, train_f1=0.9185, train_roc_auc=0.9986, train_pr_auc=0.9508, valid_acc=0.9996, valid_precision=0.9672, valid_recall=0.7867, valid_f1=0.8676, valid_roc_auc=0.9576, valid_pr_auc=0.8524
2026-08-22 04:13:09,832 - INFO - Epoch 38/50, loss=0.0011, train_acc=0.9997, train_precision=0.9704, train_recall=0.8647, train_f1=0.9145, train_roc_auc=0.9991, train_pr_auc=0.9477, valid_acc=0.9996, valid_precision=0.9365, valid_recall=0.7867, valid_f1=0.8551, valid_roc_auc=0.9551, valid_pr_auc=0.8460
2026-08-22 04:13:22,316 - INFO - Epoch 39/50, loss=0.0011, train_acc=0.9998, train_precision=0.9744, train_recall=0.8779, train_f1=0.9236, train_roc_auc=0.9989, train_pr_auc=0.9487, valid_acc=0.9996, valid_precision=0.9661, valid_recall=0.7600, valid_f1=0.8507, valid_roc_auc=0.9570, valid_pr_auc=0.8506
2026-08-22 04:13:34,650 - INFO - Epoch 40/50, loss=0.0011, train_acc=0.9998, train_precision=0.9779, train_recall=0.8746, train_f1=0.9233, train_roc_auc=0.9991, train_pr_auc=0.9466, valid_acc=0.9996, valid_precision=0.9516, valid_recall=0.7867, valid_f1=0.8613, valid_roc_auc=0.9551, valid_pr_auc=0.8483
2026-08-22 04:13:46,471 - INFO - Epoch 41/50, loss=0.0011, train_acc=0.9998, train_precision=0.9743, train_recall=0.8746, train_f1=0.9217, train_roc_auc=0.9989, train_pr_auc=0.9493, valid_acc=0.9996, valid_precision=0.9365, valid_recall=0.7867, valid_f1=0.8551, valid_roc_auc=0.9563, valid_pr_auc=0.8471
2026-08-22 04:13:58,416 - INFO - Epoch 42/50, loss=0.0011, train_acc=0.9998, train_precision=0.9782, train_recall=0.8878, train_f1=0.9308, train_roc_auc=0.9991, train_pr_auc=0.9488, valid_acc=0.9996, valid_precision=0.9508, valid_recall=0.7733, valid_f1=0.8529, valid_roc_auc=0.9547, valid_pr_auc=0.8444
2026-08-22 04:14:11,472 - INFO - Epoch 43/50, loss=0.0011, train_acc=0.9998, train_precision=0.9745, train_recall=0.8812, train_f1=0.9255, train_roc_auc=0.9991, train_pr_auc=0.9494, valid_acc=0.9995, valid_precision=0.9500, valid_recall=0.7600, valid_f1=0.8444, valid_roc_auc=0.9556, valid_pr_auc=0.8476
2026-08-22 04:14:24,268 - INFO - Epoch 44/50, loss=0.0011, train_acc=0.9998, train_precision=0.9779, train_recall=0.8779, train_f1=0.9252, train_roc_auc=0.9991, train_pr_auc=0.9495, valid_acc=0.9996, valid_precision=0.9508, valid_recall=0.7733, valid_f1=0.8529, valid_roc_auc=0.9561, valid_pr_auc=0.8477
2026-08-22 04:14:36,747 - INFO - Epoch 45/50, loss=0.0011, train_acc=0.9997, train_precision=0.9673, train_recall=0.8779, train_f1=0.9204, train_roc_auc=0.9986, train_pr_auc=0.9481, valid_acc=0.9996, valid_precision=0.9516, valid_recall=0.7867, valid_f1=0.8613, valid_roc_auc=0.9549, valid_pr_auc=0.8459
2026-08-22 04:14:49,103 - INFO - Epoch 46/50, loss=0.0011, train_acc=0.9998, train_precision=0.9744, train_recall=0.8779, train_f1=0.9236, train_roc_auc=0.9992, train_pr_auc=0.9547, valid_acc=0.9996, valid_precision=0.9672, valid_recall=0.7867, valid_f1=0.8676, valid_roc_auc=0.9570, valid_pr_auc=0.8492
2026-08-22 04:15:01,227 - INFO - Epoch 47/50, loss=0.0011, train_acc=0.9997, train_precision=0.9673, train_recall=0.8779, train_f1=0.9204, train_roc_auc=0.9991, train_pr_auc=0.9509, valid_acc=0.9996, valid_precision=0.9516, valid_recall=0.7867, valid_f1=0.8613, valid_roc_auc=0.9576, valid_pr_auc=0.8508
2026-08-22 04:15:14,073 - INFO - Epoch 48/50, loss=0.0010, train_acc=0.9998, train_precision=0.9745, train_recall=0.8845, train_f1=0.9273, train_roc_auc=0.9994, train_pr_auc=0.9553, valid_acc=0.9996, valid_precision=0.9672, valid_recall=0.7867, valid_f1=0.8676, valid_roc_auc=0.9574, valid_pr_auc=0.8530
2026-08-22 04:15:26,238 - INFO - Epoch 49/50, loss=0.0011, train_acc=0.9998, train_precision=0.9746, train_recall=0.8878, train_f1=0.9292, train_roc_auc=0.9993, train_pr_auc=0.9517, valid_acc=0.9995, valid_precision=0.9500, valid_recall=0.7600, valid_f1=0.8444, valid_roc_auc=0.9565, valid_pr_auc=0.8489
2026-08-22 04:15:40,600 - INFO - Epoch 50/50, loss=0.0011, train_acc=0.9998, train_precision=0.9709, train_recall=0.8812, train_f1=0.9239, train_roc_auc=0.9993, train_pr_auc=0.9510, valid_acc=0.9995, valid_precision=0.9500, valid_recall=0.7600, valid_f1=0.8444, valid_roc_auc=0.9563, valid_pr_auc=0.8499
2026-08-22 04:15:40,600 - INFO - Best epoch: 27
2026-08-22 04:15:40,600 - INFO - Best validation  PR-AUC:: 0.8539
2026-08-22 04:15:40,600 - INFO - Fold 1 results:
2026-08-22 04:15:40,600 - INFO - accuracy: 0.9995
2026-08-22 04:15:40,600 - INFO - f1: 0.8444
2026-08-22 04:15:40,600 - INFO - pr_auc: 0.8539
2026-08-22 04:15:40,600 - INFO - precision: 0.9500
2026-08-22 04:15:40,600 - INFO - recall: 0.7600
2026-08-22 04:15:40,600 - INFO - roc_auc: 0.9599
2026-08-22 04:15:40,600 - INFO - Model saved to models/fraud_model_index_3_fold_1.pth
2026-08-22 04:15:40,615 - INFO - 
========== Fold 2/5 ==========
2026-08-22 04:15:54,600 - INFO - Epoch 1: new best validation PR-AUC = 0.6992
2026-08-22 04:15:54,600 - INFO - Epoch 1/50, loss=0.0158, train_acc=0.9982, train_precision=0.1000, train_recall=0.0099, train_f1=0.0180, train_roc_auc=0.9440, train_pr_auc=0.1859, valid_acc=0.9983, valid_precision=0.0000, valid_recall=0.0000, valid_f1=0.0000, valid_roc_auc=0.9635, valid_pr_auc=0.6992
2026-08-22 04:16:07,403 - INFO - Epoch 2: new best validation PR-AUC = 0.7455
2026-08-22 04:16:07,413 - INFO - Epoch 2/50, loss=0.0036, train_acc=0.9985, train_precision=0.8800, train_recall=0.1452, train_f1=0.2493, train_roc_auc=0.9782, train_pr_auc=0.7409, valid_acc=0.9991, valid_precision=0.8667, valid_recall=0.5200, valid_f1=0.6500, valid_roc_auc=0.9673, valid_pr_auc=0.7455
2026-08-22 04:16:20,748 - INFO - Epoch 3: new best validation PR-AUC = 0.7617
2026-08-22 04:16:20,748 - INFO - Epoch 3/50, loss=0.0032, train_acc=0.9994, train_precision=0.8444, train_recall=0.7525, train_f1=0.7958, train_roc_auc=0.9840, train_pr_auc=0.7330, valid_acc=0.9994, valid_precision=0.8871, valid_recall=0.7333, valid_f1=0.8029, valid_roc_auc=0.9746, valid_pr_auc=0.7617
2026-08-22 04:16:34,932 - INFO - Epoch 4: new best validation PR-AUC = 0.7803
2026-08-22 04:16:34,932 - INFO - Epoch 4/50, loss=0.0029, train_acc=0.9994, train_precision=0.8316, train_recall=0.7822, train_f1=0.8061, train_roc_auc=0.9871, train_pr_auc=0.7476, valid_acc=0.9995, valid_precision=0.8696, valid_recall=0.8000, valid_f1=0.8333, valid_roc_auc=0.9769, valid_pr_auc=0.7803
2026-08-22 04:16:49,264 - INFO - Epoch 5/50, loss=0.0028, train_acc=0.9994, train_precision=0.8333, train_recall=0.7756, train_f1=0.8034, train_roc_auc=0.9883, train_pr_auc=0.7594, valid_acc=0.9995, valid_precision=0.8696, valid_recall=0.8000, valid_f1=0.8333, valid_roc_auc=0.9708, valid_pr_auc=0.7706
2026-08-22 04:17:03,143 - INFO - Epoch 6/50, loss=0.0027, train_acc=0.9994, train_precision=0.8386, train_recall=0.7888, train_f1=0.8129, train_roc_auc=0.9895, train_pr_auc=0.7321, valid_acc=0.9994, valid_precision=0.8852, valid_recall=0.7200, valid_f1=0.7941, valid_roc_auc=0.9731, valid_pr_auc=0.7631
2026-08-22 04:17:17,415 - INFO - Epoch 7/50, loss=0.0027, train_acc=0.9994, train_precision=0.8459, train_recall=0.7789, train_f1=0.8110, train_roc_auc=0.9907, train_pr_auc=0.7647, valid_acc=0.9995, valid_precision=0.8592, valid_recall=0.8133, valid_f1=0.8356, valid_roc_auc=0.9759, valid_pr_auc=0.7759
2026-08-22 04:17:31,617 - INFO - Epoch 8/50, loss=0.0025, train_acc=0.9994, train_precision=0.8386, train_recall=0.7888, train_f1=0.8129, train_roc_auc=0.9921, train_pr_auc=0.7674, valid_acc=0.9995, valid_precision=0.8824, valid_recall=0.8000, valid_f1=0.8392, valid_roc_auc=0.9738, valid_pr_auc=0.7746
2026-08-22 04:17:45,563 - INFO - Epoch 9/50, loss=0.0025, train_acc=0.9994, train_precision=0.8571, train_recall=0.7921, train_f1=0.8233, train_roc_auc=0.9939, train_pr_auc=0.7846, valid_acc=0.9994, valid_precision=0.8676, valid_recall=0.7867, valid_f1=0.8252, valid_roc_auc=0.9790, valid_pr_auc=0.7703
2026-08-22 04:18:00,032 - INFO - Epoch 10: new best validation PR-AUC = 0.7838
2026-08-22 04:18:00,032 - INFO - Epoch 10/50, loss=0.0024, train_acc=0.9994, train_precision=0.8582, train_recall=0.7987, train_f1=0.8274, train_roc_auc=0.9935, train_pr_auc=0.7793, valid_acc=0.9995, valid_precision=0.8955, valid_recall=0.8000, valid_f1=0.8451, valid_roc_auc=0.9804, valid_pr_auc=0.7838
2026-08-22 04:18:13,826 - INFO - Epoch 11: new best validation PR-AUC = 0.7917
2026-08-22 04:18:13,826 - INFO - Epoch 11/50, loss=0.0024, train_acc=0.9995, train_precision=0.8700, train_recall=0.7954, train_f1=0.8310, train_roc_auc=0.9920, train_pr_auc=0.7802, valid_acc=0.9995, valid_precision=0.9048, valid_recall=0.7600, valid_f1=0.8261, valid_roc_auc=0.9772, valid_pr_auc=0.7917
2026-08-22 04:18:27,430 - INFO - Epoch 12: new best validation PR-AUC = 0.8053
2026-08-22 04:18:27,430 - INFO - Epoch 12/50, loss=0.0024, train_acc=0.9994, train_precision=0.8633, train_recall=0.7921, train_f1=0.8262, train_roc_auc=0.9939, train_pr_auc=0.7879, valid_acc=0.9995, valid_precision=0.8592, valid_recall=0.8133, valid_f1=0.8356, valid_roc_auc=0.9796, valid_pr_auc=0.8053
2026-08-22 04:18:41,165 - INFO - Epoch 13: new best validation PR-AUC = 0.8077
2026-08-22 04:18:41,165 - INFO - Epoch 13/50, loss=0.0023, train_acc=0.9994, train_precision=0.8638, train_recall=0.7954, train_f1=0.8282, train_roc_auc=0.9941, train_pr_auc=0.8092, valid_acc=0.9995, valid_precision=0.8714, valid_recall=0.8133, valid_f1=0.8414, valid_roc_auc=0.9780, valid_pr_auc=0.8077
2026-08-22 04:18:54,801 - INFO - Epoch 14: new best validation PR-AUC = 0.8177
2026-08-22 04:18:54,801 - INFO - Epoch 14/50, loss=0.0023, train_acc=0.9995, train_precision=0.8652, train_recall=0.8053, train_f1=0.8342, train_roc_auc=0.9927, train_pr_auc=0.8220, valid_acc=0.9995, valid_precision=0.8939, valid_recall=0.7867, valid_f1=0.8369, valid_roc_auc=0.9790, valid_pr_auc=0.8177
2026-08-22 04:19:07,404 - INFO - Epoch 15: new best validation PR-AUC = 0.8381
2026-08-22 04:19:07,404 - INFO - Epoch 15/50, loss=0.0023, train_acc=0.9994, train_precision=0.8628, train_recall=0.7888, train_f1=0.8241, train_roc_auc=0.9949, train_pr_auc=0.8409, valid_acc=0.9995, valid_precision=0.8806, valid_recall=0.7867, valid_f1=0.8310, valid_roc_auc=0.9765, valid_pr_auc=0.8381
2026-08-22 04:19:19,501 - INFO - Epoch 16: new best validation PR-AUC = 0.8393
2026-08-22 04:19:19,501 - INFO - Epoch 16/50, loss=0.0022, train_acc=0.9995, train_precision=0.8796, train_recall=0.7954, train_f1=0.8354, train_roc_auc=0.9950, train_pr_auc=0.8434, valid_acc=0.9995, valid_precision=0.8824, valid_recall=0.8000, valid_f1=0.8392, valid_roc_auc=0.9786, valid_pr_auc=0.8393
2026-08-22 04:19:33,436 - INFO - Epoch 17: new best validation PR-AUC = 0.8422
2026-08-22 04:19:33,436 - INFO - Epoch 17/50, loss=0.0022, train_acc=0.9995, train_precision=0.8759, train_recall=0.8152, train_f1=0.8444, train_roc_auc=0.9952, train_pr_auc=0.8426, valid_acc=0.9995, valid_precision=0.8923, valid_recall=0.7733, valid_f1=0.8286, valid_roc_auc=0.9830, valid_pr_auc=0.8422
2026-08-22 04:19:47,631 - INFO - Epoch 18: new best validation PR-AUC = 0.8554
2026-08-22 04:19:47,631 - INFO - Epoch 18/50, loss=0.0021, train_acc=0.9995, train_precision=0.8719, train_recall=0.8086, train_f1=0.8390, train_roc_auc=0.9954, train_pr_auc=0.8753, valid_acc=0.9995, valid_precision=0.8714, valid_recall=0.8133, valid_f1=0.8414, valid_roc_auc=0.9765, valid_pr_auc=0.8554
2026-08-22 04:20:00,806 - INFO - Epoch 19: new best validation PR-AUC = 0.8581
2026-08-22 04:20:00,806 - INFO - Epoch 19/50, loss=0.0021, train_acc=0.9995, train_precision=0.8741, train_recall=0.8020, train_f1=0.8365, train_roc_auc=0.9955, train_pr_auc=0.8720, valid_acc=0.9995, valid_precision=0.8824, valid_recall=0.8000, valid_f1=0.8392, valid_roc_auc=0.9793, valid_pr_auc=0.8581
2026-08-22 04:20:12,694 - INFO - Epoch 20: new best validation PR-AUC = 0.8595
2026-08-22 04:20:12,694 - INFO - Epoch 20/50, loss=0.0020, train_acc=0.9995, train_precision=0.8799, train_recall=0.8218, train_f1=0.8498, train_roc_auc=0.9962, train_pr_auc=0.8739, valid_acc=0.9995, valid_precision=0.9091, valid_recall=0.8000, valid_f1=0.8511, valid_roc_auc=0.9748, valid_pr_auc=0.8595
2026-08-22 04:20:24,634 - INFO - Epoch 21/50, loss=0.0020, train_acc=0.9995, train_precision=0.8786, train_recall=0.8119, train_f1=0.8439, train_roc_auc=0.9961, train_pr_auc=0.8836, valid_acc=0.9995, valid_precision=0.8696, valid_recall=0.8000, valid_f1=0.8333, valid_roc_auc=0.9800, valid_pr_auc=0.8586
2026-08-22 04:20:37,586 - INFO - Epoch 22/50, loss=0.0019, train_acc=0.9995, train_precision=0.8834, train_recall=0.8251, train_f1=0.8532, train_roc_auc=0.9973, train_pr_auc=0.8870, valid_acc=0.9995, valid_precision=0.9180, valid_recall=0.7467, valid_f1=0.8235, valid_roc_auc=0.9795, valid_pr_auc=0.8522
2026-08-22 04:20:50,840 - INFO - Epoch 23: new best validation PR-AUC = 0.8699
2026-08-22 04:20:50,840 - INFO - Epoch 23/50, loss=0.0019, train_acc=0.9995, train_precision=0.8889, train_recall=0.8185, train_f1=0.8522, train_roc_auc=0.9960, train_pr_auc=0.8947, valid_acc=0.9996, valid_precision=0.9677, valid_recall=0.8000, valid_f1=0.8759, valid_roc_auc=0.9797, valid_pr_auc=0.8699
2026-08-22 04:21:04,149 - INFO - Epoch 24/50, loss=0.0019, train_acc=0.9995, train_precision=0.9101, train_recall=0.8020, train_f1=0.8526, train_roc_auc=0.9955, train_pr_auc=0.8963, valid_acc=0.9996, valid_precision=0.9516, valid_recall=0.7867, valid_f1=0.8613, valid_roc_auc=0.9827, valid_pr_auc=0.8649
2026-08-22 04:21:18,218 - INFO - Epoch 25/50, loss=0.0018, train_acc=0.9996, train_precision=0.9161, train_recall=0.8284, train_f1=0.8700, train_roc_auc=0.9952, train_pr_auc=0.9039, valid_acc=0.9996, valid_precision=0.9667, valid_recall=0.7733, valid_f1=0.8593, valid_roc_auc=0.9767, valid_pr_auc=0.8696
2026-08-22 04:21:32,502 - INFO - Epoch 26/50, loss=0.0017, train_acc=0.9996, train_precision=0.9182, train_recall=0.8152, train_f1=0.8636, train_roc_auc=0.9976, train_pr_auc=0.9064, valid_acc=0.9996, valid_precision=0.9231, valid_recall=0.8000, valid_f1=0.8571, valid_roc_auc=0.9831, valid_pr_auc=0.8600
2026-08-22 04:21:46,454 - INFO - Epoch 27: new best validation PR-AUC = 0.8731
2026-08-22 04:21:46,454 - INFO - Epoch 27/50, loss=0.0016, train_acc=0.9996, train_precision=0.9366, train_recall=0.8284, train_f1=0.8792, train_roc_auc=0.9974, train_pr_auc=0.9170, valid_acc=0.9996, valid_precision=0.9672, valid_recall=0.7867, valid_f1=0.8676, valid_roc_auc=0.9813, valid_pr_auc=0.8731
2026-08-22 04:21:59,679 - INFO - Epoch 28: new best validation PR-AUC = 0.8761
2026-08-22 04:21:59,679 - INFO - Epoch 28/50, loss=0.0015, train_acc=0.9997, train_precision=0.9485, train_recall=0.8515, train_f1=0.8974, train_roc_auc=0.9983, train_pr_auc=0.9252, valid_acc=0.9996, valid_precision=0.9831, valid_recall=0.7733, valid_f1=0.8657, valid_roc_auc=0.9800, valid_pr_auc=0.8761
2026-08-22 04:22:13,504 - INFO - Epoch 29/50, loss=0.0015, train_acc=0.9996, train_precision=0.9508, train_recall=0.8284, train_f1=0.8854, train_roc_auc=0.9986, train_pr_auc=0.9248, valid_acc=0.9996, valid_precision=0.9385, valid_recall=0.8133, valid_f1=0.8714, valid_roc_auc=0.9771, valid_pr_auc=0.8747
2026-08-22 04:22:27,032 - INFO - Epoch 30/50, loss=0.0015, train_acc=0.9997, train_precision=0.9412, train_recall=0.8449, train_f1=0.8904, train_roc_auc=0.9986, train_pr_auc=0.9267, valid_acc=0.9995, valid_precision=0.9500, valid_recall=0.7600, valid_f1=0.8444, valid_roc_auc=0.9846, valid_pr_auc=0.8723
2026-08-22 04:22:40,207 - INFO - Epoch 31/50, loss=0.0014, train_acc=0.9996, train_precision=0.9345, train_recall=0.8482, train_f1=0.8893, train_roc_auc=0.9978, train_pr_auc=0.9312, valid_acc=0.9996, valid_precision=0.9828, valid_recall=0.7600, valid_f1=0.8571, valid_roc_auc=0.9821, valid_pr_auc=0.8669
2026-08-22 04:22:52,891 - INFO - Epoch 32/50, loss=0.0013, train_acc=0.9997, train_precision=0.9583, train_recall=0.8350, train_f1=0.8924, train_roc_auc=0.9989, train_pr_auc=0.9409, valid_acc=0.9996, valid_precision=1.0000, valid_recall=0.7600, valid_f1=0.8636, valid_roc_auc=0.9802, valid_pr_auc=0.8751
2026-08-22 04:23:06,441 - INFO - Epoch 33/50, loss=0.0013, train_acc=0.9997, train_precision=0.9557, train_recall=0.8548, train_f1=0.9024, train_roc_auc=0.9990, train_pr_auc=0.9397, valid_acc=0.9996, valid_precision=0.9672, valid_recall=0.7867, valid_f1=0.8676, valid_roc_auc=0.9803, valid_pr_auc=0.8759
2026-08-22 04:23:19,669 - INFO - Epoch 34/50, loss=0.0013, train_acc=0.9997, train_precision=0.9596, train_recall=0.8614, train_f1=0.9078, train_roc_auc=0.9986, train_pr_auc=0.9366, valid_acc=0.9996, valid_precision=1.0000, valid_recall=0.7733, valid_f1=0.8722, valid_roc_auc=0.9782, valid_pr_auc=0.8746
2026-08-22 04:23:33,082 - INFO - Epoch 35/50, loss=0.0012, train_acc=0.9997, train_precision=0.9704, train_recall=0.8647, train_f1=0.9145, train_roc_auc=0.9994, train_pr_auc=0.9496, valid_acc=0.9996, valid_precision=0.9672, valid_recall=0.7867, valid_f1=0.8676, valid_roc_auc=0.9798, valid_pr_auc=0.8760
2026-08-22 04:23:47,097 - INFO - Epoch 36: new best validation PR-AUC = 0.8766
2026-08-22 04:23:47,097 - INFO - Epoch 36/50, loss=0.0012, train_acc=0.9997, train_precision=0.9591, train_recall=0.8515, train_f1=0.9021, train_roc_auc=0.9990, train_pr_auc=0.9448, valid_acc=0.9996, valid_precision=0.9672, valid_recall=0.7867, valid_f1=0.8676, valid_roc_auc=0.9785, valid_pr_auc=0.8766
2026-08-22 04:24:00,164 - INFO - Epoch 37/50, loss=0.0012, train_acc=0.9997, train_precision=0.9665, train_recall=0.8581, train_f1=0.9091, train_roc_auc=0.9992, train_pr_auc=0.9448, valid_acc=0.9996, valid_precision=0.9833, valid_recall=0.7867, valid_f1=0.8741, valid_roc_auc=0.9788, valid_pr_auc=0.8756
2026-08-22 04:24:13,791 - INFO - Epoch 38/50, loss=0.0011, train_acc=0.9997, train_precision=0.9740, train_recall=0.8647, train_f1=0.9161, train_roc_auc=0.9994, train_pr_auc=0.9508, valid_acc=0.9996, valid_precision=0.9831, valid_recall=0.7733, valid_f1=0.8657, valid_roc_auc=0.9780, valid_pr_auc=0.8765
2026-08-22 04:24:28,013 - INFO - Epoch 39/50, loss=0.0012, train_acc=0.9997, train_precision=0.9631, train_recall=0.8614, train_f1=0.9094, train_roc_auc=0.9994, train_pr_auc=0.9478, valid_acc=0.9996, valid_precision=0.9508, valid_recall=0.7733, valid_f1=0.8529, valid_roc_auc=0.9778, valid_pr_auc=0.8730
2026-08-22 04:24:42,064 - INFO - Epoch 40/50, loss=0.0011, train_acc=0.9997, train_precision=0.9631, train_recall=0.8614, train_f1=0.9094, train_roc_auc=0.9996, train_pr_auc=0.9518, valid_acc=0.9996, valid_precision=1.0000, valid_recall=0.7333, valid_f1=0.8462, valid_roc_auc=0.9773, valid_pr_auc=0.8748
2026-08-22 04:24:55,124 - INFO - Epoch 41/50, loss=0.0011, train_acc=0.9997, train_precision=0.9741, train_recall=0.8680, train_f1=0.9180, train_roc_auc=0.9994, train_pr_auc=0.9559, valid_acc=0.9996, valid_precision=1.0000, valid_recall=0.7600, valid_f1=0.8636, valid_roc_auc=0.9769, valid_pr_auc=0.8741
2026-08-22 04:25:07,384 - INFO - Epoch 42/50, loss=0.0011, train_acc=0.9997, train_precision=0.9665, train_recall=0.8581, train_f1=0.9091, train_roc_auc=0.9996, train_pr_auc=0.9550, valid_acc=0.9996, valid_precision=1.0000, valid_recall=0.7867, valid_f1=0.8806, valid_roc_auc=0.9783, valid_pr_auc=0.8741
2026-08-22 04:25:20,134 - INFO - Epoch 43/50, loss=0.0011, train_acc=0.9997, train_precision=0.9700, train_recall=0.8548, train_f1=0.9088, train_roc_auc=0.9993, train_pr_auc=0.9500, valid_acc=0.9996, valid_precision=1.0000, valid_recall=0.7600, valid_f1=0.8636, valid_roc_auc=0.9794, valid_pr_auc=0.8742
2026-08-22 04:25:32,506 - INFO - Epoch 44/50, loss=0.0011, train_acc=0.9997, train_precision=0.9739, train_recall=0.8614, train_f1=0.9142, train_roc_auc=0.9983, train_pr_auc=0.9545, valid_acc=0.9996, valid_precision=1.0000, valid_recall=0.7600, valid_f1=0.8636, valid_roc_auc=0.9786, valid_pr_auc=0.8758
2026-08-22 04:25:45,484 - INFO - Epoch 45/50, loss=0.0011, train_acc=0.9997, train_precision=0.9811, train_recall=0.8581, train_f1=0.9155, train_roc_auc=0.9997, train_pr_auc=0.9536, valid_acc=0.9996, valid_precision=1.0000, valid_recall=0.7600, valid_f1=0.8636, valid_roc_auc=0.9790, valid_pr_auc=0.8743
2026-08-22 04:25:58,093 - INFO - Epoch 46/50, loss=0.0010, train_acc=0.9997, train_precision=0.9777, train_recall=0.8680, train_f1=0.9196, train_roc_auc=0.9995, train_pr_auc=0.9585, valid_acc=0.9996, valid_precision=1.0000, valid_recall=0.7867, valid_f1=0.8806, valid_roc_auc=0.9788, valid_pr_auc=0.8765
2026-08-22 04:26:10,672 - INFO - Epoch 47/50, loss=0.0011, train_acc=0.9998, train_precision=0.9778, train_recall=0.8713, train_f1=0.9215, train_roc_auc=0.9993, train_pr_auc=0.9558, valid_acc=0.9996, valid_precision=1.0000, valid_recall=0.7867, valid_f1=0.8806, valid_roc_auc=0.9798, valid_pr_auc=0.8746
2026-08-22 04:26:23,247 - INFO - Epoch 48/50, loss=0.0011, train_acc=0.9997, train_precision=0.9813, train_recall=0.8647, train_f1=0.9193, train_roc_auc=0.9984, train_pr_auc=0.9513, valid_acc=0.9996, valid_precision=1.0000, valid_recall=0.7600, valid_f1=0.8636, valid_roc_auc=0.9792, valid_pr_auc=0.8752
2026-08-22 04:26:35,399 - INFO - Epoch 49/50, loss=0.0011, train_acc=0.9997, train_precision=0.9774, train_recall=0.8581, train_f1=0.9139, train_roc_auc=0.9996, train_pr_auc=0.9562, valid_acc=0.9996, valid_precision=1.0000, valid_recall=0.7467, valid_f1=0.8550, valid_roc_auc=0.9803, valid_pr_auc=0.8719
2026-08-22 04:26:48,038 - INFO - Epoch 50/50, loss=0.0010, train_acc=0.9998, train_precision=0.9850, train_recall=0.8680, train_f1=0.9228, train_roc_auc=0.9992, train_pr_auc=0.9590, valid_acc=0.9996, valid_precision=1.0000, valid_recall=0.7733, valid_f1=0.8722, valid_roc_auc=0.9790, valid_pr_auc=0.8762
2026-08-22 04:26:48,038 - INFO - Best epoch: 36
2026-08-22 04:26:48,038 - INFO - Best validation  PR-AUC:: 0.8766
2026-08-22 04:26:48,038 - INFO - Fold 2 results:
2026-08-22 04:26:48,038 - INFO - accuracy: 0.9996
2026-08-22 04:26:48,038 - INFO - f1: 0.8676
2026-08-22 04:26:48,038 - INFO - pr_auc: 0.8766
2026-08-22 04:26:48,038 - INFO - precision: 0.9672
2026-08-22 04:26:48,038 - INFO - recall: 0.7867
2026-08-22 04:26:48,038 - INFO - roc_auc: 0.9785
2026-08-22 04:26:48,038 - INFO - Model saved to models/fraud_model_index_3_fold_2.pth
2026-08-22 04:26:48,038 - INFO - 
========== Fold 3/5 ==========
2026-08-22 04:27:00,603 - INFO - Epoch 1: new best validation PR-AUC = 0.6970
2026-08-22 04:27:00,603 - INFO - Epoch 1/50, loss=0.0162, train_acc=0.9981, train_precision=0.0278, train_recall=0.0033, train_f1=0.0059, train_roc_auc=0.9444, train_pr_auc=0.1381, valid_acc=0.9983, valid_precision=0.0000, valid_recall=0.0000, valid_f1=0.0000, valid_roc_auc=0.9808, valid_pr_auc=0.6970
2026-08-22 04:27:13,715 - INFO - Epoch 2/50, loss=0.0034, train_acc=0.9986, train_precision=0.9000, train_recall=0.1490, train_f1=0.2557, train_roc_auc=0.9813, train_pr_auc=0.7586, valid_acc=0.9983, valid_precision=0.0000, valid_recall=0.0000, valid_f1=0.0000, valid_roc_auc=0.9736, valid_pr_auc=0.6953
2026-08-22 04:27:26,344 - INFO - Epoch 3/50, loss=0.0030, train_acc=0.9994, train_precision=0.8545, train_recall=0.7781, train_f1=0.8146, train_roc_auc=0.9818, train_pr_auc=0.7544, valid_acc=0.9991, valid_precision=0.7846, valid_recall=0.6711, valid_f1=0.7234, valid_roc_auc=0.9822, valid_pr_auc=0.6970
2026-08-22 04:27:38,968 - INFO - Epoch 4: new best validation PR-AUC = 0.7027
2026-08-22 04:27:38,968 - INFO - Epoch 4/50, loss=0.0028, train_acc=0.9995, train_precision=0.8469, train_recall=0.8245, train_f1=0.8356, train_roc_auc=0.9826, train_pr_auc=0.7725, valid_acc=0.9992, valid_precision=0.8167, valid_recall=0.6447, valid_f1=0.7206, valid_roc_auc=0.9772, valid_pr_auc=0.7027
2026-08-22 04:27:51,231 - INFO - Epoch 5: new best validation PR-AUC = 0.7053
2026-08-22 04:27:51,231 - INFO - Epoch 5/50, loss=0.0027, train_acc=0.9994, train_precision=0.8356, train_recall=0.8245, train_f1=0.8300, train_roc_auc=0.9843, train_pr_auc=0.7349, valid_acc=0.9992, valid_precision=0.8475, valid_recall=0.6579, valid_f1=0.7407, valid_roc_auc=0.9827, valid_pr_auc=0.7053
2026-08-22 04:28:03,985 - INFO - Epoch 6/50, loss=0.0025, train_acc=0.9995, train_precision=0.8576, train_recall=0.8179, train_f1=0.8373, train_roc_auc=0.9870, train_pr_auc=0.7578, valid_acc=0.9991, valid_precision=0.8033, valid_recall=0.6447, valid_f1=0.7153, valid_roc_auc=0.9707, valid_pr_auc=0.6805
2026-08-22 04:28:16,914 - INFO - Epoch 7/50, loss=0.0025, train_acc=0.9995, train_precision=0.8552, train_recall=0.8212, train_f1=0.8378, train_roc_auc=0.9858, train_pr_auc=0.7677, valid_acc=0.9992, valid_precision=0.8226, valid_recall=0.6711, valid_f1=0.7391, valid_roc_auc=0.9894, valid_pr_auc=0.7003
2026-08-22 04:28:30,247 - INFO - Epoch 8/50, loss=0.0025, train_acc=0.9995, train_precision=0.8621, train_recall=0.8278, train_f1=0.8446, train_roc_auc=0.9897, train_pr_auc=0.7760, valid_acc=0.9992, valid_precision=0.7969, valid_recall=0.6711, valid_f1=0.7286, valid_roc_auc=0.9859, valid_pr_auc=0.6829
2026-08-22 04:28:43,324 - INFO - Epoch 9: new best validation PR-AUC = 0.7115
2026-08-22 04:28:43,324 - INFO - Epoch 9/50, loss=0.0023, train_acc=0.9995, train_precision=0.8605, train_recall=0.8377, train_f1=0.8490, train_roc_auc=0.9896, train_pr_auc=0.7666, valid_acc=0.9991, valid_precision=0.7903, valid_recall=0.6447, valid_f1=0.7101, valid_roc_auc=0.9862, valid_pr_auc=0.7115
2026-08-22 04:28:56,148 - INFO - Epoch 10: new best validation PR-AUC = 0.7123
2026-08-22 04:28:56,148 - INFO - Epoch 10/50, loss=0.0023, train_acc=0.9995, train_precision=0.8667, train_recall=0.8179, train_f1=0.8416, train_roc_auc=0.9910, train_pr_auc=0.8073, valid_acc=0.9991, valid_precision=0.7937, valid_recall=0.6579, valid_f1=0.7194, valid_roc_auc=0.9862, valid_pr_auc=0.7123
2026-08-22 04:29:09,964 - INFO - Epoch 11: new best validation PR-AUC = 0.7439
2026-08-22 04:29:09,964 - INFO - Epoch 11/50, loss=0.0022, train_acc=0.9995, train_precision=0.8720, train_recall=0.8344, train_f1=0.8528, train_roc_auc=0.9900, train_pr_auc=0.8229, valid_acc=0.9992, valid_precision=0.8596, valid_recall=0.6447, valid_f1=0.7368, valid_roc_auc=0.9857, valid_pr_auc=0.7439
2026-08-22 04:29:24,213 - INFO - Epoch 12: new best validation PR-AUC = 0.7500
2026-08-22 04:29:24,213 - INFO - Epoch 12/50, loss=0.0022, train_acc=0.9995, train_precision=0.8768, train_recall=0.8245, train_f1=0.8498, train_roc_auc=0.9906, train_pr_auc=0.8447, valid_acc=0.9991, valid_precision=0.7937, valid_recall=0.6579, valid_f1=0.7194, valid_roc_auc=0.9862, valid_pr_auc=0.7500
2026-08-22 04:29:38,352 - INFO - Epoch 13/50, loss=0.0021, train_acc=0.9995, train_precision=0.8724, train_recall=0.8377, train_f1=0.8547, train_roc_auc=0.9921, train_pr_auc=0.8602, valid_acc=0.9992, valid_precision=0.8167, valid_recall=0.6447, valid_f1=0.7206, valid_roc_auc=0.9862, valid_pr_auc=0.7384
2026-08-22 04:29:52,397 - INFO - Epoch 14/50, loss=0.0021, train_acc=0.9995, train_precision=0.8754, train_recall=0.8377, train_f1=0.8562, train_roc_auc=0.9928, train_pr_auc=0.8796, valid_acc=0.9993, valid_precision=0.8750, valid_recall=0.6447, valid_f1=0.7424, valid_roc_auc=0.9860, valid_pr_auc=0.7499
2026-08-22 04:30:06,139 - INFO - Epoch 15: new best validation PR-AUC = 0.7550
2026-08-22 04:30:06,139 - INFO - Epoch 15/50, loss=0.0021, train_acc=0.9995, train_precision=0.8746, train_recall=0.8311, train_f1=0.8523, train_roc_auc=0.9922, train_pr_auc=0.8840, valid_acc=0.9992, valid_precision=0.8448, valid_recall=0.6447, valid_f1=0.7313, valid_roc_auc=0.9819, valid_pr_auc=0.7550
2026-08-22 04:30:20,447 - INFO - Epoch 16/50, loss=0.0020, train_acc=0.9995, train_precision=0.8655, train_recall=0.8311, train_f1=0.8480, train_roc_auc=0.9929, train_pr_auc=0.8924, valid_acc=0.9993, valid_precision=0.8621, valid_recall=0.6579, valid_f1=0.7463, valid_roc_auc=0.9855, valid_pr_auc=0.7541
2026-08-22 04:30:33,776 - INFO - Epoch 17/50, loss=0.0020, train_acc=0.9995, train_precision=0.8826, train_recall=0.8212, train_f1=0.8508, train_roc_auc=0.9949, train_pr_auc=0.8883, valid_acc=0.9992, valid_precision=0.8197, valid_recall=0.6579, valid_f1=0.7299, valid_roc_auc=0.9873, valid_pr_auc=0.7524
2026-08-22 04:30:46,902 - INFO - Epoch 18: new best validation PR-AUC = 0.7598
2026-08-22 04:30:46,902 - INFO - Epoch 18/50, loss=0.0019, train_acc=0.9996, train_precision=0.8964, train_recall=0.8311, train_f1=0.8625, train_roc_auc=0.9940, train_pr_auc=0.8985, valid_acc=0.9993, valid_precision=0.8308, valid_recall=0.7105, valid_f1=0.7660, valid_roc_auc=0.9888, valid_pr_auc=0.7598
2026-08-22 04:30:59,220 - INFO - Epoch 19/50, loss=0.0019, train_acc=0.9995, train_precision=0.8957, train_recall=0.8245, train_f1=0.8586, train_roc_auc=0.9946, train_pr_auc=0.9017, valid_acc=0.9992, valid_precision=0.8475, valid_recall=0.6579, valid_f1=0.7407, valid_roc_auc=0.9828, valid_pr_auc=0.7568
2026-08-22 04:31:11,742 - INFO - Epoch 20: new best validation PR-AUC = 0.7683
2026-08-22 04:31:11,742 - INFO - Epoch 20/50, loss=0.0019, train_acc=0.9996, train_precision=0.8996, train_recall=0.8311, train_f1=0.8640, train_roc_auc=0.9932, train_pr_auc=0.9023, valid_acc=0.9993, valid_precision=0.8500, valid_recall=0.6711, valid_f1=0.7500, valid_roc_auc=0.9805, valid_pr_auc=0.7683
2026-08-22 04:31:25,750 - INFO - Epoch 21/50, loss=0.0018, train_acc=0.9996, train_precision=0.9055, train_recall=0.8245, train_f1=0.8631, train_roc_auc=0.9944, train_pr_auc=0.9038, valid_acc=0.9993, valid_precision=0.8750, valid_recall=0.6447, valid_f1=0.7424, valid_roc_auc=0.9761, valid_pr_auc=0.7469
2026-08-22 04:31:37,830 - INFO - Epoch 22: new best validation PR-AUC = 0.7703
2026-08-22 04:31:37,830 - INFO - Epoch 22/50, loss=0.0018, train_acc=0.9996, train_precision=0.9134, train_recall=0.8377, train_f1=0.8739, train_roc_auc=0.9942, train_pr_auc=0.9063, valid_acc=0.9993, valid_precision=0.8571, valid_recall=0.7105, valid_f1=0.7770, valid_roc_auc=0.9855, valid_pr_auc=0.7703
2026-08-22 04:31:52,238 - INFO - Epoch 23/50, loss=0.0017, train_acc=0.9996, train_precision=0.9110, train_recall=0.8477, train_f1=0.8782, train_roc_auc=0.9944, train_pr_auc=0.9105, valid_acc=0.9993, valid_precision=0.8909, valid_recall=0.6447, valid_f1=0.7481, valid_roc_auc=0.9812, valid_pr_auc=0.7437
2026-08-22 04:32:04,254 - INFO - Epoch 24/50, loss=0.0017, train_acc=0.9996, train_precision=0.9151, train_recall=0.8212, train_f1=0.8656, train_roc_auc=0.9951, train_pr_auc=0.9127, valid_acc=0.9993, valid_precision=0.9074, valid_recall=0.6447, valid_f1=0.7538, valid_roc_auc=0.9751, valid_pr_auc=0.7628
2026-08-22 04:32:16,366 - INFO - Epoch 25/50, loss=0.0017, train_acc=0.9996, train_precision=0.9140, train_recall=0.8444, train_f1=0.8778, train_roc_auc=0.9968, train_pr_auc=0.9098, valid_acc=0.9993, valid_precision=0.9388, valid_recall=0.6053, valid_f1=0.7360, valid_roc_auc=0.9791, valid_pr_auc=0.7577
2026-08-22 04:32:28,602 - INFO - Epoch 26/50, loss=0.0015, train_acc=0.9996, train_precision=0.9370, train_recall=0.8377, train_f1=0.8846, train_roc_auc=0.9975, train_pr_auc=0.9235, valid_acc=0.9993, valid_precision=0.8772, valid_recall=0.6579, valid_f1=0.7519, valid_roc_auc=0.9826, valid_pr_auc=0.7620
2026-08-22 04:32:41,173 - INFO - Epoch 27/50, loss=0.0016, train_acc=0.9996, train_precision=0.9265, train_recall=0.8344, train_f1=0.8780, train_roc_auc=0.9965, train_pr_auc=0.9252, valid_acc=0.9992, valid_precision=0.8361, valid_recall=0.6711, valid_f1=0.7445, valid_roc_auc=0.9848, valid_pr_auc=0.7639
2026-08-22 04:32:53,234 - INFO - Epoch 28/50, loss=0.0015, train_acc=0.9997, train_precision=0.9377, train_recall=0.8477, train_f1=0.8904, train_roc_auc=0.9970, train_pr_auc=0.9280, valid_acc=0.9993, valid_precision=0.8929, valid_recall=0.6579, valid_f1=0.7576, valid_roc_auc=0.9816, valid_pr_auc=0.7615
2026-08-22 04:33:06,001 - INFO - Epoch 29/50, loss=0.0014, train_acc=0.9997, train_precision=0.9485, train_recall=0.8543, train_f1=0.8990, train_roc_auc=0.9979, train_pr_auc=0.9350, valid_acc=0.9994, valid_precision=0.9138, valid_recall=0.6974, valid_f1=0.7910, valid_roc_auc=0.9769, valid_pr_auc=0.7652
2026-08-22 04:33:18,906 - INFO - Epoch 30/50, loss=0.0014, train_acc=0.9997, train_precision=0.9491, train_recall=0.8642, train_f1=0.9047, train_roc_auc=0.9971, train_pr_auc=0.9352, valid_acc=0.9993, valid_precision=0.8833, valid_recall=0.6974, valid_f1=0.7794, valid_roc_auc=0.9802, valid_pr_auc=0.7660
2026-08-22 04:33:31,717 - INFO - Epoch 31/50, loss=0.0014, train_acc=0.9997, train_precision=0.9493, train_recall=0.8675, train_f1=0.9066, train_roc_auc=0.9975, train_pr_auc=0.9373, valid_acc=0.9993, valid_precision=0.8750, valid_recall=0.6447, valid_f1=0.7424, valid_roc_auc=0.9787, valid_pr_auc=0.7584
2026-08-22 04:33:44,168 - INFO - Epoch 32/50, loss=0.0013, train_acc=0.9997, train_precision=0.9526, train_recall=0.8642, train_f1=0.9062, train_roc_auc=0.9984, train_pr_auc=0.9431, valid_acc=0.9994, valid_precision=0.8889, valid_recall=0.7368, valid_f1=0.8058, valid_roc_auc=0.9781, valid_pr_auc=0.7620
2026-08-22 04:33:57,417 - INFO - Epoch 33/50, loss=0.0012, train_acc=0.9997, train_precision=0.9498, train_recall=0.8775, train_f1=0.9122, train_roc_auc=0.9987, train_pr_auc=0.9428, valid_acc=0.9993, valid_precision=0.8667, valid_recall=0.6842, valid_f1=0.7647, valid_roc_auc=0.9767, valid_pr_auc=0.7617
2026-08-22 04:34:11,377 - INFO - Epoch 34/50, loss=0.0013, train_acc=0.9997, train_precision=0.9594, train_recall=0.8609, train_f1=0.9075, train_roc_auc=0.9989, train_pr_auc=0.9405, valid_acc=0.9993, valid_precision=0.8833, valid_recall=0.6974, valid_f1=0.7794, valid_roc_auc=0.9740, valid_pr_auc=0.7645
2026-08-22 04:34:23,983 - INFO - Epoch 35/50, loss=0.0012, train_acc=0.9997, train_precision=0.9599, train_recall=0.8709, train_f1=0.9132, train_roc_auc=0.9988, train_pr_auc=0.9436, valid_acc=0.9994, valid_precision=0.8730, valid_recall=0.7237, valid_f1=0.7914, valid_roc_auc=0.9757, valid_pr_auc=0.7581
2026-08-22 04:34:36,829 - INFO - Epoch 36/50, loss=0.0012, train_acc=0.9997, train_precision=0.9562, train_recall=0.8675, train_f1=0.9097, train_roc_auc=0.9992, train_pr_auc=0.9465, valid_acc=0.9994, valid_precision=0.8852, valid_recall=0.7105, valid_f1=0.7883, valid_roc_auc=0.9718, valid_pr_auc=0.7594
2026-08-22 04:34:50,567 - INFO - Epoch 37/50, loss=0.0012, train_acc=0.9997, train_precision=0.9531, train_recall=0.8742, train_f1=0.9119, train_roc_auc=0.9977, train_pr_auc=0.9447, valid_acc=0.9993, valid_precision=0.8833, valid_recall=0.6974, valid_f1=0.7794, valid_roc_auc=0.9730, valid_pr_auc=0.7597
2026-08-22 04:35:03,196 - INFO - Epoch 38/50, loss=0.0012, train_acc=0.9997, train_precision=0.9600, train_recall=0.8742, train_f1=0.9151, train_roc_auc=0.9990, train_pr_auc=0.9453, valid_acc=0.9993, valid_precision=0.8772, valid_recall=0.6579, valid_f1=0.7519, valid_roc_auc=0.9752, valid_pr_auc=0.7614
2026-08-22 04:35:15,788 - INFO - Epoch 39/50, loss=0.0012, train_acc=0.9997, train_precision=0.9557, train_recall=0.8576, train_f1=0.9040, train_roc_auc=0.9986, train_pr_auc=0.9460, valid_acc=0.9994, valid_precision=0.8871, valid_recall=0.7237, valid_f1=0.7971, valid_roc_auc=0.9730, valid_pr_auc=0.7624
2026-08-22 04:35:28,218 - INFO - Epoch 40/50, loss=0.0012, train_acc=0.9997, train_precision=0.9532, train_recall=0.8775, train_f1=0.9138, train_roc_auc=0.9988, train_pr_auc=0.9486, valid_acc=0.9994, valid_precision=0.9000, valid_recall=0.7105, valid_f1=0.7941, valid_roc_auc=0.9695, valid_pr_auc=0.7592
2026-08-22 04:35:41,082 - INFO - Epoch 41/50, loss=0.0012, train_acc=0.9998, train_precision=0.9639, train_recall=0.8841, train_f1=0.9223, train_roc_auc=0.9989, train_pr_auc=0.9471, valid_acc=0.9994, valid_precision=0.8730, valid_recall=0.7237, valid_f1=0.7914, valid_roc_auc=0.9710, valid_pr_auc=0.7586
2026-08-22 04:35:54,316 - INFO - Epoch 42/50, loss=0.0012, train_acc=0.9997, train_precision=0.9527, train_recall=0.8675, train_f1=0.9081, train_roc_auc=0.9987, train_pr_auc=0.9480, valid_acc=0.9993, valid_precision=0.8793, valid_recall=0.6711, valid_f1=0.7612, valid_roc_auc=0.9742, valid_pr_auc=0.7595
2026-08-22 04:36:07,409 - INFO - Epoch 43/50, loss=0.0012, train_acc=0.9997, train_precision=0.9527, train_recall=0.8675, train_f1=0.9081, train_roc_auc=0.9992, train_pr_auc=0.9481, valid_acc=0.9993, valid_precision=0.8814, valid_recall=0.6842, valid_f1=0.7704, valid_roc_auc=0.9725, valid_pr_auc=0.7604
2026-08-22 04:36:20,626 - INFO - Epoch 44/50, loss=0.0012, train_acc=0.9997, train_precision=0.9531, train_recall=0.8742, train_f1=0.9119, train_roc_auc=0.9991, train_pr_auc=0.9455, valid_acc=0.9994, valid_precision=0.8889, valid_recall=0.7368, valid_f1=0.8058, valid_roc_auc=0.9698, valid_pr_auc=0.7606
2026-08-22 04:36:33,596 - INFO - Epoch 45/50, loss=0.0012, train_acc=0.9997, train_precision=0.9534, train_recall=0.8808, train_f1=0.9157, train_roc_auc=0.9989, train_pr_auc=0.9472, valid_acc=0.9994, valid_precision=0.8889, valid_recall=0.7368, valid_f1=0.8058, valid_roc_auc=0.9700, valid_pr_auc=0.7599
2026-08-22 04:36:46,155 - INFO - Epoch 46/50, loss=0.0012, train_acc=0.9997, train_precision=0.9599, train_recall=0.8709, train_f1=0.9132, train_roc_auc=0.9989, train_pr_auc=0.9427, valid_acc=0.9994, valid_precision=0.8871, valid_recall=0.7237, valid_f1=0.7971, valid_roc_auc=0.9717, valid_pr_auc=0.7611
2026-08-22 04:36:58,636 - INFO - Epoch 47/50, loss=0.0011, train_acc=0.9997, train_precision=0.9604, train_recall=0.8841, train_f1=0.9207, train_roc_auc=0.9990, train_pr_auc=0.9499, valid_acc=0.9994, valid_precision=0.8852, valid_recall=0.7105, valid_f1=0.7883, valid_roc_auc=0.9685, valid_pr_auc=0.7599
2026-08-22 04:37:10,651 - INFO - Epoch 48/50, loss=0.0012, train_acc=0.9997, train_precision=0.9634, train_recall=0.8709, train_f1=0.9148, train_roc_auc=0.9991, train_pr_auc=0.9475, valid_acc=0.9994, valid_precision=0.8889, valid_recall=0.7368, valid_f1=0.8058, valid_roc_auc=0.9682, valid_pr_auc=0.7611
2026-08-22 04:37:22,545 - INFO - Epoch 49/50, loss=0.0012, train_acc=0.9997, train_precision=0.9596, train_recall=0.8642, train_f1=0.9094, train_roc_auc=0.9993, train_pr_auc=0.9477, valid_acc=0.9994, valid_precision=0.8852, valid_recall=0.7105, valid_f1=0.7883, valid_roc_auc=0.9707, valid_pr_auc=0.7605
2026-08-22 04:37:34,962 - INFO - Epoch 50/50, loss=0.0012, train_acc=0.9997, train_precision=0.9565, train_recall=0.8742, train_f1=0.9135, train_roc_auc=0.9991, train_pr_auc=0.9457, valid_acc=0.9992, valid_precision=0.8596, valid_recall=0.6447, valid_f1=0.7368, valid_roc_auc=0.9679, valid_pr_auc=0.7588
2026-08-22 04:37:34,972 - INFO - Best epoch: 22
2026-08-22 04:37:34,972 - INFO - Best validation  PR-AUC:: 0.7703
2026-08-22 04:37:34,972 - INFO - Fold 3 results:
2026-08-22 04:37:34,972 - INFO - accuracy: 0.9993
2026-08-22 04:37:34,972 - INFO - f1: 0.7770
2026-08-22 04:37:34,972 - INFO - pr_auc: 0.7703
2026-08-22 04:37:34,972 - INFO - precision: 0.8571
2026-08-22 04:37:34,972 - INFO - recall: 0.7105
2026-08-22 04:37:34,972 - INFO - roc_auc: 0.9855
2026-08-22 04:37:34,972 - INFO - Model saved to models/fraud_model_index_3_fold_3.pth
2026-08-22 04:37:34,972 - INFO - 
========== Fold 4/5 ==========
2026-08-22 04:37:48,468 - INFO - Epoch 1: new best validation PR-AUC = 0.7531
2026-08-22 04:37:48,468 - INFO - Epoch 1/50, loss=0.0194, train_acc=0.9963, train_precision=0.0380, train_recall=0.0497, train_f1=0.0430, train_roc_auc=0.9375, train_pr_auc=0.1056, valid_acc=0.9983, valid_precision=0.0000, valid_recall=0.0000, valid_f1=0.0000, valid_roc_auc=0.9729, valid_pr_auc=0.7531
2026-08-22 04:38:02,398 - INFO - Epoch 2/50, loss=0.0037, train_acc=0.9987, train_precision=0.8608, train_recall=0.2252, train_f1=0.3570, train_roc_auc=0.9760, train_pr_auc=0.7381, valid_acc=0.9994, valid_precision=0.8571, valid_recall=0.7895, valid_f1=0.8219, valid_roc_auc=0.9866, valid_pr_auc=0.7222
2026-08-22 04:38:16,584 - INFO - Epoch 3/50, loss=0.0032, train_acc=0.9994, train_precision=0.8669, train_recall=0.7550, train_f1=0.8071, train_roc_auc=0.9763, train_pr_auc=0.7590, valid_acc=0.9994, valid_precision=0.8289, valid_recall=0.8289, valid_f1=0.8289, valid_roc_auc=0.9881, valid_pr_auc=0.7519
2026-08-22 04:38:29,802 - INFO - Epoch 4/50, loss=0.0030, train_acc=0.9994, train_precision=0.8509, train_recall=0.7748, train_f1=0.8111, train_roc_auc=0.9823, train_pr_auc=0.7710, valid_acc=0.9993, valid_precision=0.7848, valid_recall=0.8158, valid_f1=0.8000, valid_roc_auc=0.9880, valid_pr_auc=0.7219
2026-08-22 04:38:42,697 - INFO - Epoch 5/50, loss=0.0027, train_acc=0.9994, train_precision=0.8484, train_recall=0.7781, train_f1=0.8117, train_roc_auc=0.9878, train_pr_auc=0.7560, valid_acc=0.9993, valid_precision=0.7875, valid_recall=0.8289, valid_f1=0.8077, valid_roc_auc=0.9893, valid_pr_auc=0.7288
2026-08-22 04:38:55,946 - INFO - Epoch 6: new best validation PR-AUC = 0.7627
2026-08-22 04:38:55,946 - INFO - Epoch 6/50, loss=0.0027, train_acc=0.9994, train_precision=0.8429, train_recall=0.7815, train_f1=0.8110, train_roc_auc=0.9899, train_pr_auc=0.7680, valid_acc=0.9994, valid_precision=0.8267, valid_recall=0.8158, valid_f1=0.8212, valid_roc_auc=0.9899, valid_pr_auc=0.7627
2026-08-22 04:39:09,178 - INFO - Epoch 7: new best validation PR-AUC = 0.8117
2026-08-22 04:39:09,178 - INFO - Epoch 7/50, loss=0.0026, train_acc=0.9994, train_precision=0.8587, train_recall=0.7848, train_f1=0.8201, train_roc_auc=0.9898, train_pr_auc=0.7801, valid_acc=0.9994, valid_precision=0.8400, valid_recall=0.8289, valid_f1=0.8344, valid_roc_auc=0.9856, valid_pr_auc=0.8117
2026-08-22 04:39:23,318 - INFO - Epoch 8/50, loss=0.0026, train_acc=0.9994, train_precision=0.8628, train_recall=0.7914, train_f1=0.8256, train_roc_auc=0.9892, train_pr_auc=0.7699, valid_acc=0.9994, valid_precision=0.8158, valid_recall=0.8158, valid_f1=0.8158, valid_roc_auc=0.9863, valid_pr_auc=0.8041
2026-08-22 04:39:37,042 - INFO - Epoch 9/50, loss=0.0025, train_acc=0.9994, train_precision=0.8686, train_recall=0.7881, train_f1=0.8264, train_roc_auc=0.9909, train_pr_auc=0.7698, valid_acc=0.9994, valid_precision=0.8077, valid_recall=0.8289, valid_f1=0.8182, valid_roc_auc=0.9906, valid_pr_auc=0.8116
2026-08-22 04:39:51,123 - INFO - Epoch 10/50, loss=0.0026, train_acc=0.9995, train_precision=0.8691, train_recall=0.7914, train_f1=0.8284, train_roc_auc=0.9901, train_pr_auc=0.7898, valid_acc=0.9994, valid_precision=0.7901, valid_recall=0.8421, valid_f1=0.8153, valid_roc_auc=0.9868, valid_pr_auc=0.8091
2026-08-22 04:40:03,687 - INFO - Epoch 11: new best validation PR-AUC = 0.8251
2026-08-22 04:40:03,687 - INFO - Epoch 11/50, loss=0.0024, train_acc=0.9995, train_precision=0.8664, train_recall=0.7947, train_f1=0.8290, train_roc_auc=0.9927, train_pr_auc=0.7898, valid_acc=0.9994, valid_precision=0.8205, valid_recall=0.8421, valid_f1=0.8312, valid_roc_auc=0.9855, valid_pr_auc=0.8251
2026-08-22 04:40:15,565 - INFO - Epoch 12: new best validation PR-AUC = 0.8487
2026-08-22 04:40:15,565 - INFO - Epoch 12/50, loss=0.0023, train_acc=0.9995, train_precision=0.8843, train_recall=0.7848, train_f1=0.8316, train_roc_auc=0.9939, train_pr_auc=0.8170, valid_acc=0.9994, valid_precision=0.7831, valid_recall=0.8553, valid_f1=0.8176, valid_roc_auc=0.9881, valid_pr_auc=0.8487
2026-08-22 04:40:27,923 - INFO - Epoch 13: new best validation PR-AUC = 0.8685
2026-08-22 04:40:27,923 - INFO - Epoch 13/50, loss=0.0023, train_acc=0.9995, train_precision=0.8787, train_recall=0.7914, train_f1=0.8328, train_roc_auc=0.9936, train_pr_auc=0.8340, valid_acc=0.9994, valid_precision=0.8205, valid_recall=0.8421, valid_f1=0.8312, valid_roc_auc=0.9863, valid_pr_auc=0.8685
2026-08-22 04:40:42,148 - INFO - Epoch 14: new best validation PR-AUC = 0.8710
2026-08-22 04:40:42,148 - INFO - Epoch 14/50, loss=0.0022, train_acc=0.9995, train_precision=0.8794, train_recall=0.8212, train_f1=0.8493, train_roc_auc=0.9936, train_pr_auc=0.8443, valid_acc=0.9995, valid_precision=0.8514, valid_recall=0.8289, valid_f1=0.8400, valid_roc_auc=0.9871, valid_pr_auc=0.8710
2026-08-22 04:40:56,125 - INFO - Epoch 15/50, loss=0.0022, train_acc=0.9995, train_precision=0.8869, train_recall=0.8046, train_f1=0.8438, train_roc_auc=0.9933, train_pr_auc=0.8563, valid_acc=0.9994, valid_precision=0.8400, valid_recall=0.8289, valid_f1=0.8344, valid_roc_auc=0.9852, valid_pr_auc=0.8706
2026-08-22 04:41:09,389 - INFO - Epoch 16: new best validation PR-AUC = 0.8738
2026-08-22 04:41:09,389 - INFO - Epoch 16/50, loss=0.0022, train_acc=0.9995, train_precision=0.8869, train_recall=0.8046, train_f1=0.8438, train_roc_auc=0.9939, train_pr_auc=0.8616, valid_acc=0.9995, valid_precision=0.8514, valid_recall=0.8289, valid_f1=0.8400, valid_roc_auc=0.9838, valid_pr_auc=0.8738
2026-08-22 04:41:23,774 - INFO - Epoch 17: new best validation PR-AUC = 0.8740
2026-08-22 04:41:23,774 - INFO - Epoch 17/50, loss=0.0021, train_acc=0.9995, train_precision=0.8873, train_recall=0.8079, train_f1=0.8458, train_roc_auc=0.9940, train_pr_auc=0.8736, valid_acc=0.9994, valid_precision=0.8312, valid_recall=0.8421, valid_f1=0.8366, valid_roc_auc=0.9861, valid_pr_auc=0.8740
2026-08-22 04:41:37,640 - INFO - Epoch 18/50, loss=0.0021, train_acc=0.9995, train_precision=0.8953, train_recall=0.8212, train_f1=0.8566, train_roc_auc=0.9939, train_pr_auc=0.8757, valid_acc=0.9994, valid_precision=0.8400, valid_recall=0.8289, valid_f1=0.8344, valid_roc_auc=0.9825, valid_pr_auc=0.8704
2026-08-22 04:41:51,862 - INFO - Epoch 19: new best validation PR-AUC = 0.8814
2026-08-22 04:41:51,862 - INFO - Epoch 19/50, loss=0.0021, train_acc=0.9995, train_precision=0.8949, train_recall=0.8179, train_f1=0.8547, train_roc_auc=0.9924, train_pr_auc=0.8808, valid_acc=0.9995, valid_precision=0.8421, valid_recall=0.8421, valid_f1=0.8421, valid_roc_auc=0.9845, valid_pr_auc=0.8814
2026-08-22 04:42:06,036 - INFO - Epoch 20/50, loss=0.0021, train_acc=0.9995, train_precision=0.8921, train_recall=0.8212, train_f1=0.8552, train_roc_auc=0.9941, train_pr_auc=0.8771, valid_acc=0.9995, valid_precision=0.8442, valid_recall=0.8553, valid_f1=0.8497, valid_roc_auc=0.9835, valid_pr_auc=0.8758
2026-08-22 04:42:20,183 - INFO - Epoch 21: new best validation PR-AUC = 0.8846
2026-08-22 04:42:20,183 - INFO - Epoch 21/50, loss=0.0020, train_acc=0.9996, train_precision=0.9018, train_recall=0.8212, train_f1=0.8596, train_roc_auc=0.9916, train_pr_auc=0.8876, valid_acc=0.9995, valid_precision=0.8333, valid_recall=0.8553, valid_f1=0.8442, valid_roc_auc=0.9834, valid_pr_auc=0.8846
2026-08-22 04:42:33,626 - INFO - Epoch 22/50, loss=0.0020, train_acc=0.9995, train_precision=0.8986, train_recall=0.8212, train_f1=0.8581, train_roc_auc=0.9951, train_pr_auc=0.8887, valid_acc=0.9995, valid_precision=0.8442, valid_recall=0.8553, valid_f1=0.8497, valid_roc_auc=0.9829, valid_pr_auc=0.8741
2026-08-22 04:42:46,619 - INFO - Epoch 23/50, loss=0.0019, train_acc=0.9995, train_precision=0.8917, train_recall=0.8179, train_f1=0.8532, train_roc_auc=0.9942, train_pr_auc=0.8976, valid_acc=0.9995, valid_precision=0.8986, valid_recall=0.8158, valid_f1=0.8552, valid_roc_auc=0.9849, valid_pr_auc=0.8813
2026-08-22 04:42:59,242 - INFO - Epoch 24/50, loss=0.0019, train_acc=0.9996, train_precision=0.9094, train_recall=0.8311, train_f1=0.8685, train_roc_auc=0.9956, train_pr_auc=0.8945, valid_acc=0.9996, valid_precision=0.9254, valid_recall=0.8158, valid_f1=0.8671, valid_roc_auc=0.9788, valid_pr_auc=0.8845
2026-08-22 04:43:11,911 - INFO - Epoch 25/50, loss=0.0018, train_acc=0.9996, train_precision=0.9225, train_recall=0.8278, train_f1=0.8726, train_roc_auc=0.9941, train_pr_auc=0.9093, valid_acc=0.9996, valid_precision=0.9275, valid_recall=0.8421, valid_f1=0.8828, valid_roc_auc=0.9801, valid_pr_auc=0.8816
2026-08-22 04:43:24,755 - INFO - Epoch 26/50, loss=0.0017, train_acc=0.9996, train_precision=0.9331, train_recall=0.8311, train_f1=0.8792, train_roc_auc=0.9954, train_pr_auc=0.9126, valid_acc=0.9996, valid_precision=0.9265, valid_recall=0.8289, valid_f1=0.8750, valid_roc_auc=0.9829, valid_pr_auc=0.8806
2026-08-22 04:43:37,552 - INFO - Epoch 27/50, loss=0.0016, train_acc=0.9996, train_precision=0.9336, train_recall=0.8377, train_f1=0.8831, train_roc_auc=0.9977, train_pr_auc=0.9233, valid_acc=0.9996, valid_precision=0.8904, valid_recall=0.8553, valid_f1=0.8725, valid_roc_auc=0.9779, valid_pr_auc=0.8831
2026-08-22 04:43:50,674 - INFO - Epoch 28/50, loss=0.0016, train_acc=0.9997, train_precision=0.9410, train_recall=0.8444, train_f1=0.8901, train_roc_auc=0.9956, train_pr_auc=0.9202, valid_acc=0.9996, valid_precision=0.9155, valid_recall=0.8553, valid_f1=0.8844, valid_roc_auc=0.9792, valid_pr_auc=0.8829
2026-08-22 04:44:03,943 - INFO - Epoch 29/50, loss=0.0016, train_acc=0.9997, train_precision=0.9449, train_recall=0.8510, train_f1=0.8955, train_roc_auc=0.9967, train_pr_auc=0.9208, valid_acc=0.9996, valid_precision=0.9028, valid_recall=0.8553, valid_f1=0.8784, valid_roc_auc=0.9774, valid_pr_auc=0.8791
2026-08-22 04:44:16,218 - INFO - Epoch 30/50, loss=0.0016, train_acc=0.9997, train_precision=0.9551, train_recall=0.8444, train_f1=0.8963, train_roc_auc=0.9955, train_pr_auc=0.9194, valid_acc=0.9996, valid_precision=0.9167, valid_recall=0.8684, valid_f1=0.8919, valid_roc_auc=0.9788, valid_pr_auc=0.8806
2026-08-22 04:44:30,320 - INFO - Epoch 31/50, loss=0.0015, train_acc=0.9997, train_precision=0.9590, train_recall=0.8510, train_f1=0.9018, train_roc_auc=0.9977, train_pr_auc=0.9256, valid_acc=0.9996, valid_precision=0.9028, valid_recall=0.8553, valid_f1=0.8784, valid_roc_auc=0.9778, valid_pr_auc=0.8820
2026-08-22 04:44:44,456 - INFO - Epoch 32/50, loss=0.0016, train_acc=0.9996, train_precision=0.9375, train_recall=0.8444, train_f1=0.8885, train_roc_auc=0.9966, train_pr_auc=0.9226, valid_acc=0.9996, valid_precision=0.9155, valid_recall=0.8553, valid_f1=0.8844, valid_roc_auc=0.9782, valid_pr_auc=0.8818
2026-08-22 04:44:57,929 - INFO - Epoch 33/50, loss=0.0015, train_acc=0.9997, train_precision=0.9483, train_recall=0.8510, train_f1=0.8970, train_roc_auc=0.9969, train_pr_auc=0.9292, valid_acc=0.9996, valid_precision=0.9028, valid_recall=0.8553, valid_f1=0.8784, valid_roc_auc=0.9769, valid_pr_auc=0.8826
2026-08-22 04:45:11,588 - INFO - Epoch 34/50, loss=0.0015, train_acc=0.9997, train_precision=0.9485, train_recall=0.8543, train_f1=0.8990, train_roc_auc=0.9981, train_pr_auc=0.9288, valid_acc=0.9996, valid_precision=0.8904, valid_recall=0.8553, valid_f1=0.8725, valid_roc_auc=0.9821, valid_pr_auc=0.8794
2026-08-22 04:45:23,600 - INFO - Epoch 35/50, loss=0.0015, train_acc=0.9997, train_precision=0.9519, train_recall=0.8510, train_f1=0.8986, train_roc_auc=0.9979, train_pr_auc=0.9289, valid_acc=0.9996, valid_precision=0.9028, valid_recall=0.8553, valid_f1=0.8784, valid_roc_auc=0.9771, valid_pr_auc=0.8817
2026-08-22 04:45:37,756 - INFO - Epoch 36/50, loss=0.0015, train_acc=0.9997, train_precision=0.9517, train_recall=0.8477, train_f1=0.8967, train_roc_auc=0.9981, train_pr_auc=0.9264, valid_acc=0.9996, valid_precision=0.9028, valid_recall=0.8553, valid_f1=0.8784, valid_roc_auc=0.9773, valid_pr_auc=0.8788
2026-08-22 04:45:51,874 - INFO - Epoch 37/50, loss=0.0015, train_acc=0.9997, train_precision=0.9444, train_recall=0.8444, train_f1=0.8916, train_roc_auc=0.9975, train_pr_auc=0.9295, valid_acc=0.9996, valid_precision=0.9155, valid_recall=0.8553, valid_f1=0.8844, valid_roc_auc=0.9776, valid_pr_auc=0.8796
2026-08-22 04:46:05,755 - INFO - Epoch 38/50, loss=0.0015, train_acc=0.9997, train_precision=0.9481, train_recall=0.8477, train_f1=0.8951, train_roc_auc=0.9977, train_pr_auc=0.9247, valid_acc=0.9996, valid_precision=0.9155, valid_recall=0.8553, valid_f1=0.8844, valid_roc_auc=0.9783, valid_pr_auc=0.8808
2026-08-22 04:46:19,059 - INFO - Epoch 39/50, loss=0.0015, train_acc=0.9997, train_precision=0.9662, train_recall=0.8510, train_f1=0.9049, train_roc_auc=0.9983, train_pr_auc=0.9272, valid_acc=0.9996, valid_precision=0.9028, valid_recall=0.8553, valid_f1=0.8784, valid_roc_auc=0.9767, valid_pr_auc=0.8799
2026-08-22 04:46:32,249 - INFO - Epoch 40/50, loss=0.0014, train_acc=0.9997, train_precision=0.9513, train_recall=0.8411, train_f1=0.8928, train_roc_auc=0.9987, train_pr_auc=0.9277, valid_acc=0.9996, valid_precision=0.9028, valid_recall=0.8553, valid_f1=0.8784, valid_roc_auc=0.9775, valid_pr_auc=0.8804
2026-08-22 04:46:46,529 - INFO - Epoch 41/50, loss=0.0014, train_acc=0.9997, train_precision=0.9591, train_recall=0.8543, train_f1=0.9037, train_roc_auc=0.9981, train_pr_auc=0.9298, valid_acc=0.9996, valid_precision=0.9028, valid_recall=0.8553, valid_f1=0.8784, valid_roc_auc=0.9773, valid_pr_auc=0.8819
2026-08-22 04:46:59,793 - INFO - Epoch 42/50, loss=0.0014, train_acc=0.9997, train_precision=0.9620, train_recall=0.8377, train_f1=0.8956, train_roc_auc=0.9976, train_pr_auc=0.9333, valid_acc=0.9996, valid_precision=0.9028, valid_recall=0.8553, valid_f1=0.8784, valid_roc_auc=0.9779, valid_pr_auc=0.8817
2026-08-22 04:47:12,634 - INFO - Epoch 43/50, loss=0.0014, train_acc=0.9997, train_precision=0.9556, train_recall=0.8543, train_f1=0.9021, train_roc_auc=0.9977, train_pr_auc=0.9322, valid_acc=0.9996, valid_precision=0.8904, valid_recall=0.8553, valid_f1=0.8725, valid_roc_auc=0.9797, valid_pr_auc=0.8822
2026-08-22 04:47:25,762 - INFO - Epoch 44/50, loss=0.0015, train_acc=0.9997, train_precision=0.9519, train_recall=0.8510, train_f1=0.8986, train_roc_auc=0.9979, train_pr_auc=0.9301, valid_acc=0.9996, valid_precision=0.8904, valid_recall=0.8553, valid_f1=0.8725, valid_roc_auc=0.9856, valid_pr_auc=0.8754
2026-08-22 04:47:38,964 - INFO - Epoch 45/50, loss=0.0014, train_acc=0.9997, train_precision=0.9554, train_recall=0.8510, train_f1=0.9002, train_roc_auc=0.9977, train_pr_auc=0.9316, valid_acc=0.9996, valid_precision=0.9155, valid_recall=0.8553, valid_f1=0.8844, valid_roc_auc=0.9811, valid_pr_auc=0.8799
2026-08-22 04:47:51,618 - INFO - Epoch 46/50, loss=0.0014, train_acc=0.9997, train_precision=0.9556, train_recall=0.8543, train_f1=0.9021, train_roc_auc=0.9979, train_pr_auc=0.9312, valid_acc=0.9996, valid_precision=0.8904, valid_recall=0.8553, valid_f1=0.8725, valid_roc_auc=0.9789, valid_pr_auc=0.8793
2026-08-22 04:48:03,943 - INFO - Epoch 47/50, loss=0.0014, train_acc=0.9997, train_precision=0.9519, train_recall=0.8510, train_f1=0.8986, train_roc_auc=0.9982, train_pr_auc=0.9301, valid_acc=0.9996, valid_precision=0.8904, valid_recall=0.8553, valid_f1=0.8725, valid_roc_auc=0.9768, valid_pr_auc=0.8822
2026-08-22 04:48:16,503 - INFO - Epoch 48/50, loss=0.0014, train_acc=0.9997, train_precision=0.9625, train_recall=0.8510, train_f1=0.9033, train_roc_auc=0.9985, train_pr_auc=0.9307, valid_acc=0.9996, valid_precision=0.9028, valid_recall=0.8553, valid_f1=0.8784, valid_roc_auc=0.9766, valid_pr_auc=0.8821
2026-08-22 04:48:28,927 - INFO - Epoch 49/50, loss=0.0014, train_acc=0.9997, train_precision=0.9551, train_recall=0.8444, train_f1=0.8963, train_roc_auc=0.9979, train_pr_auc=0.9316, valid_acc=0.9996, valid_precision=0.9028, valid_recall=0.8553, valid_f1=0.8784, valid_roc_auc=0.9773, valid_pr_auc=0.8836
2026-08-22 04:48:42,851 - INFO - Epoch 50/50, loss=0.0015, train_acc=0.9997, train_precision=0.9519, train_recall=0.8510, train_f1=0.8986, train_roc_auc=0.9979, train_pr_auc=0.9279, valid_acc=0.9996, valid_precision=0.9155, valid_recall=0.8553, valid_f1=0.8844, valid_roc_auc=0.9766, valid_pr_auc=0.8799
2026-08-22 04:48:42,851 - INFO - Best epoch: 21
2026-08-22 04:48:42,851 - INFO - Best validation  PR-AUC:: 0.8846
2026-08-22 04:48:42,851 - INFO - Fold 4 results:
2026-08-22 04:48:42,851 - INFO - accuracy: 0.9995
2026-08-22 04:48:42,851 - INFO - f1: 0.8442
2026-08-22 04:48:42,851 - INFO - pr_auc: 0.8846
2026-08-22 04:48:42,851 - INFO - precision: 0.8333
2026-08-22 04:48:42,851 - INFO - recall: 0.8553
2026-08-22 04:48:42,851 - INFO - roc_auc: 0.9834
2026-08-22 04:48:42,851 - INFO - Model saved to models/fraud_model_index_3_fold_4.pth
2026-08-22 04:48:42,851 - INFO - 
========== Fold 5/5 ==========
2026-08-22 04:48:55,910 - INFO - Epoch 1: new best validation PR-AUC = 0.7602
2026-08-22 04:48:55,910 - INFO - Epoch 1/50, loss=0.0192, train_acc=0.9966, train_precision=0.0061, train_recall=0.0066, train_f1=0.0064, train_roc_auc=0.9370, train_pr_auc=0.0841, valid_acc=0.9983, valid_precision=0.0000, valid_recall=0.0000, valid_f1=0.0000, valid_roc_auc=0.9928, valid_pr_auc=0.7602
2026-08-22 04:49:08,358 - INFO - Epoch 2: new best validation PR-AUC = 0.7804
2026-08-22 04:49:08,358 - INFO - Epoch 2/50, loss=0.0037, train_acc=0.9983, train_precision=0.0000, train_recall=0.0000, train_f1=0.0000, train_roc_auc=0.9762, train_pr_auc=0.7140, valid_acc=0.9983, valid_precision=0.0000, valid_recall=0.0000, valid_f1=0.0000, valid_roc_auc=0.9893, valid_pr_auc=0.7804
2026-08-22 04:49:20,273 - INFO - Epoch 3/50, loss=0.0034, train_acc=0.9988, train_precision=0.8783, train_recall=0.3344, train_f1=0.4844, train_roc_auc=0.9789, train_pr_auc=0.7492, valid_acc=0.9995, valid_precision=0.8611, valid_recall=0.8158, valid_f1=0.8378, valid_roc_auc=0.9944, valid_pr_auc=0.7748
2026-08-22 04:49:32,663 - INFO - Epoch 4/50, loss=0.0032, train_acc=0.9994, train_precision=0.8636, train_recall=0.7550, train_f1=0.8057, train_roc_auc=0.9830, train_pr_auc=0.7655, valid_acc=0.9994, valid_precision=0.8125, valid_recall=0.8553, valid_f1=0.8333, valid_roc_auc=0.9954, valid_pr_auc=0.7677
2026-08-22 04:49:45,413 - INFO - Epoch 5: new best validation PR-AUC = 0.7919
2026-08-22 04:49:45,413 - INFO - Epoch 5/50, loss=0.0031, train_acc=0.9994, train_precision=0.8417, train_recall=0.7748, train_f1=0.8069, train_roc_auc=0.9833, train_pr_auc=0.7520, valid_acc=0.9994, valid_precision=0.8228, valid_recall=0.8553, valid_f1=0.8387, valid_roc_auc=0.9948, valid_pr_auc=0.7919
2026-08-22 04:49:57,762 - INFO - Epoch 6: new best validation PR-AUC = 0.7941
2026-08-22 04:49:57,762 - INFO - Epoch 6/50, loss=0.0029, train_acc=0.9994, train_precision=0.8339, train_recall=0.7815, train_f1=0.8068, train_roc_auc=0.9830, train_pr_auc=0.7354, valid_acc=0.9994, valid_precision=0.8228, valid_recall=0.8553, valid_f1=0.8387, valid_roc_auc=0.9947, valid_pr_auc=0.7941
2026-08-22 04:50:11,006 - INFO - Epoch 7: new best validation PR-AUC = 0.7964
2026-08-22 04:50:11,006 - INFO - Epoch 7/50, loss=0.0029, train_acc=0.9994, train_precision=0.8345, train_recall=0.7848, train_f1=0.8089, train_roc_auc=0.9826, train_pr_auc=0.7615, valid_acc=0.9994, valid_precision=0.8148, valid_recall=0.8684, valid_f1=0.8408, valid_roc_auc=0.9968, valid_pr_auc=0.7964
2026-08-22 04:50:23,989 - INFO - Epoch 8: new best validation PR-AUC = 0.8074
2026-08-22 04:50:23,989 - INFO - Epoch 8/50, loss=0.0028, train_acc=0.9994, train_precision=0.8459, train_recall=0.7815, train_f1=0.8124, train_roc_auc=0.9843, train_pr_auc=0.7732, valid_acc=0.9995, valid_precision=0.8442, valid_recall=0.8553, valid_f1=0.8497, valid_roc_auc=0.9979, valid_pr_auc=0.8074
2026-08-22 04:50:36,970 - INFO - Epoch 9: new best validation PR-AUC = 0.8128
2026-08-22 04:50:36,970 - INFO - Epoch 9/50, loss=0.0028, train_acc=0.9994, train_precision=0.8545, train_recall=0.7781, train_f1=0.8146, train_roc_auc=0.9851, train_pr_auc=0.7696, valid_acc=0.9994, valid_precision=0.8125, valid_recall=0.8553, valid_f1=0.8333, valid_roc_auc=0.9945, valid_pr_auc=0.8128
2026-08-22 04:50:49,686 - INFO - Epoch 10/50, loss=0.0027, train_acc=0.9994, train_precision=0.8520, train_recall=0.7815, train_f1=0.8152, train_roc_auc=0.9861, train_pr_auc=0.7785, valid_acc=0.9994, valid_precision=0.8148, valid_recall=0.8684, valid_f1=0.8408, valid_roc_auc=0.9968, valid_pr_auc=0.8082
2026-08-22 04:51:01,893 - INFO - Epoch 11: new best validation PR-AUC = 0.8191
2026-08-22 04:51:01,893 - INFO - Epoch 11/50, loss=0.0026, train_acc=0.9994, train_precision=0.8464, train_recall=0.7848, train_f1=0.8144, train_roc_auc=0.9883, train_pr_auc=0.7589, valid_acc=0.9995, valid_precision=0.8767, valid_recall=0.8421, valid_f1=0.8591, valid_roc_auc=0.9971, valid_pr_auc=0.8191
2026-08-22 04:51:14,707 - INFO - Epoch 12: new best validation PR-AUC = 0.8236
2026-08-22 04:51:14,707 - INFO - Epoch 12/50, loss=0.0026, train_acc=0.9994, train_precision=0.8577, train_recall=0.7980, train_f1=0.8268, train_roc_auc=0.9893, train_pr_auc=0.7759, valid_acc=0.9995, valid_precision=0.8667, valid_recall=0.8553, valid_f1=0.8609, valid_roc_auc=0.9961, valid_pr_auc=0.8236
2026-08-22 04:51:27,244 - INFO - Epoch 13: new best validation PR-AUC = 0.8268
2026-08-22 04:51:27,244 - INFO - Epoch 13/50, loss=0.0025, train_acc=0.9994, train_precision=0.8587, train_recall=0.7848, train_f1=0.8201, train_roc_auc=0.9883, train_pr_auc=0.7868, valid_acc=0.9995, valid_precision=0.8462, valid_recall=0.8684, valid_f1=0.8571, valid_roc_auc=0.9970, valid_pr_auc=0.8268
2026-08-22 04:51:41,564 - INFO - Epoch 14: new best validation PR-AUC = 0.8327
2026-08-22 04:51:41,564 - INFO - Epoch 14/50, loss=0.0025, train_acc=0.9994, train_precision=0.8516, train_recall=0.7980, train_f1=0.8239, train_roc_auc=0.9915, train_pr_auc=0.7981, valid_acc=0.9995, valid_precision=0.8732, valid_recall=0.8158, valid_f1=0.8435, valid_roc_auc=0.9968, valid_pr_auc=0.8327
2026-08-22 04:51:55,169 - INFO - Epoch 15/50, loss=0.0025, train_acc=0.9994, train_precision=0.8613, train_recall=0.7815, train_f1=0.8194, train_roc_auc=0.9895, train_pr_auc=0.8272, valid_acc=0.9995, valid_precision=0.8250, valid_recall=0.8684, valid_f1=0.8462, valid_roc_auc=0.9951, valid_pr_auc=0.8196
2026-08-22 04:52:08,873 - INFO - Epoch 16: new best validation PR-AUC = 0.8543
2026-08-22 04:52:08,873 - INFO - Epoch 16/50, loss=0.0024, train_acc=0.9994, train_precision=0.8511, train_recall=0.7947, train_f1=0.8219, train_roc_auc=0.9879, train_pr_auc=0.8146, valid_acc=0.9995, valid_precision=0.8667, valid_recall=0.8553, valid_f1=0.8609, valid_roc_auc=0.9959, valid_pr_auc=0.8543
2026-08-22 04:52:22,289 - INFO - Epoch 17/50, loss=0.0024, train_acc=0.9994, train_precision=0.8635, train_recall=0.7748, train_f1=0.8168, train_roc_auc=0.9923, train_pr_auc=0.8427, valid_acc=0.9995, valid_precision=0.8667, valid_recall=0.8553, valid_f1=0.8609, valid_roc_auc=0.9967, valid_pr_auc=0.8489
2026-08-22 04:52:36,332 - INFO - Epoch 18: new best validation PR-AUC = 0.8695
2026-08-22 04:52:36,332 - INFO - Epoch 18/50, loss=0.0023, train_acc=0.9995, train_precision=0.8700, train_recall=0.7980, train_f1=0.8325, train_roc_auc=0.9898, train_pr_auc=0.8479, valid_acc=0.9996, valid_precision=0.8889, valid_recall=0.8421, valid_f1=0.8649, valid_roc_auc=0.9979, valid_pr_auc=0.8695
2026-08-22 04:52:50,558 - INFO - Epoch 19: new best validation PR-AUC = 0.8799
2026-08-22 04:52:50,558 - INFO - Epoch 19/50, loss=0.0023, train_acc=0.9995, train_precision=0.8864, train_recall=0.8013, train_f1=0.8417, train_roc_auc=0.9913, train_pr_auc=0.8642, valid_acc=0.9995, valid_precision=0.8462, valid_recall=0.8684, valid_f1=0.8571, valid_roc_auc=0.9973, valid_pr_auc=0.8799
2026-08-22 04:53:03,634 - INFO - Epoch 20/50, loss=0.0022, train_acc=0.9995, train_precision=0.8909, train_recall=0.8113, train_f1=0.8492, train_roc_auc=0.9908, train_pr_auc=0.8746, valid_acc=0.9994, valid_precision=0.9623, valid_recall=0.6711, valid_f1=0.7907, valid_roc_auc=0.9972, valid_pr_auc=0.8781
2026-08-22 04:53:18,075 - INFO - Epoch 21/50, loss=0.0022, train_acc=0.9995, train_precision=0.8828, train_recall=0.7980, train_f1=0.8383, train_roc_auc=0.9931, train_pr_auc=0.8770, valid_acc=0.9996, valid_precision=0.8889, valid_recall=0.8421, valid_f1=0.8649, valid_roc_auc=0.9945, valid_pr_auc=0.8718
2026-08-22 04:53:31,101 - INFO - Epoch 22: new best validation PR-AUC = 0.8915
2026-08-22 04:53:31,101 - INFO - Epoch 22/50, loss=0.0021, train_acc=0.9995, train_precision=0.9160, train_recall=0.7947, train_f1=0.8511, train_roc_auc=0.9917, train_pr_auc=0.8795, valid_acc=0.9996, valid_precision=0.9143, valid_recall=0.8421, valid_f1=0.8767, valid_roc_auc=0.9979, valid_pr_auc=0.8915
2026-08-22 04:53:43,945 - INFO - Epoch 23/50, loss=0.0021, train_acc=0.9995, train_precision=0.9098, train_recall=0.8013, train_f1=0.8521, train_roc_auc=0.9916, train_pr_auc=0.8821, valid_acc=0.9996, valid_precision=0.8800, valid_recall=0.8684, valid_f1=0.8742, valid_roc_auc=0.9946, valid_pr_auc=0.8892
2026-08-22 04:53:56,849 - INFO - Epoch 24/50, loss=0.0021, train_acc=0.9995, train_precision=0.8930, train_recall=0.8013, train_f1=0.8447, train_roc_auc=0.9938, train_pr_auc=0.8802, valid_acc=0.9996, valid_precision=0.8684, valid_recall=0.8684, valid_f1=0.8684, valid_roc_auc=0.9980, valid_pr_auc=0.8882
2026-08-22 04:54:10,257 - INFO - Epoch 25: new best validation PR-AUC = 0.8938
2026-08-22 04:54:10,257 - INFO - Epoch 25/50, loss=0.0020, train_acc=0.9996, train_precision=0.9124, train_recall=0.8278, train_f1=0.8681, train_roc_auc=0.9941, train_pr_auc=0.8819, valid_acc=0.9996, valid_precision=0.9672, valid_recall=0.7763, valid_f1=0.8613, valid_roc_auc=0.9985, valid_pr_auc=0.8938
2026-08-22 04:54:24,603 - INFO - Epoch 26/50, loss=0.0020, train_acc=0.9996, train_precision=0.9202, train_recall=0.8013, train_f1=0.8566, train_roc_auc=0.9907, train_pr_auc=0.8959, valid_acc=0.9995, valid_precision=0.8553, valid_recall=0.8553, valid_f1=0.8553, valid_roc_auc=0.9962, valid_pr_auc=0.8737
2026-08-22 04:54:37,052 - INFO - Epoch 27/50, loss=0.0020, train_acc=0.9995, train_precision=0.9094, train_recall=0.7980, train_f1=0.8501, train_roc_auc=0.9946, train_pr_auc=0.8865, valid_acc=0.9996, valid_precision=0.8684, valid_recall=0.8684, valid_f1=0.8684, valid_roc_auc=0.9977, valid_pr_auc=0.8863
2026-08-22 04:54:49,927 - INFO - Epoch 28/50, loss=0.0020, train_acc=0.9996, train_precision=0.9173, train_recall=0.8079, train_f1=0.8592, train_roc_auc=0.9943, train_pr_auc=0.8977, valid_acc=0.9996, valid_precision=0.9394, valid_recall=0.8158, valid_f1=0.8732, valid_roc_auc=0.9971, valid_pr_auc=0.8897
2026-08-22 04:55:02,575 - INFO - Epoch 29/50, loss=0.0016, train_acc=0.9996, train_precision=0.9438, train_recall=0.8344, train_f1=0.8858, train_roc_auc=0.9965, train_pr_auc=0.9166, valid_acc=0.9996, valid_precision=0.9054, valid_recall=0.8816, valid_f1=0.8933, valid_roc_auc=0.9974, valid_pr_auc=0.8925
2026-08-22 04:55:15,961 - INFO - Epoch 30/50, loss=0.0017, train_acc=0.9996, train_precision=0.9394, train_recall=0.8212, train_f1=0.8763, train_roc_auc=0.9958, train_pr_auc=0.9159, valid_acc=0.9997, valid_precision=0.9306, valid_recall=0.8816, valid_f1=0.9054, valid_roc_auc=0.9966, valid_pr_auc=0.8930
2026-08-22 04:55:29,289 - INFO - Epoch 31: new best validation PR-AUC = 0.8948
2026-08-22 04:55:29,289 - INFO - Epoch 31/50, loss=0.0016, train_acc=0.9996, train_precision=0.9291, train_recall=0.8245, train_f1=0.8737, train_roc_auc=0.9962, train_pr_auc=0.9163, valid_acc=0.9996, valid_precision=0.8933, valid_recall=0.8816, valid_f1=0.8874, valid_roc_auc=0.9965, valid_pr_auc=0.8948
2026-08-22 04:55:43,250 - INFO - Epoch 32: new best validation PR-AUC = 0.8971
2026-08-22 04:55:43,250 - INFO - Epoch 32/50, loss=0.0015, train_acc=0.9997, train_precision=0.9478, train_recall=0.8411, train_f1=0.8912, train_roc_auc=0.9969, train_pr_auc=0.9202, valid_acc=0.9997, valid_precision=0.9692, valid_recall=0.8289, valid_f1=0.8936, valid_roc_auc=0.9955, valid_pr_auc=0.8971
2026-08-22 04:55:56,913 - INFO - Epoch 33/50, loss=0.0015, train_acc=0.9996, train_precision=0.9508, train_recall=0.8311, train_f1=0.8869, train_roc_auc=0.9974, train_pr_auc=0.9247, valid_acc=0.9996, valid_precision=0.9041, valid_recall=0.8684, valid_f1=0.8859, valid_roc_auc=0.9932, valid_pr_auc=0.8887
2026-08-22 04:56:09,616 - INFO - Epoch 34/50, loss=0.0015, train_acc=0.9996, train_precision=0.9440, train_recall=0.8377, train_f1=0.8877, train_roc_auc=0.9979, train_pr_auc=0.9239, valid_acc=0.9996, valid_precision=0.8701, valid_recall=0.8816, valid_f1=0.8758, valid_roc_auc=0.9935, valid_pr_auc=0.8904
2026-08-22 04:56:23,902 - INFO - Epoch 35: new best validation PR-AUC = 0.8973
2026-08-22 04:56:23,902 - INFO - Epoch 35/50, loss=0.0015, train_acc=0.9997, train_precision=0.9522, train_recall=0.8576, train_f1=0.9024, train_roc_auc=0.9983, train_pr_auc=0.9234, valid_acc=0.9997, valid_precision=0.9306, valid_recall=0.8816, valid_f1=0.9054, valid_roc_auc=0.9970, valid_pr_auc=0.8973
2026-08-22 04:56:38,247 - INFO - Epoch 36/50, loss=0.0014, train_acc=0.9997, train_precision=0.9556, train_recall=0.8543, train_f1=0.9021, train_roc_auc=0.9977, train_pr_auc=0.9190, valid_acc=0.9996, valid_precision=0.8590, valid_recall=0.8816, valid_f1=0.8701, valid_roc_auc=0.9956, valid_pr_auc=0.8872
2026-08-22 04:56:52,862 - INFO - Epoch 37/50, loss=0.0015, train_acc=0.9997, train_precision=0.9478, train_recall=0.8411, train_f1=0.8912, train_roc_auc=0.9973, train_pr_auc=0.9235, valid_acc=0.9996, valid_precision=0.9545, valid_recall=0.8289, valid_f1=0.8873, valid_roc_auc=0.9960, valid_pr_auc=0.8931
2026-08-22 04:57:06,690 - INFO - Epoch 38/50, loss=0.0014, train_acc=0.9997, train_precision=0.9520, train_recall=0.8543, train_f1=0.9005, train_roc_auc=0.9987, train_pr_auc=0.9311, valid_acc=0.9996, valid_precision=0.9833, valid_recall=0.7763, valid_f1=0.8676, valid_roc_auc=0.9956, valid_pr_auc=0.8956
2026-08-22 04:57:20,844 - INFO - Epoch 39/50, loss=0.0012, train_acc=0.9997, train_precision=0.9557, train_recall=0.8576, train_f1=0.9040, train_roc_auc=0.9993, train_pr_auc=0.9447, valid_acc=0.9996, valid_precision=0.8904, valid_recall=0.8553, valid_f1=0.8725, valid_roc_auc=0.9961, valid_pr_auc=0.8940
2026-08-22 04:57:35,059 - INFO - Epoch 40/50, loss=0.0012, train_acc=0.9997, train_precision=0.9625, train_recall=0.8510, train_f1=0.9033, train_roc_auc=0.9990, train_pr_auc=0.9430, valid_acc=0.9997, valid_precision=0.9559, valid_recall=0.8553, valid_f1=0.9028, valid_roc_auc=0.9960, valid_pr_auc=0.8903
2026-08-22 04:57:49,283 - INFO - Epoch 41/50, loss=0.0012, train_acc=0.9997, train_precision=0.9632, train_recall=0.8675, train_f1=0.9129, train_roc_auc=0.9994, train_pr_auc=0.9418, valid_acc=0.9997, valid_precision=0.9565, valid_recall=0.8684, valid_f1=0.9103, valid_roc_auc=0.9945, valid_pr_auc=0.8925
2026-08-22 04:58:02,894 - INFO - Epoch 42/50, loss=0.0011, train_acc=0.9997, train_precision=0.9739, train_recall=0.8642, train_f1=0.9158, train_roc_auc=0.9993, train_pr_auc=0.9477, valid_acc=0.9997, valid_precision=0.9178, valid_recall=0.8816, valid_f1=0.8993, valid_roc_auc=0.9939, valid_pr_auc=0.8955
2026-08-22 04:58:17,162 - INFO - Epoch 43/50, loss=0.0011, train_acc=0.9997, train_precision=0.9672, train_recall=0.8775, train_f1=0.9201, train_roc_auc=0.9993, train_pr_auc=0.9457, valid_acc=0.9997, valid_precision=0.9701, valid_recall=0.8553, valid_f1=0.9091, valid_roc_auc=0.9947, valid_pr_auc=0.8965
2026-08-22 04:58:29,139 - INFO - Epoch 44/50, loss=0.0011, train_acc=0.9997, train_precision=0.9635, train_recall=0.8742, train_f1=0.9167, train_roc_auc=0.9996, train_pr_auc=0.9524, valid_acc=0.9997, valid_precision=0.9420, valid_recall=0.8553, valid_f1=0.8966, valid_roc_auc=0.9944, valid_pr_auc=0.8931
2026-08-22 04:58:43,455 - INFO - Epoch 45/50, loss=0.0010, train_acc=0.9997, train_precision=0.9741, train_recall=0.8709, train_f1=0.9196, train_roc_auc=0.9996, train_pr_auc=0.9551, valid_acc=0.9996, valid_precision=0.9155, valid_recall=0.8553, valid_f1=0.8844, valid_roc_auc=0.9964, valid_pr_auc=0.8933
2026-08-22 04:58:57,320 - INFO - Epoch 46/50, loss=0.0011, train_acc=0.9998, train_precision=0.9673, train_recall=0.8808, train_f1=0.9220, train_roc_auc=0.9995, train_pr_auc=0.9487, valid_acc=0.9996, valid_precision=0.9286, valid_recall=0.8553, valid_f1=0.8904, valid_roc_auc=0.9961, valid_pr_auc=0.8922
2026-08-22 04:59:10,318 - INFO - Epoch 47/50, loss=0.0010, train_acc=0.9998, train_precision=0.9742, train_recall=0.8742, train_f1=0.9215, train_roc_auc=0.9995, train_pr_auc=0.9533, valid_acc=0.9996, valid_precision=0.9155, valid_recall=0.8553, valid_f1=0.8844, valid_roc_auc=0.9954, valid_pr_auc=0.8943
2026-08-22 04:59:22,540 - INFO - Epoch 48/50, loss=0.0010, train_acc=0.9998, train_precision=0.9781, train_recall=0.8874, train_f1=0.9306, train_roc_auc=0.9994, train_pr_auc=0.9547, valid_acc=0.9996, valid_precision=0.9155, valid_recall=0.8553, valid_f1=0.8844, valid_roc_auc=0.9956, valid_pr_auc=0.8935
2026-08-22 04:59:34,606 - INFO - Epoch 49/50, loss=0.0010, train_acc=0.9998, train_precision=0.9743, train_recall=0.8775, train_f1=0.9233, train_roc_auc=0.9997, train_pr_auc=0.9553, valid_acc=0.9997, valid_precision=0.9420, valid_recall=0.8553, valid_f1=0.8966, valid_roc_auc=0.9959, valid_pr_auc=0.8912
2026-08-22 04:59:47,828 - INFO - Epoch 50/50, loss=0.0010, train_acc=0.9998, train_precision=0.9708, train_recall=0.8808, train_f1=0.9236, train_roc_auc=0.9998, train_pr_auc=0.9575, valid_acc=0.9996, valid_precision=0.9155, valid_recall=0.8553, valid_f1=0.8844, valid_roc_auc=0.9959, valid_pr_auc=0.8968
2026-08-22 04:59:47,828 - INFO - Best epoch: 35
2026-08-22 04:59:47,828 - INFO - Best validation  PR-AUC:: 0.8973
2026-08-22 04:59:47,828 - INFO - Fold 5 results:
2026-08-22 04:59:47,828 - INFO - accuracy: 0.9997
2026-08-22 04:59:47,828 - INFO - f1: 0.9054
2026-08-22 04:59:47,828 - INFO - pr_auc: 0.8973
2026-08-22 04:59:47,828 - INFO - precision: 0.9306
2026-08-22 04:59:47,828 - INFO - recall: 0.8816
2026-08-22 04:59:47,828 - INFO - roc_auc: 0.9970
2026-08-22 04:59:47,828 - INFO - Model saved to models/fraud_model_index_3_fold_5.pth
2026-08-22 04:59:47,828 - INFO - ================== Training Model 4 ==================
2026-08-22 04:59:47,859 - INFO - 
========== Fold 1/5 ==========
2026-08-22 05:00:00,168 - INFO - Epoch 1: new best validation PR-AUC = 0.7259
2026-08-22 05:00:00,168 - INFO - Epoch 1/50, loss=0.0118, train_acc=0.9972, train_precision=0.1661, train_recall=0.1650, train_f1=0.1656, train_roc_auc=0.9598, train_pr_auc=0.1771, valid_acc=0.9995, valid_precision=0.8923, valid_recall=0.7733, valid_f1=0.8286, valid_roc_auc=0.9619, valid_pr_auc=0.7259
2026-08-22 05:00:12,484 - INFO - Epoch 2: new best validation PR-AUC = 0.7692
2026-08-22 05:00:12,484 - INFO - Epoch 2/50, loss=0.0032, train_acc=0.9994, train_precision=0.8339, train_recall=0.7624, train_f1=0.7966, train_roc_auc=0.9797, train_pr_auc=0.7419, valid_acc=0.9994, valid_precision=0.8788, valid_recall=0.7733, valid_f1=0.8227, valid_roc_auc=0.9738, valid_pr_auc=0.7692
2026-08-22 05:00:25,137 - INFO - Epoch 3: new best validation PR-AUC = 0.7805
2026-08-22 05:00:25,137 - INFO - Epoch 3/50, loss=0.0029, train_acc=0.9994, train_precision=0.8247, train_recall=0.7921, train_f1=0.8081, train_roc_auc=0.9893, train_pr_auc=0.7344, valid_acc=0.9994, valid_precision=0.8356, valid_recall=0.8133, valid_f1=0.8243, valid_roc_auc=0.9702, valid_pr_auc=0.7805
2026-08-22 05:00:38,103 - INFO - Epoch 4: new best validation PR-AUC = 0.8045
2026-08-22 05:00:38,103 - INFO - Epoch 4/50, loss=0.0028, train_acc=0.9994, train_precision=0.8264, train_recall=0.7855, train_f1=0.8054, train_roc_auc=0.9862, train_pr_auc=0.7664, valid_acc=0.9995, valid_precision=0.8824, valid_recall=0.8000, valid_f1=0.8392, valid_roc_auc=0.9733, valid_pr_auc=0.8045
2026-08-22 05:00:50,855 - INFO - Epoch 5: new best validation PR-AUC = 0.8186
2026-08-22 05:00:50,855 - INFO - Epoch 5/50, loss=0.0027, train_acc=0.9994, train_precision=0.8484, train_recall=0.7756, train_f1=0.8103, train_roc_auc=0.9862, train_pr_auc=0.7998, valid_acc=0.9995, valid_precision=0.8923, valid_recall=0.7733, valid_f1=0.8286, valid_roc_auc=0.9669, valid_pr_auc=0.8186
2026-08-22 05:01:02,960 - INFO - Epoch 6: new best validation PR-AUC = 0.8341
2026-08-22 05:01:02,960 - INFO - Epoch 6/50, loss=0.0026, train_acc=0.9994, train_precision=0.8470, train_recall=0.7855, train_f1=0.8151, train_roc_auc=0.9869, train_pr_auc=0.8306, valid_acc=0.9994, valid_precision=0.9273, valid_recall=0.6800, valid_f1=0.7846, valid_roc_auc=0.9764, valid_pr_auc=0.8341
2026-08-22 05:01:15,092 - INFO - Epoch 7/50, loss=0.0026, train_acc=0.9994, train_precision=0.8394, train_recall=0.7591, train_f1=0.7972, train_roc_auc=0.9905, train_pr_auc=0.8326, valid_acc=0.9995, valid_precision=0.8955, valid_recall=0.8000, valid_f1=0.8451, valid_roc_auc=0.9757, valid_pr_auc=0.8232
2026-08-22 05:01:28,382 - INFO - Epoch 8: new best validation PR-AUC = 0.8345
2026-08-22 05:01:28,382 - INFO - Epoch 8/50, loss=0.0025, train_acc=0.9994, train_precision=0.8540, train_recall=0.7723, train_f1=0.8111, train_roc_auc=0.9894, train_pr_auc=0.8490, valid_acc=0.9994, valid_precision=0.9153, valid_recall=0.7200, valid_f1=0.8060, valid_roc_auc=0.9745, valid_pr_auc=0.8345
2026-08-22 05:01:41,807 - INFO - Epoch 9/50, loss=0.0024, train_acc=0.9994, train_precision=0.8880, train_recall=0.7591, train_f1=0.8185, train_roc_auc=0.9893, train_pr_auc=0.8499, valid_acc=0.9994, valid_precision=0.8906, valid_recall=0.7600, valid_f1=0.8201, valid_roc_auc=0.9741, valid_pr_auc=0.8280
2026-08-22 05:01:54,994 - INFO - Epoch 10/50, loss=0.0024, train_acc=0.9995, train_precision=0.8727, train_recall=0.7921, train_f1=0.8304, train_roc_auc=0.9911, train_pr_auc=0.8466, valid_acc=0.9994, valid_precision=0.9286, valid_recall=0.6933, valid_f1=0.7939, valid_roc_auc=0.9740, valid_pr_auc=0.8258
2026-08-22 05:02:08,894 - INFO - Epoch 11: new best validation PR-AUC = 0.8382
2026-08-22 05:02:08,894 - INFO - Epoch 11/50, loss=0.0023, train_acc=0.9995, train_precision=0.8759, train_recall=0.7921, train_f1=0.8319, train_roc_auc=0.9902, train_pr_auc=0.8580, valid_acc=0.9994, valid_precision=0.9434, valid_recall=0.6667, valid_f1=0.7812, valid_roc_auc=0.9756, valid_pr_auc=0.8382
2026-08-22 05:02:22,169 - INFO - Epoch 12/50, loss=0.0023, train_acc=0.9995, train_precision=0.9027, train_recall=0.7657, train_f1=0.8286, train_roc_auc=0.9917, train_pr_auc=0.8607, valid_acc=0.9994, valid_precision=0.9310, valid_recall=0.7200, valid_f1=0.8120, valid_roc_auc=0.9741, valid_pr_auc=0.8322
2026-08-22 05:02:34,599 - INFO - Epoch 13/50, loss=0.0023, train_acc=0.9995, train_precision=0.8843, train_recall=0.7822, train_f1=0.8301, train_roc_auc=0.9910, train_pr_auc=0.8594, valid_acc=0.9994, valid_precision=0.9444, valid_recall=0.6800, valid_f1=0.7907, valid_roc_auc=0.9760, valid_pr_auc=0.8371
2026-08-22 05:02:46,984 - INFO - Epoch 14/50, loss=0.0022, train_acc=0.9995, train_precision=0.8819, train_recall=0.7888, train_f1=0.8328, train_roc_auc=0.9911, train_pr_auc=0.8683, valid_acc=0.9994, valid_precision=0.9286, valid_recall=0.6933, valid_f1=0.7939, valid_roc_auc=0.9759, valid_pr_auc=0.8277
2026-08-22 05:02:59,547 - INFO - Epoch 15: new best validation PR-AUC = 0.8468
2026-08-22 05:02:59,547 - INFO - Epoch 15/50, loss=0.0020, train_acc=0.9995, train_precision=0.9202, train_recall=0.7987, train_f1=0.8551, train_roc_auc=0.9925, train_pr_auc=0.8806, valid_acc=0.9994, valid_precision=0.9800, valid_recall=0.6533, valid_f1=0.7840, valid_roc_auc=0.9708, valid_pr_auc=0.8468
2026-08-22 05:03:12,687 - INFO - Epoch 16: new best validation PR-AUC = 0.8478
2026-08-22 05:03:12,687 - INFO - Epoch 16/50, loss=0.0019, train_acc=0.9996, train_precision=0.9447, train_recall=0.7888, train_f1=0.8597, train_roc_auc=0.9943, train_pr_auc=0.8888, valid_acc=0.9995, valid_precision=0.9492, valid_recall=0.7467, valid_f1=0.8358, valid_roc_auc=0.9662, valid_pr_auc=0.8478
2026-08-22 05:03:25,544 - INFO - Epoch 17/50, loss=0.0019, train_acc=0.9995, train_precision=0.9167, train_recall=0.7987, train_f1=0.8536, train_roc_auc=0.9934, train_pr_auc=0.8949, valid_acc=0.9995, valid_precision=0.9344, valid_recall=0.7600, valid_f1=0.8382, valid_roc_auc=0.9654, valid_pr_auc=0.8374
2026-08-22 05:03:38,486 - INFO - Epoch 18/50, loss=0.0019, train_acc=0.9996, train_precision=0.9257, train_recall=0.8218, train_f1=0.8706, train_roc_auc=0.9940, train_pr_auc=0.8929, valid_acc=0.9994, valid_precision=0.9792, valid_recall=0.6267, valid_f1=0.7642, valid_roc_auc=0.9714, valid_pr_auc=0.8433
2026-08-22 05:03:51,428 - INFO - Epoch 19/50, loss=0.0018, train_acc=0.9996, train_precision=0.9294, train_recall=0.8251, train_f1=0.8741, train_roc_auc=0.9947, train_pr_auc=0.8986, valid_acc=0.9996, valid_precision=0.9231, valid_recall=0.8000, valid_f1=0.8571, valid_roc_auc=0.9693, valid_pr_auc=0.8459
2026-08-22 05:04:03,615 - INFO - Epoch 20/50, loss=0.0017, train_acc=0.9997, train_precision=0.9449, train_recall=0.8482, train_f1=0.8939, train_roc_auc=0.9950, train_pr_auc=0.9101, valid_acc=0.9996, valid_precision=0.9524, valid_recall=0.8000, valid_f1=0.8696, valid_roc_auc=0.9653, valid_pr_auc=0.8472
2026-08-22 05:04:17,140 - INFO - Epoch 21: new best validation PR-AUC = 0.8540
2026-08-22 05:04:17,140 - INFO - Epoch 21/50, loss=0.0016, train_acc=0.9997, train_precision=0.9551, train_recall=0.8416, train_f1=0.8947, train_roc_auc=0.9957, train_pr_auc=0.9104, valid_acc=0.9995, valid_precision=1.0000, valid_recall=0.6933, valid_f1=0.8189, valid_roc_auc=0.9683, valid_pr_auc=0.8540
2026-08-22 05:04:30,314 - INFO - Epoch 22/50, loss=0.0017, train_acc=0.9997, train_precision=0.9416, train_recall=0.8515, train_f1=0.8943, train_roc_auc=0.9939, train_pr_auc=0.9086, valid_acc=0.9996, valid_precision=0.9516, valid_recall=0.7867, valid_f1=0.8613, valid_roc_auc=0.9673, valid_pr_auc=0.8517
2026-08-22 05:04:42,963 - INFO - Epoch 23: new best validation PR-AUC = 0.8554
2026-08-22 05:04:42,963 - INFO - Epoch 23/50, loss=0.0016, train_acc=0.9997, train_precision=0.9554, train_recall=0.8482, train_f1=0.8986, train_roc_auc=0.9953, train_pr_auc=0.9129, valid_acc=0.9996, valid_precision=0.9828, valid_recall=0.7600, valid_f1=0.8571, valid_roc_auc=0.9684, valid_pr_auc=0.8554
2026-08-22 05:04:55,680 - INFO - Epoch 24/50, loss=0.0016, train_acc=0.9997, train_precision=0.9520, train_recall=0.8515, train_f1=0.8990, train_roc_auc=0.9948, train_pr_auc=0.9170, valid_acc=0.9996, valid_precision=0.9672, valid_recall=0.7867, valid_f1=0.8676, valid_roc_auc=0.9653, valid_pr_auc=0.8501
2026-08-22 05:05:09,112 - INFO - Epoch 25/50, loss=0.0015, train_acc=0.9997, train_precision=0.9524, train_recall=0.8581, train_f1=0.9028, train_roc_auc=0.9959, train_pr_auc=0.9186, valid_acc=0.9995, valid_precision=0.9649, valid_recall=0.7333, valid_f1=0.8333, valid_roc_auc=0.9626, valid_pr_auc=0.8478
2026-08-22 05:05:22,825 - INFO - Epoch 26/50, loss=0.0015, train_acc=0.9997, train_precision=0.9588, train_recall=0.8449, train_f1=0.8982, train_roc_auc=0.9963, train_pr_auc=0.9215, valid_acc=0.9996, valid_precision=0.9833, valid_recall=0.7867, valid_f1=0.8741, valid_roc_auc=0.9667, valid_pr_auc=0.8483
2026-08-22 05:05:36,374 - INFO - Epoch 27/50, loss=0.0014, train_acc=0.9997, train_precision=0.9631, train_recall=0.8614, train_f1=0.9094, train_roc_auc=0.9951, train_pr_auc=0.9252, valid_acc=0.9996, valid_precision=0.9524, valid_recall=0.8000, valid_f1=0.8696, valid_roc_auc=0.9646, valid_pr_auc=0.8511
2026-08-22 05:05:48,513 - INFO - Epoch 28/50, loss=0.0014, train_acc=0.9997, train_precision=0.9562, train_recall=0.8647, train_f1=0.9081, train_roc_auc=0.9963, train_pr_auc=0.9268, valid_acc=0.9996, valid_precision=0.9828, valid_recall=0.7600, valid_f1=0.8571, valid_roc_auc=0.9610, valid_pr_auc=0.8472
2026-08-22 05:06:01,512 - INFO - Epoch 29/50, loss=0.0014, train_acc=0.9997, train_precision=0.9668, train_recall=0.8647, train_f1=0.9129, train_roc_auc=0.9966, train_pr_auc=0.9306, valid_acc=0.9996, valid_precision=0.9667, valid_recall=0.7733, valid_f1=0.8593, valid_roc_auc=0.9616, valid_pr_auc=0.8480
2026-08-22 05:06:15,101 - INFO - Epoch 30/50, loss=0.0013, train_acc=0.9997, train_precision=0.9700, train_recall=0.8548, train_f1=0.9088, train_roc_auc=0.9978, train_pr_auc=0.9306, valid_acc=0.9996, valid_precision=0.9516, valid_recall=0.7867, valid_f1=0.8613, valid_roc_auc=0.9631, valid_pr_auc=0.8516
2026-08-22 05:06:27,929 - INFO - Epoch 31/50, loss=0.0013, train_acc=0.9997, train_precision=0.9669, train_recall=0.8680, train_f1=0.9148, train_roc_auc=0.9982, train_pr_auc=0.9316, valid_acc=0.9996, valid_precision=0.9833, valid_recall=0.7867, valid_f1=0.8741, valid_roc_auc=0.9616, valid_pr_auc=0.8486
2026-08-22 05:06:40,920 - INFO - Epoch 32/50, loss=0.0013, train_acc=0.9997, train_precision=0.9664, train_recall=0.8548, train_f1=0.9072, train_roc_auc=0.9981, train_pr_auc=0.9347, valid_acc=0.9996, valid_precision=0.9516, valid_recall=0.7867, valid_f1=0.8613, valid_roc_auc=0.9614, valid_pr_auc=0.8484
2026-08-22 05:06:53,082 - INFO - Epoch 33/50, loss=0.0013, train_acc=0.9997, train_precision=0.9672, train_recall=0.8746, train_f1=0.9185, train_roc_auc=0.9982, train_pr_auc=0.9352, valid_acc=0.9996, valid_precision=0.9831, valid_recall=0.7733, valid_f1=0.8657, valid_roc_auc=0.9619, valid_pr_auc=0.8518
2026-08-22 05:07:05,747 - INFO - Epoch 34/50, loss=0.0012, train_acc=0.9997, train_precision=0.9672, train_recall=0.8746, train_f1=0.9185, train_roc_auc=0.9984, train_pr_auc=0.9376, valid_acc=0.9996, valid_precision=0.9833, valid_recall=0.7867, valid_f1=0.8741, valid_roc_auc=0.9617, valid_pr_auc=0.8490
2026-08-22 05:07:18,211 - INFO - Epoch 35/50, loss=0.0013, train_acc=0.9997, train_precision=0.9672, train_recall=0.8746, train_f1=0.9185, train_roc_auc=0.9973, train_pr_auc=0.9383, valid_acc=0.9996, valid_precision=0.9667, valid_recall=0.7733, valid_f1=0.8593, valid_roc_auc=0.9620, valid_pr_auc=0.8448
2026-08-22 05:07:31,027 - INFO - Epoch 36/50, loss=0.0012, train_acc=0.9997, train_precision=0.9740, train_recall=0.8647, train_f1=0.9161, train_roc_auc=0.9983, train_pr_auc=0.9399, valid_acc=0.9996, valid_precision=0.9672, valid_recall=0.7867, valid_f1=0.8676, valid_roc_auc=0.9625, valid_pr_auc=0.8488
2026-08-22 05:07:43,949 - INFO - Epoch 37/50, loss=0.0012, train_acc=0.9998, train_precision=0.9676, train_recall=0.8878, train_f1=0.9260, train_roc_auc=0.9983, train_pr_auc=0.9379, valid_acc=0.9996, valid_precision=0.9833, valid_recall=0.7867, valid_f1=0.8741, valid_roc_auc=0.9627, valid_pr_auc=0.8504
2026-08-22 05:07:56,334 - INFO - Epoch 38/50, loss=0.0013, train_acc=0.9997, train_precision=0.9667, train_recall=0.8614, train_f1=0.9110, train_roc_auc=0.9983, train_pr_auc=0.9364, valid_acc=0.9996, valid_precision=0.9833, valid_recall=0.7867, valid_f1=0.8741, valid_roc_auc=0.9608, valid_pr_auc=0.8487
2026-08-22 05:08:08,834 - INFO - Epoch 39/50, loss=0.0012, train_acc=0.9997, train_precision=0.9705, train_recall=0.8680, train_f1=0.9164, train_roc_auc=0.9986, train_pr_auc=0.9381, valid_acc=0.9996, valid_precision=0.9833, valid_recall=0.7867, valid_f1=0.8741, valid_roc_auc=0.9633, valid_pr_auc=0.8529
2026-08-22 05:08:21,887 - INFO - Epoch 40/50, loss=0.0012, train_acc=0.9997, train_precision=0.9742, train_recall=0.8713, train_f1=0.9199, train_roc_auc=0.9971, train_pr_auc=0.9393, valid_acc=0.9996, valid_precision=0.9672, valid_recall=0.7867, valid_f1=0.8676, valid_roc_auc=0.9643, valid_pr_auc=0.8520
2026-08-22 05:08:35,387 - INFO - Epoch 41/50, loss=0.0012, train_acc=0.9997, train_precision=0.9706, train_recall=0.8713, train_f1=0.9183, train_roc_auc=0.9974, train_pr_auc=0.9404, valid_acc=0.9996, valid_precision=0.9672, valid_recall=0.7867, valid_f1=0.8676, valid_roc_auc=0.9621, valid_pr_auc=0.8462
2026-08-22 05:08:48,082 - INFO - Epoch 42/50, loss=0.0012, train_acc=0.9998, train_precision=0.9675, train_recall=0.8845, train_f1=0.9241, train_roc_auc=0.9987, train_pr_auc=0.9394, valid_acc=0.9996, valid_precision=0.9833, valid_recall=0.7867, valid_f1=0.8741, valid_roc_auc=0.9615, valid_pr_auc=0.8484
2026-08-22 05:09:00,656 - INFO - Epoch 43/50, loss=0.0013, train_acc=0.9997, train_precision=0.9775, train_recall=0.8614, train_f1=0.9158, train_roc_auc=0.9985, train_pr_auc=0.9355, valid_acc=0.9996, valid_precision=0.9833, valid_recall=0.7867, valid_f1=0.8741, valid_roc_auc=0.9601, valid_pr_auc=0.8480
2026-08-22 05:09:14,089 - INFO - Epoch 44/50, loss=0.0012, train_acc=0.9998, train_precision=0.9675, train_recall=0.8845, train_f1=0.9241, train_roc_auc=0.9986, train_pr_auc=0.9400, valid_acc=0.9996, valid_precision=0.9833, valid_recall=0.7867, valid_f1=0.8741, valid_roc_auc=0.9610, valid_pr_auc=0.8509
2026-08-22 05:09:27,640 - INFO - Epoch 45/50, loss=0.0013, train_acc=0.9997, train_precision=0.9705, train_recall=0.8680, train_f1=0.9164, train_roc_auc=0.9971, train_pr_auc=0.9377, valid_acc=0.9996, valid_precision=0.9672, valid_recall=0.7867, valid_f1=0.8676, valid_roc_auc=0.9614, valid_pr_auc=0.8473
2026-08-22 05:09:41,122 - INFO - Epoch 46/50, loss=0.0012, train_acc=0.9997, train_precision=0.9600, train_recall=0.8713, train_f1=0.9135, train_roc_auc=0.9978, train_pr_auc=0.9424, valid_acc=0.9996, valid_precision=0.9672, valid_recall=0.7867, valid_f1=0.8676, valid_roc_auc=0.9610, valid_pr_auc=0.8460
2026-08-22 05:09:54,230 - INFO - Epoch 47/50, loss=0.0012, train_acc=0.9997, train_precision=0.9634, train_recall=0.8680, train_f1=0.9132, train_roc_auc=0.9981, train_pr_auc=0.9402, valid_acc=0.9996, valid_precision=0.9672, valid_recall=0.7867, valid_f1=0.8676, valid_roc_auc=0.9615, valid_pr_auc=0.8479
2026-08-22 05:10:07,980 - INFO - Epoch 48/50, loss=0.0012, train_acc=0.9998, train_precision=0.9743, train_recall=0.8746, train_f1=0.9217, train_roc_auc=0.9980, train_pr_auc=0.9391, valid_acc=0.9996, valid_precision=0.9833, valid_recall=0.7867, valid_f1=0.8741, valid_roc_auc=0.9615, valid_pr_auc=0.8484
2026-08-22 05:10:21,387 - INFO - Epoch 49/50, loss=0.0012, train_acc=0.9998, train_precision=0.9710, train_recall=0.8845, train_f1=0.9257, train_roc_auc=0.9983, train_pr_auc=0.9426, valid_acc=0.9996, valid_precision=0.9833, valid_recall=0.7867, valid_f1=0.8741, valid_roc_auc=0.9632, valid_pr_auc=0.8496
2026-08-22 05:10:34,639 - INFO - Epoch 50/50, loss=0.0012, train_acc=0.9997, train_precision=0.9668, train_recall=0.8647, train_f1=0.9129, train_roc_auc=0.9985, train_pr_auc=0.9378, valid_acc=0.9996, valid_precision=0.9833, valid_recall=0.7867, valid_f1=0.8741, valid_roc_auc=0.9618, valid_pr_auc=0.8479
2026-08-22 05:10:34,639 - INFO - Best epoch: 23
2026-08-22 05:10:34,639 - INFO - Best validation  PR-AUC:: 0.8554
2026-08-22 05:10:34,639 - INFO - Fold 1 results:
2026-08-22 05:10:34,639 - INFO - accuracy: 0.9996
2026-08-22 05:10:34,639 - INFO - f1: 0.8571
2026-08-22 05:10:34,639 - INFO - pr_auc: 0.8554
2026-08-22 05:10:34,639 - INFO - precision: 0.9828
2026-08-22 05:10:34,639 - INFO - recall: 0.7600
2026-08-22 05:10:34,639 - INFO - roc_auc: 0.9684
2026-08-22 05:10:34,639 - INFO - Model saved to models/fraud_model_index_4_fold_1.pth
2026-08-22 05:10:34,649 - INFO - 
========== Fold 2/5 ==========
2026-08-22 05:10:47,315 - INFO - Epoch 1: new best validation PR-AUC = 0.7382
2026-08-22 05:10:47,315 - INFO - Epoch 1/50, loss=0.0112, train_acc=0.9978, train_precision=0.2513, train_recall=0.1650, train_f1=0.1992, train_roc_auc=0.9524, train_pr_auc=0.2159, valid_acc=0.9994, valid_precision=0.8852, valid_recall=0.7200, valid_f1=0.7941, valid_roc_auc=0.9681, valid_pr_auc=0.7382
2026-08-22 05:10:59,238 - INFO - Epoch 2: new best validation PR-AUC = 0.7718
2026-08-22 05:10:59,238 - INFO - Epoch 2/50, loss=0.0032, train_acc=0.9993, train_precision=0.8166, train_recall=0.7789, train_f1=0.7973, train_roc_auc=0.9832, train_pr_auc=0.7002, valid_acc=0.9994, valid_precision=0.8889, valid_recall=0.7467, valid_f1=0.8116, valid_roc_auc=0.9773, valid_pr_auc=0.7718
2026-08-22 05:11:11,215 - INFO - Epoch 3: new best validation PR-AUC = 0.7912
2026-08-22 05:11:11,215 - INFO - Epoch 3/50, loss=0.0029, train_acc=0.9994, train_precision=0.8561, train_recall=0.7855, train_f1=0.8193, train_roc_auc=0.9859, train_pr_auc=0.7699, valid_acc=0.9994, valid_precision=0.8615, valid_recall=0.7467, valid_f1=0.8000, valid_roc_auc=0.9717, valid_pr_auc=0.7912
2026-08-22 05:11:23,231 - INFO - Epoch 4: new best validation PR-AUC = 0.8042
2026-08-22 05:11:23,231 - INFO - Epoch 4/50, loss=0.0028, train_acc=0.9994, train_precision=0.8459, train_recall=0.7789, train_f1=0.8110, train_roc_auc=0.9870, train_pr_auc=0.7760, valid_acc=0.9994, valid_precision=0.8657, valid_recall=0.7733, valid_f1=0.8169, valid_roc_auc=0.9766, valid_pr_auc=0.8042
2026-08-22 05:11:35,725 - INFO - Epoch 5: new best validation PR-AUC = 0.8173
2026-08-22 05:11:35,725 - INFO - Epoch 5/50, loss=0.0027, train_acc=0.9994, train_precision=0.8410, train_recall=0.7855, train_f1=0.8123, train_roc_auc=0.9877, train_pr_auc=0.7672, valid_acc=0.9995, valid_precision=0.8939, valid_recall=0.7867, valid_f1=0.8369, valid_roc_auc=0.9681, valid_pr_auc=0.8173
2026-08-22 05:11:48,335 - INFO - Epoch 6: new best validation PR-AUC = 0.8416
2026-08-22 05:11:48,336 - INFO - Epoch 6/50, loss=0.0027, train_acc=0.9994, train_precision=0.8445, train_recall=0.7888, train_f1=0.8157, train_roc_auc=0.9882, train_pr_auc=0.7983, valid_acc=0.9993, valid_precision=0.9783, valid_recall=0.6000, valid_f1=0.7438, valid_roc_auc=0.9756, valid_pr_auc=0.8416
2026-08-22 05:12:00,894 - INFO - Epoch 7: new best validation PR-AUC = 0.8493
2026-08-22 05:12:00,894 - INFO - Epoch 7/50, loss=0.0026, train_acc=0.9994, train_precision=0.8645, train_recall=0.7789, train_f1=0.8194, train_roc_auc=0.9899, train_pr_auc=0.8209, valid_acc=0.9994, valid_precision=0.9800, valid_recall=0.6533, valid_f1=0.7840, valid_roc_auc=0.9714, valid_pr_auc=0.8493
2026-08-22 05:12:13,214 - INFO - Epoch 8: new best validation PR-AUC = 0.8628
2026-08-22 05:12:13,214 - INFO - Epoch 8/50, loss=0.0025, train_acc=0.9994, train_precision=0.8657, train_recall=0.7657, train_f1=0.8126, train_roc_auc=0.9877, train_pr_auc=0.8348, valid_acc=0.9995, valid_precision=0.9194, valid_recall=0.7600, valid_f1=0.8321, valid_roc_auc=0.9741, valid_pr_auc=0.8628
2026-08-22 05:12:25,271 - INFO - Epoch 9/50, loss=0.0025, train_acc=0.9994, train_precision=0.8708, train_recall=0.7789, train_f1=0.8223, train_roc_auc=0.9896, train_pr_auc=0.8384, valid_acc=0.9995, valid_precision=0.9474, valid_recall=0.7200, valid_f1=0.8182, valid_roc_auc=0.9731, valid_pr_auc=0.8577
2026-08-22 05:12:37,303 - INFO - Epoch 10/50, loss=0.0024, train_acc=0.9995, train_precision=0.8806, train_recall=0.7789, train_f1=0.8266, train_roc_auc=0.9906, train_pr_auc=0.8504, valid_acc=0.9995, valid_precision=0.8824, valid_recall=0.8000, valid_f1=0.8392, valid_roc_auc=0.9779, valid_pr_auc=0.8602
2026-08-22 05:12:49,191 - INFO - Epoch 11: new best validation PR-AUC = 0.8659
2026-08-22 05:12:49,191 - INFO - Epoch 11/50, loss=0.0023, train_acc=0.9995, train_precision=0.8969, train_recall=0.7756, train_f1=0.8319, train_roc_auc=0.9910, train_pr_auc=0.8608, valid_acc=0.9995, valid_precision=0.8955, valid_recall=0.8000, valid_f1=0.8451, valid_roc_auc=0.9798, valid_pr_auc=0.8659
2026-08-22 05:13:02,127 - INFO - Epoch 12/50, loss=0.0023, train_acc=0.9995, train_precision=0.8939, train_recall=0.7789, train_f1=0.8325, train_roc_auc=0.9913, train_pr_auc=0.8630, valid_acc=0.9994, valid_precision=0.8571, valid_recall=0.8000, valid_f1=0.8276, valid_roc_auc=0.9775, valid_pr_auc=0.8589
2026-08-22 05:13:14,200 - INFO - Epoch 13/50, loss=0.0022, train_acc=0.9995, train_precision=0.8889, train_recall=0.7921, train_f1=0.8377, train_roc_auc=0.9911, train_pr_auc=0.8680, valid_acc=0.9995, valid_precision=0.9818, valid_recall=0.7200, valid_f1=0.8308, valid_roc_auc=0.9801, valid_pr_auc=0.8591
2026-08-22 05:13:25,936 - INFO - Epoch 14/50, loss=0.0022, train_acc=0.9995, train_precision=0.9300, train_recall=0.7888, train_f1=0.8536, train_roc_auc=0.9910, train_pr_auc=0.8735, valid_acc=0.9996, valid_precision=0.9508, valid_recall=0.7733, valid_f1=0.8529, valid_roc_auc=0.9771, valid_pr_auc=0.8650
2026-08-22 05:13:38,917 - INFO - Epoch 15: new best validation PR-AUC = 0.8685
2026-08-22 05:13:38,917 - INFO - Epoch 15/50, loss=0.0019, train_acc=0.9996, train_precision=0.9323, train_recall=0.8185, train_f1=0.8717, train_roc_auc=0.9937, train_pr_auc=0.8922, valid_acc=0.9996, valid_precision=0.9661, valid_recall=0.7600, valid_f1=0.8507, valid_roc_auc=0.9749, valid_pr_auc=0.8685
2026-08-22 05:13:51,301 - INFO - Epoch 16: new best validation PR-AUC = 0.8725
2026-08-22 05:13:51,301 - INFO - Epoch 16/50, loss=0.0018, train_acc=0.9996, train_precision=0.9577, train_recall=0.8218, train_f1=0.8845, train_roc_auc=0.9943, train_pr_auc=0.8998, valid_acc=0.9996, valid_precision=0.9254, valid_recall=0.8267, valid_f1=0.8732, valid_roc_auc=0.9790, valid_pr_auc=0.8725
2026-08-22 05:14:04,158 - INFO - Epoch 17: new best validation PR-AUC = 0.8747
2026-08-22 05:14:04,158 - INFO - Epoch 17/50, loss=0.0018, train_acc=0.9996, train_precision=0.9361, train_recall=0.8218, train_f1=0.8752, train_roc_auc=0.9946, train_pr_auc=0.8963, valid_acc=0.9996, valid_precision=0.9365, valid_recall=0.7867, valid_f1=0.8551, valid_roc_auc=0.9764, valid_pr_auc=0.8747
2026-08-22 05:14:15,876 - INFO - Epoch 18/50, loss=0.0018, train_acc=0.9996, train_precision=0.9430, train_recall=0.8185, train_f1=0.8763, train_roc_auc=0.9964, train_pr_auc=0.8986, valid_acc=0.9995, valid_precision=0.9643, valid_recall=0.7200, valid_f1=0.8244, valid_roc_auc=0.9755, valid_pr_auc=0.8671
2026-08-22 05:14:28,754 - INFO - Epoch 19/50, loss=0.0017, train_acc=0.9996, train_precision=0.9496, train_recall=0.8086, train_f1=0.8734, train_roc_auc=0.9958, train_pr_auc=0.9026, valid_acc=0.9995, valid_precision=0.9492, valid_recall=0.7467, valid_f1=0.8358, valid_roc_auc=0.9737, valid_pr_auc=0.8682
2026-08-22 05:14:41,236 - INFO - Epoch 20/50, loss=0.0017, train_acc=0.9996, train_precision=0.9394, train_recall=0.8185, train_f1=0.8748, train_roc_auc=0.9970, train_pr_auc=0.9083, valid_acc=0.9996, valid_precision=0.8986, valid_recall=0.8267, valid_f1=0.8611, valid_roc_auc=0.9764, valid_pr_auc=0.8671
2026-08-22 05:14:53,732 - INFO - Epoch 21/50, loss=0.0015, train_acc=0.9997, train_precision=0.9620, train_recall=0.8350, train_f1=0.8940, train_roc_auc=0.9973, train_pr_auc=0.9198, valid_acc=0.9996, valid_precision=0.9828, valid_recall=0.7600, valid_f1=0.8571, valid_roc_auc=0.9796, valid_pr_auc=0.8729
2026-08-22 05:15:06,464 - INFO - Epoch 22/50, loss=0.0015, train_acc=0.9996, train_precision=0.9474, train_recall=0.8317, train_f1=0.8858, train_roc_auc=0.9977, train_pr_auc=0.9223, valid_acc=0.9996, valid_precision=0.9831, valid_recall=0.7733, valid_f1=0.8657, valid_roc_auc=0.9788, valid_pr_auc=0.8667
2026-08-22 05:15:19,792 - INFO - Epoch 23: new best validation PR-AUC = 0.8768
2026-08-22 05:15:19,792 - INFO - Epoch 23/50, loss=0.0014, train_acc=0.9997, train_precision=0.9620, train_recall=0.8350, train_f1=0.8940, train_roc_auc=0.9981, train_pr_auc=0.9251, valid_acc=0.9996, valid_precision=0.9831, valid_recall=0.7733, valid_f1=0.8657, valid_roc_auc=0.9797, valid_pr_auc=0.8768
2026-08-22 05:15:33,407 - INFO - Epoch 24/50, loss=0.0014, train_acc=0.9997, train_precision=0.9449, train_recall=0.8482, train_f1=0.8939, train_roc_auc=0.9972, train_pr_auc=0.9243, valid_acc=0.9994, valid_precision=0.9808, valid_recall=0.6800, valid_f1=0.8031, valid_roc_auc=0.9765, valid_pr_auc=0.8720
2026-08-22 05:15:46,921 - INFO - Epoch 25: new best validation PR-AUC = 0.8786
2026-08-22 05:15:46,921 - INFO - Epoch 25/50, loss=0.0014, train_acc=0.9997, train_precision=0.9524, train_recall=0.8581, train_f1=0.9028, train_roc_auc=0.9981, train_pr_auc=0.9259, valid_acc=0.9995, valid_precision=0.9643, valid_recall=0.7200, valid_f1=0.8244, valid_roc_auc=0.9736, valid_pr_auc=0.8786
2026-08-22 05:15:59,747 - INFO - Epoch 26/50, loss=0.0014, train_acc=0.9997, train_precision=0.9522, train_recall=0.8548, train_f1=0.9009, train_roc_auc=0.9979, train_pr_auc=0.9322, valid_acc=0.9996, valid_precision=0.9828, valid_recall=0.7600, valid_f1=0.8571, valid_roc_auc=0.9809, valid_pr_auc=0.8663
2026-08-22 05:16:13,095 - INFO - Epoch 27/50, loss=0.0013, train_acc=0.9997, train_precision=0.9554, train_recall=0.8482, train_f1=0.8986, train_roc_auc=0.9983, train_pr_auc=0.9351, valid_acc=0.9995, valid_precision=0.9344, valid_recall=0.7600, valid_f1=0.8382, valid_roc_auc=0.9778, valid_pr_auc=0.8591
2026-08-22 05:16:26,070 - INFO - Epoch 28/50, loss=0.0014, train_acc=0.9997, train_precision=0.9665, train_recall=0.8581, train_f1=0.9091, train_roc_auc=0.9975, train_pr_auc=0.9291, valid_acc=0.9996, valid_precision=0.9365, valid_recall=0.7867, valid_f1=0.8551, valid_roc_auc=0.9806, valid_pr_auc=0.8689
2026-08-22 05:16:38,256 - INFO - Epoch 29/50, loss=0.0012, train_acc=0.9997, train_precision=0.9670, train_recall=0.8713, train_f1=0.9167, train_roc_auc=0.9982, train_pr_auc=0.9362, valid_acc=0.9996, valid_precision=0.9828, valid_recall=0.7600, valid_f1=0.8571, valid_roc_auc=0.9781, valid_pr_auc=0.8704
2026-08-22 05:16:50,130 - INFO - Epoch 30/50, loss=0.0012, train_acc=0.9997, train_precision=0.9701, train_recall=0.8581, train_f1=0.9107, train_roc_auc=0.9983, train_pr_auc=0.9402, valid_acc=0.9996, valid_precision=0.9833, valid_recall=0.7867, valid_f1=0.8741, valid_roc_auc=0.9774, valid_pr_auc=0.8770
2026-08-22 05:17:03,052 - INFO - Epoch 31/50, loss=0.0012, train_acc=0.9997, train_precision=0.9670, train_recall=0.8713, train_f1=0.9167, train_roc_auc=0.9987, train_pr_auc=0.9415, valid_acc=0.9996, valid_precision=0.9831, valid_recall=0.7733, valid_f1=0.8657, valid_roc_auc=0.9779, valid_pr_auc=0.8738
2026-08-22 05:17:16,288 - INFO - Epoch 32/50, loss=0.0011, train_acc=0.9997, train_precision=0.9707, train_recall=0.8746, train_f1=0.9201, train_roc_auc=0.9989, train_pr_auc=0.9482, valid_acc=0.9996, valid_precision=0.9831, valid_recall=0.7733, valid_f1=0.8657, valid_roc_auc=0.9744, valid_pr_auc=0.8728
2026-08-22 05:17:29,865 - INFO - Epoch 33/50, loss=0.0011, train_acc=0.9998, train_precision=0.9744, train_recall=0.8779, train_f1=0.9236, train_roc_auc=0.9991, train_pr_auc=0.9455, valid_acc=0.9995, valid_precision=0.9811, valid_recall=0.6933, valid_f1=0.8125, valid_roc_auc=0.9749, valid_pr_auc=0.8611
2026-08-22 05:17:43,490 - INFO - Epoch 34/50, loss=0.0011, train_acc=0.9997, train_precision=0.9706, train_recall=0.8713, train_f1=0.9183, train_roc_auc=0.9994, train_pr_auc=0.9511, valid_acc=0.9996, valid_precision=0.9828, valid_recall=0.7600, valid_f1=0.8571, valid_roc_auc=0.9763, valid_pr_auc=0.8695
2026-08-22 05:17:57,231 - INFO - Epoch 35/50, loss=0.0010, train_acc=0.9997, train_precision=0.9812, train_recall=0.8614, train_f1=0.9174, train_roc_auc=0.9993, train_pr_auc=0.9528, valid_acc=0.9996, valid_precision=0.9833, valid_recall=0.7867, valid_f1=0.8741, valid_roc_auc=0.9765, valid_pr_auc=0.8714
2026-08-22 05:18:10,053 - INFO - Epoch 36/50, loss=0.0010, train_acc=0.9997, train_precision=0.9742, train_recall=0.8713, train_f1=0.9199, train_roc_auc=0.9996, train_pr_auc=0.9499, valid_acc=0.9996, valid_precision=0.9828, valid_recall=0.7600, valid_f1=0.8571, valid_roc_auc=0.9759, valid_pr_auc=0.8679
2026-08-22 05:18:23,376 - INFO - Epoch 37/50, loss=0.0011, train_acc=0.9997, train_precision=0.9701, train_recall=0.8581, train_f1=0.9107, train_roc_auc=0.9995, train_pr_auc=0.9505, valid_acc=0.9996, valid_precision=0.9672, valid_recall=0.7867, valid_f1=0.8676, valid_roc_auc=0.9759, valid_pr_auc=0.8712
2026-08-22 05:18:36,128 - INFO - Epoch 38/50, loss=0.0010, train_acc=0.9997, train_precision=0.9707, train_recall=0.8746, train_f1=0.9201, train_roc_auc=0.9994, train_pr_auc=0.9542, valid_acc=0.9996, valid_precision=0.9831, valid_recall=0.7733, valid_f1=0.8657, valid_roc_auc=0.9766, valid_pr_auc=0.8711
2026-08-22 05:18:48,583 - INFO - Epoch 39/50, loss=0.0010, train_acc=0.9998, train_precision=0.9675, train_recall=0.8845, train_f1=0.9241, train_roc_auc=0.9995, train_pr_auc=0.9552, valid_acc=0.9996, valid_precision=0.9831, valid_recall=0.7733, valid_f1=0.8657, valid_roc_auc=0.9768, valid_pr_auc=0.8712
2026-08-22 05:19:00,451 - INFO - Epoch 40/50, loss=0.0010, train_acc=0.9998, train_precision=0.9779, train_recall=0.8779, train_f1=0.9252, train_roc_auc=0.9989, train_pr_auc=0.9536, valid_acc=0.9996, valid_precision=0.9831, valid_recall=0.7733, valid_f1=0.8657, valid_roc_auc=0.9760, valid_pr_auc=0.8698
2026-08-22 05:19:12,829 - INFO - Epoch 41/50, loss=0.0010, train_acc=0.9998, train_precision=0.9744, train_recall=0.8779, train_f1=0.9236, train_roc_auc=0.9995, train_pr_auc=0.9569, valid_acc=0.9996, valid_precision=0.9667, valid_recall=0.7733, valid_f1=0.8593, valid_roc_auc=0.9784, valid_pr_auc=0.8701
2026-08-22 05:19:26,307 - INFO - Epoch 42/50, loss=0.0010, train_acc=0.9997, train_precision=0.9707, train_recall=0.8746, train_f1=0.9201, train_roc_auc=0.9995, train_pr_auc=0.9554, valid_acc=0.9996, valid_precision=0.9831, valid_recall=0.7733, valid_f1=0.8657, valid_roc_auc=0.9758, valid_pr_auc=0.8702
2026-08-22 05:19:39,212 - INFO - Epoch 43/50, loss=0.0010, train_acc=0.9997, train_precision=0.9673, train_recall=0.8779, train_f1=0.9204, train_roc_auc=0.9993, train_pr_auc=0.9537, valid_acc=0.9996, valid_precision=0.9831, valid_recall=0.7733, valid_f1=0.8657, valid_roc_auc=0.9768, valid_pr_auc=0.8683
2026-08-22 05:19:52,081 - INFO - Epoch 44/50, loss=0.0010, train_acc=0.9998, train_precision=0.9782, train_recall=0.8878, train_f1=0.9308, train_roc_auc=0.9993, train_pr_auc=0.9594, valid_acc=0.9996, valid_precision=0.9831, valid_recall=0.7733, valid_f1=0.8657, valid_roc_auc=0.9753, valid_pr_auc=0.8707
2026-08-22 05:20:04,945 - INFO - Epoch 45/50, loss=0.0010, train_acc=0.9998, train_precision=0.9745, train_recall=0.8845, train_f1=0.9273, train_roc_auc=0.9994, train_pr_auc=0.9579, valid_acc=0.9996, valid_precision=0.9831, valid_recall=0.7733, valid_f1=0.8657, valid_roc_auc=0.9761, valid_pr_auc=0.8705
2026-08-22 05:20:18,654 - INFO - Epoch 46/50, loss=0.0010, train_acc=0.9998, train_precision=0.9710, train_recall=0.8845, train_f1=0.9257, train_roc_auc=0.9993, train_pr_auc=0.9523, valid_acc=0.9996, valid_precision=0.9828, valid_recall=0.7600, valid_f1=0.8571, valid_roc_auc=0.9747, valid_pr_auc=0.8686
2026-08-22 05:20:32,134 - INFO - Epoch 47/50, loss=0.0010, train_acc=0.9998, train_precision=0.9815, train_recall=0.8746, train_f1=0.9250, train_roc_auc=0.9992, train_pr_auc=0.9547, valid_acc=0.9996, valid_precision=0.9831, valid_recall=0.7733, valid_f1=0.8657, valid_roc_auc=0.9762, valid_pr_auc=0.8639
2026-08-22 05:20:45,463 - INFO - Epoch 48/50, loss=0.0010, train_acc=0.9997, train_precision=0.9741, train_recall=0.8680, train_f1=0.9180, train_roc_auc=0.9994, train_pr_auc=0.9563, valid_acc=0.9996, valid_precision=0.9672, valid_recall=0.7867, valid_f1=0.8676, valid_roc_auc=0.9766, valid_pr_auc=0.8728
2026-08-22 05:20:58,203 - INFO - Epoch 49/50, loss=0.0011, train_acc=0.9998, train_precision=0.9780, train_recall=0.8812, train_f1=0.9271, train_roc_auc=0.9990, train_pr_auc=0.9520, valid_acc=0.9995, valid_precision=0.9818, valid_recall=0.7200, valid_f1=0.8308, valid_roc_auc=0.9734, valid_pr_auc=0.8650
2026-08-22 05:21:10,522 - INFO - Epoch 50/50, loss=0.0010, train_acc=0.9998, train_precision=0.9817, train_recall=0.8845, train_f1=0.9306, train_roc_auc=0.9993, train_pr_auc=0.9541, valid_acc=0.9996, valid_precision=0.9831, valid_recall=0.7733, valid_f1=0.8657, valid_roc_auc=0.9746, valid_pr_auc=0.8710
2026-08-22 05:21:10,526 - INFO - Best epoch: 25
2026-08-22 05:21:10,526 - INFO - Best validation  PR-AUC:: 0.8786
2026-08-22 05:21:10,526 - INFO - Fold 2 results:
2026-08-22 05:21:10,526 - INFO - accuracy: 0.9995
2026-08-22 05:21:10,526 - INFO - f1: 0.8244
2026-08-22 05:21:10,526 - INFO - pr_auc: 0.8786
2026-08-22 05:21:10,526 - INFO - precision: 0.9643
2026-08-22 05:21:10,526 - INFO - recall: 0.7200
2026-08-22 05:21:10,526 - INFO - roc_auc: 0.9736
2026-08-22 05:21:10,526 - INFO - Model saved to models/fraud_model_index_4_fold_2.pth
2026-08-22 05:21:10,526 - INFO - 
========== Fold 3/5 ==========
2026-08-22 05:21:23,651 - INFO - Epoch 1: new best validation PR-AUC = 0.7103
2026-08-22 05:21:23,651 - INFO - Epoch 1/50, loss=0.0142, train_acc=0.9953, train_precision=0.0559, train_recall=0.1159, train_f1=0.0754, train_roc_auc=0.9461, train_pr_auc=0.1088, valid_acc=0.9992, valid_precision=0.8475, valid_recall=0.6579, valid_f1=0.7407, valid_roc_auc=0.9464, valid_pr_auc=0.7103
2026-08-22 05:21:36,871 - INFO - Epoch 2/50, loss=0.0030, train_acc=0.9994, train_precision=0.8408, train_recall=0.8046, train_f1=0.8223, train_roc_auc=0.9806, train_pr_auc=0.7335, valid_acc=0.9992, valid_precision=0.7969, valid_recall=0.6711, valid_f1=0.7286, valid_roc_auc=0.9816, valid_pr_auc=0.6946
2026-08-22 05:21:49,956 - INFO - Epoch 3/50, loss=0.0028, train_acc=0.9994, train_precision=0.8328, train_recall=0.8245, train_f1=0.8286, train_roc_auc=0.9814, train_pr_auc=0.7478, valid_acc=0.9991, valid_precision=0.7846, valid_recall=0.6711, valid_f1=0.7234, valid_roc_auc=0.9833, valid_pr_auc=0.6904
2026-08-22 05:22:03,449 - INFO - Epoch 4: new best validation PR-AUC = 0.7129
2026-08-22 05:22:03,449 - INFO - Epoch 4/50, loss=0.0026, train_acc=0.9994, train_precision=0.8472, train_recall=0.8079, train_f1=0.8271, train_roc_auc=0.9859, train_pr_auc=0.7857, valid_acc=0.9992, valid_precision=0.8448, valid_recall=0.6447, valid_f1=0.7313, valid_roc_auc=0.9837, valid_pr_auc=0.7129
2026-08-22 05:22:16,849 - INFO - Epoch 5: new best validation PR-AUC = 0.7198
2026-08-22 05:22:16,849 - INFO - Epoch 5/50, loss=0.0026, train_acc=0.9995, train_precision=0.8537, train_recall=0.8113, train_f1=0.8319, train_roc_auc=0.9837, train_pr_auc=0.7934, valid_acc=0.9992, valid_precision=0.7969, valid_recall=0.6711, valid_f1=0.7286, valid_roc_auc=0.9853, valid_pr_auc=0.7198
2026-08-22 05:22:30,035 - INFO - Epoch 6: new best validation PR-AUC = 0.7512
2026-08-22 05:22:30,035 - INFO - Epoch 6/50, loss=0.0024, train_acc=0.9995, train_precision=0.8700, train_recall=0.7980, train_f1=0.8325, train_roc_auc=0.9860, train_pr_auc=0.8367, valid_acc=0.9992, valid_precision=0.7969, valid_recall=0.6711, valid_f1=0.7286, valid_roc_auc=0.9802, valid_pr_auc=0.7512
2026-08-22 05:22:41,934 - INFO - Epoch 7/50, loss=0.0024, train_acc=0.9995, train_precision=0.8681, train_recall=0.8278, train_f1=0.8475, train_roc_auc=0.9875, train_pr_auc=0.8218, valid_acc=0.9993, valid_precision=0.9038, valid_recall=0.6184, valid_f1=0.7344, valid_roc_auc=0.9783, valid_pr_auc=0.7463
2026-08-22 05:22:54,499 - INFO - Epoch 8/50, loss=0.0023, train_acc=0.9995, train_precision=0.8763, train_recall=0.8212, train_f1=0.8479, train_roc_auc=0.9880, train_pr_auc=0.8557, valid_acc=0.9991, valid_precision=0.7937, valid_recall=0.6579, valid_f1=0.7194, valid_roc_auc=0.9831, valid_pr_auc=0.7275
2026-08-22 05:23:07,217 - INFO - Epoch 9/50, loss=0.0022, train_acc=0.9995, train_precision=0.8693, train_recall=0.8146, train_f1=0.8410, train_roc_auc=0.9890, train_pr_auc=0.8619, valid_acc=0.9992, valid_precision=0.8197, valid_recall=0.6579, valid_f1=0.7299, valid_roc_auc=0.9842, valid_pr_auc=0.7298
2026-08-22 05:23:21,034 - INFO - Epoch 10: new best validation PR-AUC = 0.7664
2026-08-22 05:23:21,034 - INFO - Epoch 10/50, loss=0.0021, train_acc=0.9995, train_precision=0.8861, train_recall=0.8245, train_f1=0.8542, train_roc_auc=0.9902, train_pr_auc=0.8791, valid_acc=0.9992, valid_precision=0.8571, valid_recall=0.6316, valid_f1=0.7273, valid_roc_auc=0.9891, valid_pr_auc=0.7664
2026-08-22 05:23:34,561 - INFO - Epoch 11/50, loss=0.0020, train_acc=0.9996, train_precision=0.9251, train_recall=0.8179, train_f1=0.8682, train_roc_auc=0.9899, train_pr_auc=0.8945, valid_acc=0.9992, valid_precision=0.8571, valid_recall=0.6316, valid_f1=0.7273, valid_roc_auc=0.9868, valid_pr_auc=0.7571
2026-08-22 05:23:47,436 - INFO - Epoch 12/50, loss=0.0019, train_acc=0.9996, train_precision=0.9222, train_recall=0.8245, train_f1=0.8706, train_roc_auc=0.9909, train_pr_auc=0.8983, valid_acc=0.9992, valid_precision=0.8226, valid_recall=0.6711, valid_f1=0.7391, valid_roc_auc=0.9858, valid_pr_auc=0.7575
2026-08-22 05:23:59,948 - INFO - Epoch 13/50, loss=0.0019, train_acc=0.9996, train_precision=0.9291, train_recall=0.8245, train_f1=0.8737, train_roc_auc=0.9931, train_pr_auc=0.8965, valid_acc=0.9992, valid_precision=0.8704, valid_recall=0.6184, valid_f1=0.7231, valid_roc_auc=0.9848, valid_pr_auc=0.7598
2026-08-22 05:24:12,496 - INFO - Epoch 14/50, loss=0.0017, train_acc=0.9996, train_precision=0.9363, train_recall=0.8278, train_f1=0.8787, train_roc_auc=0.9930, train_pr_auc=0.9093, valid_acc=0.9992, valid_precision=0.8333, valid_recall=0.6579, valid_f1=0.7353, valid_roc_auc=0.9871, valid_pr_auc=0.7612
2026-08-22 05:24:25,566 - INFO - Epoch 15: new best validation PR-AUC = 0.7677
2026-08-22 05:24:25,566 - INFO - Epoch 15/50, loss=0.0017, train_acc=0.9996, train_precision=0.9366, train_recall=0.8311, train_f1=0.8807, train_roc_auc=0.9943, train_pr_auc=0.9089, valid_acc=0.9993, valid_precision=0.9057, valid_recall=0.6316, valid_f1=0.7442, valid_roc_auc=0.9866, valid_pr_auc=0.7677
2026-08-22 05:24:38,827 - INFO - Epoch 16/50, loss=0.0016, train_acc=0.9997, train_precision=0.9586, train_recall=0.8444, train_f1=0.8979, train_roc_auc=0.9943, train_pr_auc=0.9137, valid_acc=0.9992, valid_precision=0.9020, valid_recall=0.6053, valid_f1=0.7244, valid_roc_auc=0.9863, valid_pr_auc=0.7627
2026-08-22 05:24:52,246 - INFO - Epoch 17/50, loss=0.0016, train_acc=0.9996, train_precision=0.9407, train_recall=0.8411, train_f1=0.8881, train_roc_auc=0.9947, train_pr_auc=0.9155, valid_acc=0.9993, valid_precision=0.8909, valid_recall=0.6447, valid_f1=0.7481, valid_roc_auc=0.9875, valid_pr_auc=0.7645
2026-08-22 05:25:04,562 - INFO - Epoch 18: new best validation PR-AUC = 0.7733
2026-08-22 05:25:04,562 - INFO - Epoch 18/50, loss=0.0016, train_acc=0.9997, train_precision=0.9509, train_recall=0.8344, train_f1=0.8889, train_roc_auc=0.9939, train_pr_auc=0.9133, valid_acc=0.9993, valid_precision=0.8889, valid_recall=0.6316, valid_f1=0.7385, valid_roc_auc=0.9861, valid_pr_auc=0.7733
2026-08-22 05:25:16,391 - INFO - Epoch 19/50, loss=0.0016, train_acc=0.9996, train_precision=0.9407, train_recall=0.8411, train_f1=0.8881, train_roc_auc=0.9954, train_pr_auc=0.9158, valid_acc=0.9993, valid_precision=0.8929, valid_recall=0.6579, valid_f1=0.7576, valid_roc_auc=0.9861, valid_pr_auc=0.7730
2026-08-22 05:25:28,408 - INFO - Epoch 20/50, loss=0.0016, train_acc=0.9997, train_precision=0.9451, train_recall=0.8543, train_f1=0.8974, train_roc_auc=0.9949, train_pr_auc=0.9182, valid_acc=0.9993, valid_precision=0.9074, valid_recall=0.6447, valid_f1=0.7538, valid_roc_auc=0.9779, valid_pr_auc=0.7590
2026-08-22 05:25:40,302 - INFO - Epoch 21/50, loss=0.0016, train_acc=0.9996, train_precision=0.9375, train_recall=0.8444, train_f1=0.8885, train_roc_auc=0.9960, train_pr_auc=0.9178, valid_acc=0.9993, valid_precision=0.9074, valid_recall=0.6447, valid_f1=0.7538, valid_roc_auc=0.9860, valid_pr_auc=0.7698
2026-08-22 05:25:52,515 - INFO - Epoch 22/50, loss=0.0015, train_acc=0.9997, train_precision=0.9559, train_recall=0.8609, train_f1=0.9059, train_roc_auc=0.9952, train_pr_auc=0.9245, valid_acc=0.9993, valid_precision=0.8909, valid_recall=0.6447, valid_f1=0.7481, valid_roc_auc=0.9847, valid_pr_auc=0.7710
2026-08-22 05:26:05,164 - INFO - Epoch 23/50, loss=0.0014, train_acc=0.9997, train_precision=0.9519, train_recall=0.8510, train_f1=0.8986, train_roc_auc=0.9959, train_pr_auc=0.9269, valid_acc=0.9993, valid_precision=0.8909, valid_recall=0.6447, valid_f1=0.7481, valid_roc_auc=0.9834, valid_pr_auc=0.7673
2026-08-22 05:26:18,696 - INFO - Epoch 24/50, loss=0.0015, train_acc=0.9997, train_precision=0.9560, train_recall=0.8642, train_f1=0.9078, train_roc_auc=0.9961, train_pr_auc=0.9250, valid_acc=0.9993, valid_precision=0.8889, valid_recall=0.6316, valid_f1=0.7385, valid_roc_auc=0.9808, valid_pr_auc=0.7681
2026-08-22 05:26:31,813 - INFO - Epoch 25/50, loss=0.0014, train_acc=0.9997, train_precision=0.9562, train_recall=0.8675, train_f1=0.9097, train_roc_auc=0.9960, train_pr_auc=0.9316, valid_acc=0.9993, valid_precision=0.8889, valid_recall=0.6316, valid_f1=0.7385, valid_roc_auc=0.9825, valid_pr_auc=0.7699
2026-08-22 05:26:43,530 - INFO - Epoch 26/50, loss=0.0014, train_acc=0.9997, train_precision=0.9596, train_recall=0.8642, train_f1=0.9094, train_roc_auc=0.9971, train_pr_auc=0.9300, valid_acc=0.9993, valid_precision=0.8909, valid_recall=0.6447, valid_f1=0.7481, valid_roc_auc=0.9796, valid_pr_auc=0.7675
2026-08-22 05:26:55,886 - INFO - Epoch 27/50, loss=0.0014, train_acc=0.9997, train_precision=0.9481, train_recall=0.8477, train_f1=0.8951, train_roc_auc=0.9971, train_pr_auc=0.9287, valid_acc=0.9992, valid_precision=0.9000, valid_recall=0.5921, valid_f1=0.7143, valid_roc_auc=0.9793, valid_pr_auc=0.7656
2026-08-22 05:27:08,478 - INFO - Epoch 28/50, loss=0.0014, train_acc=0.9997, train_precision=0.9559, train_recall=0.8609, train_f1=0.9059, train_roc_auc=0.9966, train_pr_auc=0.9324, valid_acc=0.9993, valid_precision=0.8909, valid_recall=0.6447, valid_f1=0.7481, valid_roc_auc=0.9797, valid_pr_auc=0.7695
2026-08-22 05:27:20,539 - INFO - Epoch 29/50, loss=0.0013, train_acc=0.9997, train_precision=0.9631, train_recall=0.8642, train_f1=0.9110, train_roc_auc=0.9971, train_pr_auc=0.9318, valid_acc=0.9993, valid_precision=0.8909, valid_recall=0.6447, valid_f1=0.7481, valid_roc_auc=0.9798, valid_pr_auc=0.7707
2026-08-22 05:27:33,641 - INFO - Epoch 30/50, loss=0.0013, train_acc=0.9997, train_precision=0.9562, train_recall=0.8675, train_f1=0.9097, train_roc_auc=0.9980, train_pr_auc=0.9340, valid_acc=0.9994, valid_precision=0.8983, valid_recall=0.6974, valid_f1=0.7852, valid_roc_auc=0.9794, valid_pr_auc=0.7661
2026-08-22 05:27:47,150 - INFO - Epoch 31/50, loss=0.0013, train_acc=0.9997, train_precision=0.9559, train_recall=0.8609, train_f1=0.9059, train_roc_auc=0.9974, train_pr_auc=0.9344, valid_acc=0.9993, valid_precision=0.8947, valid_recall=0.6711, valid_f1=0.7669, valid_roc_auc=0.9802, valid_pr_auc=0.7698
2026-08-22 05:27:59,502 - INFO - Epoch 32/50, loss=0.0013, train_acc=0.9997, train_precision=0.9597, train_recall=0.8675, train_f1=0.9113, train_roc_auc=0.9975, train_pr_auc=0.9376, valid_acc=0.9993, valid_precision=0.8909, valid_recall=0.6447, valid_f1=0.7481, valid_roc_auc=0.9809, valid_pr_auc=0.7712
2026-08-22 05:28:11,436 - INFO - Epoch 33/50, loss=0.0013, train_acc=0.9997, train_precision=0.9635, train_recall=0.8742, train_f1=0.9167, train_roc_auc=0.9969, train_pr_auc=0.9340, valid_acc=0.9993, valid_precision=0.8909, valid_recall=0.6447, valid_f1=0.7481, valid_roc_auc=0.9806, valid_pr_auc=0.7679
2026-08-22 05:28:24,354 - INFO - Epoch 34/50, loss=0.0013, train_acc=0.9997, train_precision=0.9597, train_recall=0.8675, train_f1=0.9113, train_roc_auc=0.9967, train_pr_auc=0.9358, valid_acc=0.9993, valid_precision=0.8929, valid_recall=0.6579, valid_f1=0.7576, valid_roc_auc=0.9789, valid_pr_auc=0.7713
2026-08-22 05:28:37,766 - INFO - Epoch 35/50, loss=0.0013, train_acc=0.9997, train_precision=0.9665, train_recall=0.8609, train_f1=0.9107, train_roc_auc=0.9968, train_pr_auc=0.9355, valid_acc=0.9993, valid_precision=0.8929, valid_recall=0.6579, valid_f1=0.7576, valid_roc_auc=0.9814, valid_pr_auc=0.7711
2026-08-22 05:28:51,374 - INFO - Epoch 36/50, loss=0.0013, train_acc=0.9997, train_precision=0.9668, train_recall=0.8675, train_f1=0.9145, train_roc_auc=0.9979, train_pr_auc=0.9340, valid_acc=0.9993, valid_precision=0.8909, valid_recall=0.6447, valid_f1=0.7481, valid_roc_auc=0.9786, valid_pr_auc=0.7702
2026-08-22 05:29:03,200 - INFO - Epoch 37/50, loss=0.0013, train_acc=0.9997, train_precision=0.9704, train_recall=0.8675, train_f1=0.9161, train_roc_auc=0.9976, train_pr_auc=0.9361, valid_acc=0.9993, valid_precision=0.8909, valid_recall=0.6447, valid_f1=0.7481, valid_roc_auc=0.9787, valid_pr_auc=0.7718
2026-08-22 05:29:14,953 - INFO - Epoch 38/50, loss=0.0013, train_acc=0.9997, train_precision=0.9634, train_recall=0.8709, train_f1=0.9148, train_roc_auc=0.9963, train_pr_auc=0.9353, valid_acc=0.9993, valid_precision=0.8909, valid_recall=0.6447, valid_f1=0.7481, valid_roc_auc=0.9778, valid_pr_auc=0.7693
2026-08-22 05:29:28,487 - INFO - Epoch 39/50, loss=0.0013, train_acc=0.9997, train_precision=0.9628, train_recall=0.8576, train_f1=0.9072, train_roc_auc=0.9968, train_pr_auc=0.9366, valid_acc=0.9993, valid_precision=0.8929, valid_recall=0.6579, valid_f1=0.7576, valid_roc_auc=0.9767, valid_pr_auc=0.7679
2026-08-22 05:29:41,965 - INFO - Epoch 40/50, loss=0.0013, train_acc=0.9997, train_precision=0.9667, train_recall=0.8642, train_f1=0.9126, train_roc_auc=0.9973, train_pr_auc=0.9356, valid_acc=0.9993, valid_precision=0.9057, valid_recall=0.6316, valid_f1=0.7442, valid_roc_auc=0.9814, valid_pr_auc=0.7712
2026-08-22 05:29:55,237 - INFO - Epoch 41/50, loss=0.0013, train_acc=0.9997, train_precision=0.9632, train_recall=0.8675, train_f1=0.9129, train_roc_auc=0.9978, train_pr_auc=0.9386, valid_acc=0.9993, valid_precision=0.8966, valid_recall=0.6842, valid_f1=0.7761, valid_roc_auc=0.9783, valid_pr_auc=0.7686
2026-08-22 05:30:08,360 - INFO - Epoch 42/50, loss=0.0013, train_acc=0.9997, train_precision=0.9567, train_recall=0.8775, train_f1=0.9154, train_roc_auc=0.9967, train_pr_auc=0.9354, valid_acc=0.9993, valid_precision=0.8929, valid_recall=0.6579, valid_f1=0.7576, valid_roc_auc=0.9757, valid_pr_auc=0.7683
2026-08-22 05:30:21,860 - INFO - Epoch 43/50, loss=0.0013, train_acc=0.9997, train_precision=0.9565, train_recall=0.8742, train_f1=0.9135, train_roc_auc=0.9971, train_pr_auc=0.9359, valid_acc=0.9993, valid_precision=0.8909, valid_recall=0.6447, valid_f1=0.7481, valid_roc_auc=0.9806, valid_pr_auc=0.7704
2026-08-22 05:30:34,500 - INFO - Epoch 44/50, loss=0.0013, train_acc=0.9997, train_precision=0.9667, train_recall=0.8642, train_f1=0.9126, train_roc_auc=0.9976, train_pr_auc=0.9378, valid_acc=0.9993, valid_precision=0.8909, valid_recall=0.6447, valid_f1=0.7481, valid_roc_auc=0.9807, valid_pr_auc=0.7708
2026-08-22 05:30:47,047 - INFO - Epoch 45/50, loss=0.0013, train_acc=0.9997, train_precision=0.9669, train_recall=0.8709, train_f1=0.9164, train_roc_auc=0.9974, train_pr_auc=0.9356, valid_acc=0.9993, valid_precision=0.8889, valid_recall=0.6316, valid_f1=0.7385, valid_roc_auc=0.9798, valid_pr_auc=0.7698
2026-08-22 05:30:59,041 - INFO - Epoch 46/50, loss=0.0013, train_acc=0.9997, train_precision=0.9597, train_recall=0.8675, train_f1=0.9113, train_roc_auc=0.9971, train_pr_auc=0.9367, valid_acc=0.9993, valid_precision=0.8909, valid_recall=0.6447, valid_f1=0.7481, valid_roc_auc=0.9806, valid_pr_auc=0.7684
2026-08-22 05:31:11,689 - INFO - Epoch 47/50, loss=0.0013, train_acc=0.9997, train_precision=0.9593, train_recall=0.8576, train_f1=0.9056, train_roc_auc=0.9978, train_pr_auc=0.9358, valid_acc=0.9993, valid_precision=0.8929, valid_recall=0.6579, valid_f1=0.7576, valid_roc_auc=0.9773, valid_pr_auc=0.7692
2026-08-22 05:31:25,420 - INFO - Epoch 48/50, loss=0.0013, train_acc=0.9997, train_precision=0.9704, train_recall=0.8675, train_f1=0.9161, train_roc_auc=0.9979, train_pr_auc=0.9374, valid_acc=0.9993, valid_precision=0.8909, valid_recall=0.6447, valid_f1=0.7481, valid_roc_auc=0.9765, valid_pr_auc=0.7689
2026-08-22 05:31:39,007 - INFO - Epoch 49/50, loss=0.0013, train_acc=0.9997, train_precision=0.9562, train_recall=0.8675, train_f1=0.9097, train_roc_auc=0.9971, train_pr_auc=0.9343, valid_acc=0.9993, valid_precision=0.8929, valid_recall=0.6579, valid_f1=0.7576, valid_roc_auc=0.9780, valid_pr_auc=0.7687
2026-08-22 05:31:52,573 - INFO - Epoch 50/50, loss=0.0013, train_acc=0.9997, train_precision=0.9634, train_recall=0.8709, train_f1=0.9148, train_roc_auc=0.9979, train_pr_auc=0.9390, valid_acc=0.9993, valid_precision=0.8929, valid_recall=0.6579, valid_f1=0.7576, valid_roc_auc=0.9797, valid_pr_auc=0.7686
2026-08-22 05:31:52,573 - INFO - Best epoch: 18
2026-08-22 05:31:52,573 - INFO - Best validation  PR-AUC:: 0.7733
2026-08-22 05:31:52,573 - INFO - Fold 3 results:
2026-08-22 05:31:52,573 - INFO - accuracy: 0.9993
2026-08-22 05:31:52,573 - INFO - f1: 0.7385
2026-08-22 05:31:52,573 - INFO - pr_auc: 0.7733
2026-08-22 05:31:52,573 - INFO - precision: 0.8889
2026-08-22 05:31:52,573 - INFO - recall: 0.6316
2026-08-22 05:31:52,573 - INFO - roc_auc: 0.9861
2026-08-22 05:31:52,573 - INFO - Model saved to models/fraud_model_index_4_fold_3.pth
2026-08-22 05:31:52,573 - INFO - 
========== Fold 4/5 ==========
2026-08-22 05:32:04,683 - INFO - Epoch 1: new best validation PR-AUC = 0.7179
2026-08-22 05:32:04,683 - INFO - Epoch 1/50, loss=0.0143, train_acc=0.9955, train_precision=0.0518, train_recall=0.0993, train_f1=0.0681, train_roc_auc=0.9434, train_pr_auc=0.0996, valid_acc=0.9994, valid_precision=0.8406, valid_recall=0.7632, valid_f1=0.8000, valid_roc_auc=0.9917, valid_pr_auc=0.7179
2026-08-22 05:32:17,693 - INFO - Epoch 2: new best validation PR-AUC = 0.7567
2026-08-22 05:32:17,693 - INFO - Epoch 2/50, loss=0.0034, train_acc=0.9993, train_precision=0.8435, train_recall=0.7318, train_f1=0.7837, train_roc_auc=0.9743, train_pr_auc=0.7029, valid_acc=0.9993, valid_precision=0.7738, valid_recall=0.8553, valid_f1=0.8125, valid_roc_auc=0.9900, valid_pr_auc=0.7567
2026-08-22 05:32:30,205 - INFO - Epoch 3: new best validation PR-AUC = 0.7654
2026-08-22 05:32:30,205 - INFO - Epoch 3/50, loss=0.0031, train_acc=0.9994, train_precision=0.8473, train_recall=0.7715, train_f1=0.8076, train_roc_auc=0.9785, train_pr_auc=0.7468, valid_acc=0.9993, valid_precision=0.7711, valid_recall=0.8421, valid_f1=0.8050, valid_roc_auc=0.9834, valid_pr_auc=0.7654
2026-08-22 05:32:43,536 - INFO - Epoch 4/50, loss=0.0029, train_acc=0.9994, train_precision=0.8459, train_recall=0.7815, train_f1=0.8124, train_roc_auc=0.9854, train_pr_auc=0.7377, valid_acc=0.9994, valid_precision=0.8615, valid_recall=0.7368, valid_f1=0.7943, valid_roc_auc=0.9785, valid_pr_auc=0.7389
2026-08-22 05:32:57,000 - INFO - Epoch 5/50, loss=0.0029, train_acc=0.9994, train_precision=0.8540, train_recall=0.7748, train_f1=0.8125, train_roc_auc=0.9850, train_pr_auc=0.7442, valid_acc=0.9994, valid_precision=0.7791, valid_recall=0.8816, valid_f1=0.8272, valid_roc_auc=0.9895, valid_pr_auc=0.7626
2026-08-22 05:33:09,223 - INFO - Epoch 6: new best validation PR-AUC = 0.7679
2026-08-22 05:33:09,223 - INFO - Epoch 6/50, loss=0.0028, train_acc=0.9994, train_precision=0.8545, train_recall=0.7781, train_f1=0.8146, train_roc_auc=0.9866, train_pr_auc=0.7622, valid_acc=0.9994, valid_precision=0.8182, valid_recall=0.8289, valid_f1=0.8235, valid_roc_auc=0.9838, valid_pr_auc=0.7679
2026-08-22 05:33:22,902 - INFO - Epoch 7: new best validation PR-AUC = 0.8118
2026-08-22 05:33:22,902 - INFO - Epoch 7/50, loss=0.0028, train_acc=0.9994, train_precision=0.8551, train_recall=0.7815, train_f1=0.8166, train_roc_auc=0.9882, train_pr_auc=0.7553, valid_acc=0.9994, valid_precision=0.8267, valid_recall=0.8158, valid_f1=0.8212, valid_roc_auc=0.9861, valid_pr_auc=0.8118
2026-08-22 05:33:36,157 - INFO - Epoch 8: new best validation PR-AUC = 0.8321
2026-08-22 05:33:36,159 - INFO - Epoch 8/50, loss=0.0027, train_acc=0.9994, train_precision=0.8741, train_recall=0.7815, train_f1=0.8252, train_roc_auc=0.9870, train_pr_auc=0.7807, valid_acc=0.9994, valid_precision=0.7927, valid_recall=0.8553, valid_f1=0.8228, valid_roc_auc=0.9848, valid_pr_auc=0.8321
2026-08-22 05:33:49,705 - INFO - Epoch 9: new best validation PR-AUC = 0.8525
2026-08-22 05:33:49,705 - INFO - Epoch 9/50, loss=0.0027, train_acc=0.9994, train_precision=0.8613, train_recall=0.7815, train_f1=0.8194, train_roc_auc=0.9885, train_pr_auc=0.7793, valid_acc=0.9994, valid_precision=0.8493, valid_recall=0.8158, valid_f1=0.8322, valid_roc_auc=0.9836, valid_pr_auc=0.8525
2026-08-22 05:34:03,285 - INFO - Epoch 10: new best validation PR-AUC = 0.8767
2026-08-22 05:34:03,287 - INFO - Epoch 10/50, loss=0.0026, train_acc=0.9994, train_precision=0.8625, train_recall=0.7682, train_f1=0.8126, train_roc_auc=0.9891, train_pr_auc=0.8005, valid_acc=0.9994, valid_precision=0.8148, valid_recall=0.8684, valid_f1=0.8408, valid_roc_auc=0.9854, valid_pr_auc=0.8767
2026-08-22 05:34:16,238 - INFO - Epoch 11/50, loss=0.0025, train_acc=0.9994, train_precision=0.8659, train_recall=0.7914, train_f1=0.8270, train_roc_auc=0.9926, train_pr_auc=0.8091, valid_acc=0.9994, valid_precision=0.8312, valid_recall=0.8421, valid_f1=0.8366, valid_roc_auc=0.9773, valid_pr_auc=0.8705
2026-08-22 05:34:29,454 - INFO - Epoch 12/50, loss=0.0025, train_acc=0.9994, train_precision=0.8635, train_recall=0.7748, train_f1=0.8168, train_roc_auc=0.9889, train_pr_auc=0.8274, valid_acc=0.9994, valid_precision=0.8025, valid_recall=0.8553, valid_f1=0.8280, valid_roc_auc=0.9829, valid_pr_auc=0.8729
2026-08-22 05:34:41,826 - INFO - Epoch 13/50, loss=0.0025, train_acc=0.9994, train_precision=0.8708, train_recall=0.7815, train_f1=0.8237, train_roc_auc=0.9913, train_pr_auc=0.8268, valid_acc=0.9995, valid_precision=0.8421, valid_recall=0.8421, valid_f1=0.8421, valid_roc_auc=0.9820, valid_pr_auc=0.8742
2026-08-22 05:34:54,594 - INFO - Epoch 14: new best validation PR-AUC = 0.8823
2026-08-22 05:34:54,594 - INFO - Epoch 14/50, loss=0.0023, train_acc=0.9994, train_precision=0.8686, train_recall=0.7881, train_f1=0.8264, train_roc_auc=0.9933, train_pr_auc=0.8588, valid_acc=0.9995, valid_precision=0.9219, valid_recall=0.7763, valid_f1=0.8429, valid_roc_auc=0.9814, valid_pr_auc=0.8823
2026-08-22 05:35:06,846 - INFO - Epoch 15/50, loss=0.0022, train_acc=0.9995, train_precision=0.8835, train_recall=0.7781, train_f1=0.8275, train_roc_auc=0.9935, train_pr_auc=0.8633, valid_acc=0.9994, valid_precision=0.8148, valid_recall=0.8684, valid_f1=0.8408, valid_roc_auc=0.9820, valid_pr_auc=0.8813
2026-08-22 05:35:19,138 - INFO - Epoch 16/50, loss=0.0021, train_acc=0.9995, train_precision=0.8930, train_recall=0.8013, train_f1=0.8447, train_roc_auc=0.9936, train_pr_auc=0.8766, valid_acc=0.9995, valid_precision=0.8442, valid_recall=0.8553, valid_f1=0.8497, valid_roc_auc=0.9819, valid_pr_auc=0.8813
2026-08-22 05:35:31,458 - INFO - Epoch 17/50, loss=0.0021, train_acc=0.9995, train_precision=0.9042, train_recall=0.7815, train_f1=0.8384, train_roc_auc=0.9941, train_pr_auc=0.8792, valid_acc=0.9996, valid_precision=0.9265, valid_recall=0.8289, valid_f1=0.8750, valid_roc_auc=0.9810, valid_pr_auc=0.8780
2026-08-22 05:35:44,505 - INFO - Epoch 18/50, loss=0.0019, train_acc=0.9996, train_precision=0.9179, train_recall=0.8146, train_f1=0.8632, train_roc_auc=0.9955, train_pr_auc=0.8936, valid_acc=0.9996, valid_precision=0.8904, valid_recall=0.8553, valid_f1=0.8725, valid_roc_auc=0.9796, valid_pr_auc=0.8811
2026-08-22 05:35:57,659 - INFO - Epoch 19: new best validation PR-AUC = 0.8845
2026-08-22 05:35:57,659 - INFO - Epoch 19/50, loss=0.0018, train_acc=0.9996, train_precision=0.9310, train_recall=0.8046, train_f1=0.8632, train_roc_auc=0.9960, train_pr_auc=0.8957, valid_acc=0.9996, valid_precision=0.9265, valid_recall=0.8289, valid_f1=0.8750, valid_roc_auc=0.9780, valid_pr_auc=0.8845
2026-08-22 05:36:09,601 - INFO - Epoch 20/50, loss=0.0019, train_acc=0.9996, train_precision=0.9341, train_recall=0.7980, train_f1=0.8607, train_roc_auc=0.9956, train_pr_auc=0.8963, valid_acc=0.9996, valid_precision=0.9275, valid_recall=0.8421, valid_f1=0.8828, valid_roc_auc=0.9793, valid_pr_auc=0.8823
2026-08-22 05:36:22,154 - INFO - Epoch 21/50, loss=0.0017, train_acc=0.9996, train_precision=0.9237, train_recall=0.8013, train_f1=0.8582, train_roc_auc=0.9969, train_pr_auc=0.9056, valid_acc=0.9996, valid_precision=0.9265, valid_recall=0.8289, valid_f1=0.8750, valid_roc_auc=0.9758, valid_pr_auc=0.8807
2026-08-22 05:36:34,449 - INFO - Epoch 22/50, loss=0.0017, train_acc=0.9996, train_precision=0.9537, train_recall=0.8179, train_f1=0.8806, train_roc_auc=0.9960, train_pr_auc=0.9049, valid_acc=0.9994, valid_precision=0.9180, valid_recall=0.7368, valid_f1=0.8175, valid_roc_auc=0.9783, valid_pr_auc=0.8712
2026-08-22 05:36:46,833 - INFO - Epoch 23/50, loss=0.0017, train_acc=0.9996, train_precision=0.9419, train_recall=0.8046, train_f1=0.8679, train_roc_auc=0.9953, train_pr_auc=0.9131, valid_acc=0.9996, valid_precision=0.9286, valid_recall=0.8553, valid_f1=0.8904, valid_roc_auc=0.9778, valid_pr_auc=0.8781
2026-08-22 05:36:59,638 - INFO - Epoch 24/50, loss=0.0016, train_acc=0.9997, train_precision=0.9615, train_recall=0.8278, train_f1=0.8897, train_roc_auc=0.9962, train_pr_auc=0.9163, valid_acc=0.9996, valid_precision=0.9028, valid_recall=0.8553, valid_f1=0.8784, valid_roc_auc=0.9766, valid_pr_auc=0.8790
2026-08-22 05:37:12,863 - INFO - Epoch 25/50, loss=0.0016, train_acc=0.9997, train_precision=0.9615, train_recall=0.8278, train_f1=0.8897, train_roc_auc=0.9969, train_pr_auc=0.9157, valid_acc=0.9996, valid_precision=0.9028, valid_recall=0.8553, valid_f1=0.8784, valid_roc_auc=0.9748, valid_pr_auc=0.8810
2026-08-22 05:37:26,319 - INFO - Epoch 26/50, loss=0.0015, train_acc=0.9997, train_precision=0.9725, train_recall=0.8212, train_f1=0.8905, train_roc_auc=0.9972, train_pr_auc=0.9205, valid_acc=0.9996, valid_precision=0.9286, valid_recall=0.8553, valid_f1=0.8904, valid_roc_auc=0.9758, valid_pr_auc=0.8790
2026-08-22 05:37:39,568 - INFO - Epoch 27/50, loss=0.0015, train_acc=0.9996, train_precision=0.9577, train_recall=0.8245, train_f1=0.8861, train_roc_auc=0.9971, train_pr_auc=0.9187, valid_acc=0.9996, valid_precision=0.9286, valid_recall=0.8553, valid_f1=0.8904, valid_roc_auc=0.9751, valid_pr_auc=0.8783
2026-08-22 05:37:51,483 - INFO - Epoch 28/50, loss=0.0015, train_acc=0.9997, train_precision=0.9691, train_recall=0.8311, train_f1=0.8948, train_roc_auc=0.9961, train_pr_auc=0.9176, valid_acc=0.9996, valid_precision=0.9265, valid_recall=0.8289, valid_f1=0.8750, valid_roc_auc=0.9755, valid_pr_auc=0.8753
2026-08-22 05:38:03,180 - INFO - Epoch 29/50, loss=0.0015, train_acc=0.9997, train_precision=0.9728, train_recall=0.8278, train_f1=0.8945, train_roc_auc=0.9965, train_pr_auc=0.9257, valid_acc=0.9996, valid_precision=0.9275, valid_recall=0.8421, valid_f1=0.8828, valid_roc_auc=0.9781, valid_pr_auc=0.8806
2026-08-22 05:38:15,079 - INFO - Epoch 30/50, loss=0.0015, train_acc=0.9997, train_precision=0.9549, train_recall=0.8411, train_f1=0.8944, train_roc_auc=0.9969, train_pr_auc=0.9249, valid_acc=0.9996, valid_precision=0.9254, valid_recall=0.8158, valid_f1=0.8671, valid_roc_auc=0.9736, valid_pr_auc=0.8801
2026-08-22 05:38:27,025 - INFO - Epoch 31/50, loss=0.0015, train_acc=0.9997, train_precision=0.9767, train_recall=0.8311, train_f1=0.8980, train_roc_auc=0.9967, train_pr_auc=0.9219, valid_acc=0.9996, valid_precision=0.9286, valid_recall=0.8553, valid_f1=0.8904, valid_roc_auc=0.9750, valid_pr_auc=0.8782
2026-08-22 05:38:38,858 - INFO - Epoch 32/50, loss=0.0015, train_acc=0.9997, train_precision=0.9689, train_recall=0.8245, train_f1=0.8909, train_roc_auc=0.9975, train_pr_auc=0.9244, valid_acc=0.9996, valid_precision=0.9275, valid_recall=0.8421, valid_f1=0.8828, valid_roc_auc=0.9736, valid_pr_auc=0.8757
2026-08-22 05:38:50,348 - INFO - Epoch 33/50, loss=0.0014, train_acc=0.9997, train_precision=0.9696, train_recall=0.8444, train_f1=0.9027, train_roc_auc=0.9979, train_pr_auc=0.9304, valid_acc=0.9996, valid_precision=0.9286, valid_recall=0.8553, valid_f1=0.8904, valid_roc_auc=0.9750, valid_pr_auc=0.8774
2026-08-22 05:39:02,752 - INFO - Epoch 34/50, loss=0.0015, train_acc=0.9996, train_precision=0.9474, train_recall=0.8344, train_f1=0.8873, train_roc_auc=0.9968, train_pr_auc=0.9254, valid_acc=0.9996, valid_precision=0.9265, valid_recall=0.8289, valid_f1=0.8750, valid_roc_auc=0.9742, valid_pr_auc=0.8765
2026-08-22 05:39:14,716 - INFO - Epoch 35/50, loss=0.0014, train_acc=0.9997, train_precision=0.9766, train_recall=0.8278, train_f1=0.8961, train_roc_auc=0.9968, train_pr_auc=0.9307, valid_acc=0.9996, valid_precision=0.9286, valid_recall=0.8553, valid_f1=0.8904, valid_roc_auc=0.9740, valid_pr_auc=0.8770
2026-08-22 05:39:26,560 - INFO - Epoch 36/50, loss=0.0014, train_acc=0.9997, train_precision=0.9768, train_recall=0.8377, train_f1=0.9020, train_roc_auc=0.9974, train_pr_auc=0.9261, valid_acc=0.9996, valid_precision=0.9275, valid_recall=0.8421, valid_f1=0.8828, valid_roc_auc=0.9746, valid_pr_auc=0.8762
2026-08-22 05:39:38,802 - INFO - Epoch 37/50, loss=0.0015, train_acc=0.9997, train_precision=0.9767, train_recall=0.8344, train_f1=0.9000, train_roc_auc=0.9974, train_pr_auc=0.9238, valid_acc=0.9996, valid_precision=0.9265, valid_recall=0.8289, valid_f1=0.8750, valid_roc_auc=0.9742, valid_pr_auc=0.8775
2026-08-22 05:39:51,394 - INFO - Epoch 38/50, loss=0.0014, train_acc=0.9997, train_precision=0.9656, train_recall=0.8377, train_f1=0.8972, train_roc_auc=0.9976, train_pr_auc=0.9245, valid_acc=0.9996, valid_precision=0.9275, valid_recall=0.8421, valid_f1=0.8828, valid_roc_auc=0.9761, valid_pr_auc=0.8762
2026-08-22 05:40:04,019 - INFO - Epoch 39/50, loss=0.0014, train_acc=0.9997, train_precision=0.9735, train_recall=0.8510, train_f1=0.9081, train_roc_auc=0.9978, train_pr_auc=0.9297, valid_acc=0.9996, valid_precision=0.9275, valid_recall=0.8421, valid_f1=0.8828, valid_roc_auc=0.9747, valid_pr_auc=0.8767
2026-08-22 05:40:16,939 - INFO - Epoch 40/50, loss=0.0014, train_acc=0.9997, train_precision=0.9769, train_recall=0.8411, train_f1=0.9039, train_roc_auc=0.9979, train_pr_auc=0.9260, valid_acc=0.9996, valid_precision=0.9275, valid_recall=0.8421, valid_f1=0.8828, valid_roc_auc=0.9729, valid_pr_auc=0.8765
2026-08-22 05:40:29,354 - INFO - Epoch 41/50, loss=0.0014, train_acc=0.9997, train_precision=0.9805, train_recall=0.8344, train_f1=0.9016, train_roc_auc=0.9977, train_pr_auc=0.9269, valid_acc=0.9996, valid_precision=0.9265, valid_recall=0.8289, valid_f1=0.8750, valid_roc_auc=0.9736, valid_pr_auc=0.8786
2026-08-22 05:40:41,517 - INFO - Epoch 42/50, loss=0.0014, train_acc=0.9997, train_precision=0.9729, train_recall=0.8311, train_f1=0.8964, train_roc_auc=0.9978, train_pr_auc=0.9271, valid_acc=0.9996, valid_precision=0.9275, valid_recall=0.8421, valid_f1=0.8828, valid_roc_auc=0.9730, valid_pr_auc=0.8773
2026-08-22 05:40:53,755 - INFO - Epoch 43/50, loss=0.0014, train_acc=0.9997, train_precision=0.9692, train_recall=0.8344, train_f1=0.8968, train_roc_auc=0.9977, train_pr_auc=0.9264, valid_acc=0.9996, valid_precision=0.9275, valid_recall=0.8421, valid_f1=0.8828, valid_roc_auc=0.9742, valid_pr_auc=0.8747
2026-08-22 05:41:05,622 - INFO - Epoch 44/50, loss=0.0015, train_acc=0.9997, train_precision=0.9730, train_recall=0.8344, train_f1=0.8984, train_roc_auc=0.9971, train_pr_auc=0.9244, valid_acc=0.9996, valid_precision=0.9275, valid_recall=0.8421, valid_f1=0.8828, valid_roc_auc=0.9748, valid_pr_auc=0.8755
2026-08-22 05:41:17,338 - INFO - Epoch 45/50, loss=0.0014, train_acc=0.9997, train_precision=0.9693, train_recall=0.8377, train_f1=0.8988, train_roc_auc=0.9977, train_pr_auc=0.9234, valid_acc=0.9996, valid_precision=0.9275, valid_recall=0.8421, valid_f1=0.8828, valid_roc_auc=0.9752, valid_pr_auc=0.8766
2026-08-22 05:41:29,322 - INFO - Epoch 46/50, loss=0.0014, train_acc=0.9997, train_precision=0.9653, train_recall=0.8278, train_f1=0.8913, train_roc_auc=0.9975, train_pr_auc=0.9281, valid_acc=0.9996, valid_precision=0.9275, valid_recall=0.8421, valid_f1=0.8828, valid_roc_auc=0.9747, valid_pr_auc=0.8750
2026-08-22 05:41:41,172 - INFO - Epoch 47/50, loss=0.0014, train_acc=0.9997, train_precision=0.9695, train_recall=0.8411, train_f1=0.9007, train_roc_auc=0.9976, train_pr_auc=0.9259, valid_acc=0.9996, valid_precision=0.9286, valid_recall=0.8553, valid_f1=0.8904, valid_roc_auc=0.9750, valid_pr_auc=0.8775
2026-08-22 05:41:53,354 - INFO - Epoch 48/50, loss=0.0014, train_acc=0.9997, train_precision=0.9693, train_recall=0.8377, train_f1=0.8988, train_roc_auc=0.9979, train_pr_auc=0.9278, valid_acc=0.9996, valid_precision=0.9275, valid_recall=0.8421, valid_f1=0.8828, valid_roc_auc=0.9737, valid_pr_auc=0.8751
2026-08-22 05:42:05,432 - INFO - Epoch 49/50, loss=0.0014, train_acc=0.9997, train_precision=0.9805, train_recall=0.8311, train_f1=0.8996, train_roc_auc=0.9979, train_pr_auc=0.9287, valid_acc=0.9996, valid_precision=0.9275, valid_recall=0.8421, valid_f1=0.8828, valid_roc_auc=0.9744, valid_pr_auc=0.8754
2026-08-22 05:42:19,176 - INFO - Epoch 50/50, loss=0.0014, train_acc=0.9997, train_precision=0.9545, train_recall=0.8344, train_f1=0.8905, train_roc_auc=0.9973, train_pr_auc=0.9293, valid_acc=0.9996, valid_precision=0.9286, valid_recall=0.8553, valid_f1=0.8904, valid_roc_auc=0.9744, valid_pr_auc=0.8751
2026-08-22 05:42:19,180 - INFO - Best epoch: 19
2026-08-22 05:42:19,180 - INFO - Best validation  PR-AUC:: 0.8845
2026-08-22 05:42:19,180 - INFO - Fold 4 results:
2026-08-22 05:42:19,180 - INFO - accuracy: 0.9996
2026-08-22 05:42:19,180 - INFO - f1: 0.8750
2026-08-22 05:42:19,180 - INFO - pr_auc: 0.8845
2026-08-22 05:42:19,180 - INFO - precision: 0.9265
2026-08-22 05:42:19,180 - INFO - recall: 0.8289
2026-08-22 05:42:19,180 - INFO - roc_auc: 0.9780
2026-08-22 05:42:19,180 - INFO - Model saved to models/fraud_model_index_4_fold_4.pth
2026-08-22 05:42:19,183 - INFO - 
========== Fold 5/5 ==========
2026-08-22 05:42:31,641 - INFO - Epoch 1: new best validation PR-AUC = 0.7746
2026-08-22 05:42:31,641 - INFO - Epoch 1/50, loss=0.0106, train_acc=0.9983, train_precision=0.4928, train_recall=0.2252, train_f1=0.3091, train_roc_auc=0.9513, train_pr_auc=0.3537, valid_acc=0.9995, valid_precision=0.8649, valid_recall=0.8421, valid_f1=0.8533, valid_roc_auc=0.9922, valid_pr_auc=0.7746
2026-08-22 05:42:44,368 - INFO - Epoch 2/50, loss=0.0033, train_acc=0.9994, train_precision=0.8417, train_recall=0.7748, train_f1=0.8069, train_roc_auc=0.9768, train_pr_auc=0.7256, valid_acc=0.9994, valid_precision=0.8148, valid_recall=0.8684, valid_f1=0.8408, valid_roc_auc=0.9959, valid_pr_auc=0.7618
2026-08-22 05:42:57,124 - INFO - Epoch 3: new best validation PR-AUC = 0.8101
2026-08-22 05:42:57,124 - INFO - Epoch 3/50, loss=0.0031, train_acc=0.9994, train_precision=0.8381, train_recall=0.7715, train_f1=0.8034, train_roc_auc=0.9794, train_pr_auc=0.7334, valid_acc=0.9994, valid_precision=0.8148, valid_recall=0.8684, valid_f1=0.8408, valid_roc_auc=0.9913, valid_pr_auc=0.8101
2026-08-22 05:43:09,306 - INFO - Epoch 4: new best validation PR-AUC = 0.8221
2026-08-22 05:43:09,306 - INFO - Epoch 4/50, loss=0.0030, train_acc=0.9994, train_precision=0.8577, train_recall=0.7781, train_f1=0.8160, train_roc_auc=0.9784, train_pr_auc=0.7418, valid_acc=0.9995, valid_precision=0.8421, valid_recall=0.8421, valid_f1=0.8421, valid_roc_auc=0.9965, valid_pr_auc=0.8221
2026-08-22 05:43:22,825 - INFO - Epoch 5: new best validation PR-AUC = 0.8508
2026-08-22 05:43:22,825 - INFO - Epoch 5/50, loss=0.0029, train_acc=0.9994, train_precision=0.8577, train_recall=0.7781, train_f1=0.8160, train_roc_auc=0.9824, train_pr_auc=0.7645, valid_acc=0.9994, valid_precision=0.8125, valid_recall=0.8553, valid_f1=0.8333, valid_roc_auc=0.9948, valid_pr_auc=0.8508
2026-08-22 05:43:36,147 - INFO - Epoch 6/50, loss=0.0028, train_acc=0.9994, train_precision=0.8478, train_recall=0.7748, train_f1=0.8097, train_roc_auc=0.9850, train_pr_auc=0.7932, valid_acc=0.9994, valid_precision=0.8148, valid_recall=0.8684, valid_f1=0.8408, valid_roc_auc=0.9935, valid_pr_auc=0.8282
2026-08-22 05:43:49,823 - INFO - Epoch 7: new best validation PR-AUC = 0.8548
2026-08-22 05:43:49,823 - INFO - Epoch 7/50, loss=0.0028, train_acc=0.9994, train_precision=0.8556, train_recall=0.7649, train_f1=0.8077, train_roc_auc=0.9863, train_pr_auc=0.8140, valid_acc=0.9995, valid_precision=0.8250, valid_recall=0.8684, valid_f1=0.8462, valid_roc_auc=0.9963, valid_pr_auc=0.8548
2026-08-22 05:44:02,353 - INFO - Epoch 8: new best validation PR-AUC = 0.8783
2026-08-22 05:44:02,353 - INFO - Epoch 8/50, loss=0.0027, train_acc=0.9994, train_precision=0.8582, train_recall=0.7815, train_f1=0.8180, train_roc_auc=0.9858, train_pr_auc=0.8249, valid_acc=0.9995, valid_precision=0.8553, valid_recall=0.8553, valid_f1=0.8553, valid_roc_auc=0.9956, valid_pr_auc=0.8783
2026-08-22 05:44:15,216 - INFO - Epoch 9/50, loss=0.0026, train_acc=0.9994, train_precision=0.8524, train_recall=0.7649, train_f1=0.8063, train_roc_auc=0.9865, train_pr_auc=0.8398, valid_acc=0.9995, valid_precision=0.8667, valid_recall=0.8553, valid_f1=0.8609, valid_roc_auc=0.9965, valid_pr_auc=0.8669
2026-08-22 05:44:27,373 - INFO - Epoch 10/50, loss=0.0025, train_acc=0.9995, train_precision=0.8859, train_recall=0.7715, train_f1=0.8248, train_roc_auc=0.9838, train_pr_auc=0.8499, valid_acc=0.9995, valid_precision=0.8354, valid_recall=0.8684, valid_f1=0.8516, valid_roc_auc=0.9916, valid_pr_auc=0.8734
2026-08-22 05:44:39,805 - INFO - Epoch 11/50, loss=0.0025, train_acc=0.9995, train_precision=0.8810, train_recall=0.7848, train_f1=0.8301, train_roc_auc=0.9841, train_pr_auc=0.8406, valid_acc=0.9995, valid_precision=0.8824, valid_recall=0.7895, valid_f1=0.8333, valid_roc_auc=0.9972, valid_pr_auc=0.8767
2026-08-22 05:44:52,074 - INFO - Epoch 12: new best validation PR-AUC = 0.8872
2026-08-22 05:44:52,074 - INFO - Epoch 12/50, loss=0.0023, train_acc=0.9995, train_precision=0.9060, train_recall=0.7980, train_f1=0.8486, train_roc_auc=0.9893, train_pr_auc=0.8660, valid_acc=0.9996, valid_precision=0.9028, valid_recall=0.8553, valid_f1=0.8784, valid_roc_auc=0.9964, valid_pr_auc=0.8872
2026-08-22 05:45:04,151 - INFO - Epoch 13/50, loss=0.0022, train_acc=0.9995, train_precision=0.9053, train_recall=0.7914, train_f1=0.8445, train_roc_auc=0.9886, train_pr_auc=0.8760, valid_acc=0.9995, valid_precision=0.8857, valid_recall=0.8158, valid_f1=0.8493, valid_roc_auc=0.9951, valid_pr_auc=0.8819
2026-08-22 05:45:16,420 - INFO - Epoch 14: new best validation PR-AUC = 0.8903
2026-08-22 05:45:16,420 - INFO - Epoch 14/50, loss=0.0021, train_acc=0.9996, train_precision=0.9278, train_recall=0.8079, train_f1=0.8637, train_roc_auc=0.9902, train_pr_auc=0.8835, valid_acc=0.9996, valid_precision=0.8904, valid_recall=0.8553, valid_f1=0.8725, valid_roc_auc=0.9972, valid_pr_auc=0.8903
2026-08-22 05:45:28,623 - INFO - Epoch 15: new best validation PR-AUC = 0.8904
2026-08-22 05:45:28,623 - INFO - Epoch 15/50, loss=0.0021, train_acc=0.9995, train_precision=0.9325, train_recall=0.7781, train_f1=0.8484, train_roc_auc=0.9918, train_pr_auc=0.8772, valid_acc=0.9996, valid_precision=0.9014, valid_recall=0.8421, valid_f1=0.8707, valid_roc_auc=0.9971, valid_pr_auc=0.8904
2026-08-22 05:45:40,881 - INFO - Epoch 16/50, loss=0.0020, train_acc=0.9996, train_precision=0.9142, train_recall=0.8113, train_f1=0.8596, train_roc_auc=0.9900, train_pr_auc=0.8847, valid_acc=0.9996, valid_precision=0.9167, valid_recall=0.8684, valid_f1=0.8919, valid_roc_auc=0.9965, valid_pr_auc=0.8880
2026-08-22 05:45:52,907 - INFO - Epoch 17/50, loss=0.0020, train_acc=0.9996, train_precision=0.9170, train_recall=0.8046, train_f1=0.8571, train_roc_auc=0.9931, train_pr_auc=0.8868, valid_acc=0.9996, valid_precision=0.8933, valid_recall=0.8816, valid_f1=0.8874, valid_roc_auc=0.9973, valid_pr_auc=0.8832
2026-08-22 05:46:05,223 - INFO - Epoch 18: new best validation PR-AUC = 0.8940
2026-08-22 05:46:05,223 - INFO - Epoch 18/50, loss=0.0019, train_acc=0.9996, train_precision=0.9326, train_recall=0.8245, train_f1=0.8752, train_roc_auc=0.9926, train_pr_auc=0.8897, valid_acc=0.9997, valid_precision=0.9559, valid_recall=0.8553, valid_f1=0.9028, valid_roc_auc=0.9933, valid_pr_auc=0.8940
2026-08-22 05:46:17,420 - INFO - Epoch 19/50, loss=0.0019, train_acc=0.9996, train_precision=0.9344, train_recall=0.8013, train_f1=0.8627, train_roc_auc=0.9936, train_pr_auc=0.8917, valid_acc=0.9996, valid_precision=0.9394, valid_recall=0.8158, valid_f1=0.8732, valid_roc_auc=0.9968, valid_pr_auc=0.8925
2026-08-22 05:46:30,336 - INFO - Epoch 20/50, loss=0.0019, train_acc=0.9996, train_precision=0.9272, train_recall=0.8013, train_f1=0.8597, train_roc_auc=0.9937, train_pr_auc=0.8897, valid_acc=0.9996, valid_precision=0.9155, valid_recall=0.8553, valid_f1=0.8844, valid_roc_auc=0.9958, valid_pr_auc=0.8875
2026-08-22 05:46:42,848 - INFO - Epoch 21/50, loss=0.0019, train_acc=0.9996, train_precision=0.9392, train_recall=0.8179, train_f1=0.8743, train_roc_auc=0.9949, train_pr_auc=0.8936, valid_acc=0.9996, valid_precision=0.9394, valid_recall=0.8158, valid_f1=0.8732, valid_roc_auc=0.9960, valid_pr_auc=0.8859
2026-08-22 05:46:55,173 - INFO - Epoch 22/50, loss=0.0017, train_acc=0.9996, train_precision=0.9474, train_recall=0.8344, train_f1=0.8873, train_roc_auc=0.9942, train_pr_auc=0.9060, valid_acc=0.9996, valid_precision=0.9412, valid_recall=0.8421, valid_f1=0.8889, valid_roc_auc=0.9973, valid_pr_auc=0.8914
2026-08-22 05:47:07,486 - INFO - Epoch 23: new best validation PR-AUC = 0.8959
2026-08-22 05:47:07,486 - INFO - Epoch 23/50, loss=0.0017, train_acc=0.9996, train_precision=0.9436, train_recall=0.8311, train_f1=0.8838, train_roc_auc=0.9957, train_pr_auc=0.9093, valid_acc=0.9996, valid_precision=0.9155, valid_recall=0.8553, valid_f1=0.8844, valid_roc_auc=0.9975, valid_pr_auc=0.8959
2026-08-22 05:47:19,935 - INFO - Epoch 24/50, loss=0.0016, train_acc=0.9997, train_precision=0.9446, train_recall=0.8477, train_f1=0.8935, train_roc_auc=0.9945, train_pr_auc=0.9164, valid_acc=0.9996, valid_precision=0.8919, valid_recall=0.8684, valid_f1=0.8800, valid_roc_auc=0.9942, valid_pr_auc=0.8938
2026-08-22 05:47:32,948 - INFO - Epoch 25/50, loss=0.0016, train_acc=0.9997, train_precision=0.9483, train_recall=0.8510, train_f1=0.8970, train_roc_auc=0.9968, train_pr_auc=0.9108, valid_acc=0.9996, valid_precision=0.9041, valid_recall=0.8684, valid_f1=0.8859, valid_roc_auc=0.9953, valid_pr_auc=0.8899
2026-08-22 05:47:46,667 - INFO - Epoch 26/50, loss=0.0016, train_acc=0.9996, train_precision=0.9438, train_recall=0.8344, train_f1=0.8858, train_roc_auc=0.9965, train_pr_auc=0.9140, valid_acc=0.9996, valid_precision=0.9412, valid_recall=0.8421, valid_f1=0.8889, valid_roc_auc=0.9958, valid_pr_auc=0.8914
2026-08-22 05:47:59,636 - INFO - Epoch 27/50, loss=0.0015, train_acc=0.9997, train_precision=0.9663, train_recall=0.8543, train_f1=0.9069, train_roc_auc=0.9973, train_pr_auc=0.9204, valid_acc=0.9996, valid_precision=0.9403, valid_recall=0.8289, valid_f1=0.8811, valid_roc_auc=0.9967, valid_pr_auc=0.8946
2026-08-22 05:48:12,525 - INFO - Epoch 28/50, loss=0.0014, train_acc=0.9997, train_precision=0.9590, train_recall=0.8510, train_f1=0.9018, train_roc_auc=0.9968, train_pr_auc=0.9229, valid_acc=0.9997, valid_precision=0.9692, valid_recall=0.8289, valid_f1=0.8936, valid_roc_auc=0.9952, valid_pr_auc=0.8914
2026-08-22 05:48:25,511 - INFO - Epoch 29/50, loss=0.0014, train_acc=0.9997, train_precision=0.9667, train_recall=0.8642, train_f1=0.9126, train_roc_auc=0.9978, train_pr_auc=0.9302, valid_acc=0.9996, valid_precision=0.9403, valid_recall=0.8289, valid_f1=0.8811, valid_roc_auc=0.9966, valid_pr_auc=0.8943
2026-08-22 05:48:38,650 - INFO - Epoch 30/50, loss=0.0013, train_acc=0.9997, train_precision=0.9663, train_recall=0.8543, train_f1=0.9069, train_roc_auc=0.9981, train_pr_auc=0.9315, valid_acc=0.9996, valid_precision=0.9275, valid_recall=0.8421, valid_f1=0.8828, valid_roc_auc=0.9961, valid_pr_auc=0.8932
2026-08-22 05:48:50,253 - INFO - Epoch 31/50, loss=0.0014, train_acc=0.9997, train_precision=0.9591, train_recall=0.8543, train_f1=0.9037, train_roc_auc=0.9979, train_pr_auc=0.9259, valid_acc=0.9996, valid_precision=0.9412, valid_recall=0.8421, valid_f1=0.8889, valid_roc_auc=0.9962, valid_pr_auc=0.8936
2026-08-22 05:49:02,494 - INFO - Epoch 32/50, loss=0.0014, train_acc=0.9997, train_precision=0.9662, train_recall=0.8510, train_f1=0.9049, train_roc_auc=0.9976, train_pr_auc=0.9275, valid_acc=0.9996, valid_precision=0.9412, valid_recall=0.8421, valid_f1=0.8889, valid_roc_auc=0.9952, valid_pr_auc=0.8947
2026-08-22 05:49:14,534 - INFO - Epoch 33/50, loss=0.0013, train_acc=0.9997, train_precision=0.9668, train_recall=0.8675, train_f1=0.9145, train_roc_auc=0.9985, train_pr_auc=0.9312, valid_acc=0.9996, valid_precision=0.9275, valid_recall=0.8421, valid_f1=0.8828, valid_roc_auc=0.9962, valid_pr_auc=0.8953
2026-08-22 05:49:26,323 - INFO - Epoch 34/50, loss=0.0013, train_acc=0.9997, train_precision=0.9597, train_recall=0.8675, train_f1=0.9113, train_roc_auc=0.9985, train_pr_auc=0.9279, valid_acc=0.9996, valid_precision=0.9412, valid_recall=0.8421, valid_f1=0.8889, valid_roc_auc=0.9960, valid_pr_auc=0.8941
2026-08-22 05:49:38,842 - INFO - Epoch 35/50, loss=0.0013, train_acc=0.9997, train_precision=0.9659, train_recall=0.8444, train_f1=0.9011, train_roc_auc=0.9988, train_pr_auc=0.9296, valid_acc=0.9996, valid_precision=0.9403, valid_recall=0.8289, valid_f1=0.8811, valid_roc_auc=0.9965, valid_pr_auc=0.8957
2026-08-22 05:49:52,077 - INFO - Epoch 36/50, loss=0.0013, train_acc=0.9998, train_precision=0.9850, train_recall=0.8675, train_f1=0.9225, train_roc_auc=0.9987, train_pr_auc=0.9335, valid_acc=0.9996, valid_precision=0.9403, valid_recall=0.8289, valid_f1=0.8811, valid_roc_auc=0.9963, valid_pr_auc=0.8943
2026-08-22 05:50:05,302 - INFO - Epoch 37/50, loss=0.0013, train_acc=0.9997, train_precision=0.9736, train_recall=0.8543, train_f1=0.9101, train_roc_auc=0.9974, train_pr_auc=0.9351, valid_acc=0.9996, valid_precision=0.9412, valid_recall=0.8421, valid_f1=0.8889, valid_roc_auc=0.9956, valid_pr_auc=0.8944
2026-08-22 05:50:18,622 - INFO - Epoch 38/50, loss=0.0012, train_acc=0.9998, train_precision=0.9813, train_recall=0.8709, train_f1=0.9228, train_roc_auc=0.9988, train_pr_auc=0.9347, valid_acc=0.9996, valid_precision=0.9412, valid_recall=0.8421, valid_f1=0.8889, valid_roc_auc=0.9957, valid_pr_auc=0.8947
2026-08-22 05:50:31,989 - INFO - Epoch 39: new best validation PR-AUC = 0.8973
2026-08-22 05:50:31,989 - INFO - Epoch 39/50, loss=0.0013, train_acc=0.9997, train_precision=0.9667, train_recall=0.8642, train_f1=0.9126, train_roc_auc=0.9964, train_pr_auc=0.9333, valid_acc=0.9996, valid_precision=0.9143, valid_recall=0.8421, valid_f1=0.8767, valid_roc_auc=0.9964, valid_pr_auc=0.8973
2026-08-22 05:50:44,268 - INFO - Epoch 40/50, loss=0.0013, train_acc=0.9997, train_precision=0.9599, train_recall=0.8709, train_f1=0.9132, train_roc_auc=0.9983, train_pr_auc=0.9352, valid_acc=0.9996, valid_precision=0.9412, valid_recall=0.8421, valid_f1=0.8889, valid_roc_auc=0.9965, valid_pr_auc=0.8940
2026-08-22 05:50:56,369 - INFO - Epoch 41/50, loss=0.0012, train_acc=0.9998, train_precision=0.9777, train_recall=0.8709, train_f1=0.9212, train_roc_auc=0.9987, train_pr_auc=0.9356, valid_acc=0.9996, valid_precision=0.9403, valid_recall=0.8289, valid_f1=0.8811, valid_roc_auc=0.9957, valid_pr_auc=0.8938
2026-08-22 05:51:09,439 - INFO - Epoch 42/50, loss=0.0012, train_acc=0.9997, train_precision=0.9739, train_recall=0.8642, train_f1=0.9158, train_roc_auc=0.9987, train_pr_auc=0.9353, valid_acc=0.9996, valid_precision=0.9412, valid_recall=0.8421, valid_f1=0.8889, valid_roc_auc=0.9965, valid_pr_auc=0.8940
2026-08-22 05:51:22,478 - INFO - Epoch 43/50, loss=0.0013, train_acc=0.9997, train_precision=0.9738, train_recall=0.8609, train_f1=0.9139, train_roc_auc=0.9981, train_pr_auc=0.9342, valid_acc=0.9996, valid_precision=0.9412, valid_recall=0.8421, valid_f1=0.8889, valid_roc_auc=0.9964, valid_pr_auc=0.8958
2026-08-22 05:51:34,552 - INFO - Epoch 44/50, loss=0.0013, train_acc=0.9997, train_precision=0.9634, train_recall=0.8709, train_f1=0.9148, train_roc_auc=0.9988, train_pr_auc=0.9332, valid_acc=0.9996, valid_precision=0.9412, valid_recall=0.8421, valid_f1=0.8889, valid_roc_auc=0.9960, valid_pr_auc=0.8948
2026-08-22 05:51:47,917 - INFO - Epoch 45/50, loss=0.0013, train_acc=0.9997, train_precision=0.9739, train_recall=0.8642, train_f1=0.9158, train_roc_auc=0.9986, train_pr_auc=0.9338, valid_acc=0.9996, valid_precision=0.9412, valid_recall=0.8421, valid_f1=0.8889, valid_roc_auc=0.9959, valid_pr_auc=0.8939
2026-08-22 05:52:00,732 - INFO - Epoch 46/50, loss=0.0013, train_acc=0.9997, train_precision=0.9704, train_recall=0.8675, train_f1=0.9161, train_roc_auc=0.9986, train_pr_auc=0.9337, valid_acc=0.9996, valid_precision=0.9412, valid_recall=0.8421, valid_f1=0.8889, valid_roc_auc=0.9964, valid_pr_auc=0.8959
2026-08-22 05:52:13,802 - INFO - Epoch 47/50, loss=0.0012, train_acc=0.9997, train_precision=0.9740, train_recall=0.8675, train_f1=0.9177, train_roc_auc=0.9991, train_pr_auc=0.9378, valid_acc=0.9996, valid_precision=0.9275, valid_recall=0.8421, valid_f1=0.8828, valid_roc_auc=0.9964, valid_pr_auc=0.8963
2026-08-22 05:52:27,061 - INFO - Epoch 48/50, loss=0.0013, train_acc=0.9997, train_precision=0.9738, train_recall=0.8609, train_f1=0.9139, train_roc_auc=0.9984, train_pr_auc=0.9353, valid_acc=0.9996, valid_precision=0.9403, valid_recall=0.8289, valid_f1=0.8811, valid_roc_auc=0.9963, valid_pr_auc=0.8941
2026-08-22 05:52:39,407 - INFO - Epoch 49/50, loss=0.0012, train_acc=0.9997, train_precision=0.9704, train_recall=0.8675, train_f1=0.9161, train_roc_auc=0.9988, train_pr_auc=0.9363, valid_acc=0.9996, valid_precision=0.9545, valid_recall=0.8289, valid_f1=0.8873, valid_roc_auc=0.9961, valid_pr_auc=0.8970
2026-08-22 05:52:51,218 - INFO - Epoch 50: new best validation PR-AUC = 0.8975
2026-08-22 05:52:51,218 - INFO - Epoch 50/50, loss=0.0013, train_acc=0.9998, train_precision=0.9742, train_recall=0.8742, train_f1=0.9215, train_roc_auc=0.9990, train_pr_auc=0.9338, valid_acc=0.9996, valid_precision=0.9412, valid_recall=0.8421, valid_f1=0.8889, valid_roc_auc=0.9958, valid_pr_auc=0.8975
2026-08-22 05:52:51,218 - INFO - Best epoch: 50
2026-08-22 05:52:51,218 - INFO - Best validation  PR-AUC:: 0.8975
2026-08-22 05:52:51,218 - INFO - Fold 5 results:
2026-08-22 05:52:51,218 - INFO - accuracy: 0.9996
2026-08-22 05:52:51,218 - INFO - f1: 0.8889
2026-08-22 05:52:51,218 - INFO - pr_auc: 0.8975
2026-08-22 05:52:51,218 - INFO - precision: 0.9412
2026-08-22 05:52:51,218 - INFO - recall: 0.8421
2026-08-22 05:52:51,218 - INFO - roc_auc: 0.9958
2026-08-22 05:52:51,218 - INFO - Model saved to models/fraud_model_index_4_fold_5.pth
